-- ====================================================================
-- SCRIPT GENERATED FOR HUST E-COMMERCE DATABASE SYSTEM
-- ====================================================================

-- 1. INSERT DATA FOR ROLES
INSERT INTO roles (role_id, role_name) VALUES (1, 'Customer') ON CONFLICT DO NOTHING;
INSERT INTO roles (role_id, role_name) VALUES (2, 'Seller') ON CONFLICT DO NOTHING;
INSERT INTO roles (role_id, role_name) VALUES (3, 'Admin') ON CONFLICT DO NOTHING;

-- 2. INSERT DATA FOR USERS
INSERT INTO users (user_id, username, email, password, first_name, last_name, phone, date_of_birth, created_at, deleted) VALUES (1, 'customer_1_60d', 'khoa.dao1@gmail.com', '$2b$12$eImiTxAk4vmMUL85vKH6He7mclMx4fB.XyA796Lfi9999G5vE.n2OB304A383F6', 'Khoa', 'Dao', '0869 051 640', '2005-10-20', '2025-08-29 12:52:00', FALSE);
INSERT INTO users (user_id, username, email, password, first_name, last_name, phone, date_of_birth, created_at, deleted) VALUES (2, 'customer_2_91d', 'thao.pham2@gmail.com', '$2b$12$eImiTxAk4vmMUL85vKH6He7mclMx4fB.XyA796Lfi9999G5vE.n2O5E1B5F1366', 'Thao', 'Pham', '0866 114 170', '2007-08-07', '2025-09-27 01:39:50', FALSE);
INSERT INTO users (user_id, username, email, password, first_name, last_name, phone, date_of_birth, created_at, deleted) VALUES (3, 'customer_3_774', 'tung.phan3@gmail.com', '$2b$12$eImiTxAk4vmMUL85vKH6He7mclMx4fB.XyA796Lfi9999G5vE.n2OA67994D0ED', 'Tung', 'Phan', '0188 676 4856', '2007-06-15', '2025-11-27 05:21:36', FALSE);
INSERT INTO users (user_id, username, email, password, first_name, last_name, phone, date_of_birth, created_at, deleted) VALUES (4, 'customer_4_3b1', 'hoang.ha4@gmail.com', '$2b$12$eImiTxAk4vmMUL85vKH6He7mclMx4fB.XyA796Lfi9999G5vE.n2O5880F5E015', 'Hoang', 'Ha', '0883 117 567', '2004-01-23', '2025-08-31 02:40:07', FALSE);
INSERT INTO users (user_id, username, email, password, first_name, last_name, phone, date_of_birth, created_at, deleted) VALUES (5, 'customer_5_c64', 'quy.hoang5@gmail.com', '$2b$12$eImiTxAk4vmMUL85vKH6He7mclMx4fB.XyA796Lfi9999G5vE.n2O5FB6D02DCA', 'Quy', 'Hoang', '0188 277 6698', '2008-04-14', '2025-12-16 12:52:43', FALSE);
INSERT INTO users (user_id, username, email, password, first_name, last_name, phone, date_of_birth, created_at, deleted) VALUES (6, 'customer_6_7ab', 'van.quach6@gmail.com', '$2b$12$eImiTxAk4vmMUL85vKH6He7mclMx4fB.XyA796Lfi9999G5vE.n2O5BD2C4B239', 'Van', 'Quach', '0868 481 071', '2004-03-11', '2025-12-09 22:23:42', FALSE);
INSERT INTO users (user_id, username, email, password, first_name, last_name, phone, date_of_birth, created_at, deleted) VALUES (7, 'customer_7_642', 'truc.dinh7@gmail.com', '$2b$12$eImiTxAk4vmMUL85vKH6He7mclMx4fB.XyA796Lfi9999G5vE.n2OC231AD6AFB', 'Truc', 'Dinh', '0162 866 4969', '2001-03-08', '2025-11-12 07:57:22', FALSE);
INSERT INTO users (user_id, username, email, password, first_name, last_name, phone, date_of_birth, created_at, deleted) VALUES (8, 'customer_8_66b', 'vinh.vu8@gmail.com', '$2b$12$eImiTxAk4vmMUL85vKH6He7mclMx4fB.XyA796Lfi9999G5vE.n2OD9A711E95C', 'Vinh', 'Vu', '0167 143 7901', '2000-10-14', '2025-09-04 05:06:14', FALSE);
INSERT INTO users (user_id, username, email, password, first_name, last_name, phone, date_of_birth, created_at, deleted) VALUES (9, 'customer_9_b63', 'dinh.bui9@gmail.com', '$2b$12$eImiTxAk4vmMUL85vKH6He7mclMx4fB.XyA796Lfi9999G5vE.n2OA06ABACC4B', 'Dinh', 'Bui', '0164 497 4316', '2002-10-05', '2025-09-27 03:54:04', FALSE);
INSERT INTO users (user_id, username, email, password, first_name, last_name, phone, date_of_birth, created_at, deleted) VALUES (10, 'customer_10_02c', 'bac.ly10@gmail.com', '$2b$12$eImiTxAk4vmMUL85vKH6He7mclMx4fB.XyA796Lfi9999G5vE.n2O71FABFCEA1', 'Bac', 'Ly', '0165 513 2804', '2005-05-16', '2026-01-15 21:59:02', FALSE);
INSERT INTO users (user_id, username, email, password, first_name, last_name, phone, date_of_birth, created_at, deleted) VALUES (11, 'customer_11_f3c', 'minh.bach11@gmail.com', '$2b$12$eImiTxAk4vmMUL85vKH6He7mclMx4fB.XyA796Lfi9999G5vE.n2O403982B0F8', 'Minh', 'Bach', '0167 046 6811', '2001-03-08', '2026-03-28 01:43:53', FALSE);
INSERT INTO users (user_id, username, email, password, first_name, last_name, phone, date_of_birth, created_at, deleted) VALUES (12, 'customer_12_def', 'tuan.truong12@gmail.com', '$2b$12$eImiTxAk4vmMUL85vKH6He7mclMx4fB.XyA796Lfi9999G5vE.n2O44C1728414', 'Tuan', 'Truong', '0165 891 9442', '2006-04-10', '2026-04-17 15:19:02', FALSE);
INSERT INTO users (user_id, username, email, password, first_name, last_name, phone, date_of_birth, created_at, deleted) VALUES (13, 'customer_13_81c', 'mai.luong13@gmail.com', '$2b$12$eImiTxAk4vmMUL85vKH6He7mclMx4fB.XyA796Lfi9999G5vE.n2O26C6594A37', 'Mai', 'Luong', '0165 018 2109', '2000-10-04', '2025-07-23 06:43:20', FALSE);
INSERT INTO users (user_id, username, email, password, first_name, last_name, phone, date_of_birth, created_at, deleted) VALUES (14, 'customer_14_413', 'thu.trinh14@gmail.com', '$2b$12$eImiTxAk4vmMUL85vKH6He7mclMx4fB.XyA796Lfi9999G5vE.n2O365CFEA4E3', 'Thu', 'Trinh', '0866 460 119', '2004-09-22', '2025-12-07 00:23:56', FALSE);
INSERT INTO users (user_id, username, email, password, first_name, last_name, phone, date_of_birth, created_at, deleted) VALUES (15, 'customer_15_7a0', 'ngan.bach15@gmail.com', '$2b$12$eImiTxAk4vmMUL85vKH6He7mclMx4fB.XyA796Lfi9999G5vE.n2O5D359118EB', 'Ngan', 'Bach', '0162 501 9355', '2001-10-13', '2025-12-20 05:39:58', FALSE);
INSERT INTO users (user_id, username, email, password, first_name, last_name, phone, date_of_birth, created_at, deleted) VALUES (16, 'customer_16_b5c', 'khoa.doan16@gmail.com', '$2b$12$eImiTxAk4vmMUL85vKH6He7mclMx4fB.XyA796Lfi9999G5vE.n2OCED1812853', 'Khoa', 'Doan', '0948 552 121', '2000-10-24', '2026-05-07 07:29:01', FALSE);
INSERT INTO users (user_id, username, email, password, first_name, last_name, phone, date_of_birth, created_at, deleted) VALUES (17, 'customer_17_fb9', 'hieu.trinh17@gmail.com', '$2b$12$eImiTxAk4vmMUL85vKH6He7mclMx4fB.XyA796Lfi9999G5vE.n2OBF37A33CE8', 'Hieu', 'Trinh', '0169 580 7688', '2002-10-18', '2026-03-22 23:04:00', FALSE);
INSERT INTO users (user_id, username, email, password, first_name, last_name, phone, date_of_birth, created_at, deleted) VALUES (18, 'customer_18_3e6', 'hieu.doan18@gmail.com', '$2b$12$eImiTxAk4vmMUL85vKH6He7mclMx4fB.XyA796Lfi9999G5vE.n2O01B699E692', 'Hieu', 'Doan', '0164 104 4879', '2000-06-27', '2026-01-06 20:17:18', FALSE);
INSERT INTO users (user_id, username, email, password, first_name, last_name, phone, date_of_birth, created_at, deleted) VALUES (19, 'customer_19_483', 'dao.luong19@gmail.com', '$2b$12$eImiTxAk4vmMUL85vKH6He7mclMx4fB.XyA796Lfi9999G5vE.n2O387BE63AC6', 'Dao', 'Luong', '0166 627 8006', '2001-01-21', '2025-07-28 03:28:13', FALSE);
INSERT INTO users (user_id, username, email, password, first_name, last_name, phone, date_of_birth, created_at, deleted) VALUES (20, 'customer_20_f46', 'ha.vu20@gmail.com', '$2b$12$eImiTxAk4vmMUL85vKH6He7mclMx4fB.XyA796Lfi9999G5vE.n2O8D20BA5F0B', 'Ha', 'Vu', '0868 963 579', '2006-04-20', '2025-08-06 21:53:10', FALSE);
INSERT INTO users (user_id, username, email, password, first_name, last_name, phone, date_of_birth, created_at, deleted) VALUES (21, 'customer_21_710', 'chi.pham21@gmail.com', '$2b$12$eImiTxAk4vmMUL85vKH6He7mclMx4fB.XyA796Lfi9999G5vE.n2OC67B1EFC33', 'Chi', 'Pham', '0964 478 796', '2003-09-15', '2025-08-11 16:19:30', FALSE);
INSERT INTO users (user_id, username, email, password, first_name, last_name, phone, date_of_birth, created_at, deleted) VALUES (22, 'customer_22_43a', 'thinh.luong22@gmail.com', '$2b$12$eImiTxAk4vmMUL85vKH6He7mclMx4fB.XyA796Lfi9999G5vE.n2OF75A2E4638', 'Thinh', 'Luong', '0186 344 9686', '2003-02-20', '2025-07-01 16:18:56', FALSE);
INSERT INTO users (user_id, username, email, password, first_name, last_name, phone, date_of_birth, created_at, deleted) VALUES (23, 'customer_23_c09', 'hieu.pham23@gmail.com', '$2b$12$eImiTxAk4vmMUL85vKH6He7mclMx4fB.XyA796Lfi9999G5vE.n2O2577AA38CB', 'Hieu', 'Pham', '0166 408 7274', '2000-10-09', '2025-11-05 09:26:16', FALSE);
INSERT INTO users (user_id, username, email, password, first_name, last_name, phone, date_of_birth, created_at, deleted) VALUES (24, 'customer_24_710', 'hieu.quach24@gmail.com', '$2b$12$eImiTxAk4vmMUL85vKH6He7mclMx4fB.XyA796Lfi9999G5vE.n2O8030DC31F5', 'Hieu', 'Quach', '0866 738 390', '2000-08-05', '2025-11-12 07:15:01', FALSE);
INSERT INTO users (user_id, username, email, password, first_name, last_name, phone, date_of_birth, created_at, deleted) VALUES (25, 'customer_25_578', 'linh.ha25@gmail.com', '$2b$12$eImiTxAk4vmMUL85vKH6He7mclMx4fB.XyA796Lfi9999G5vE.n2OA7E93F2DE0', 'Linh', 'Ha', '0866 299 707', '2000-08-15', '2025-10-18 12:58:13', FALSE);
INSERT INTO users (user_id, username, email, password, first_name, last_name, phone, date_of_birth, created_at, deleted) VALUES (26, 'customer_26_d99', 'quang.ha26@gmail.com', '$2b$12$eImiTxAk4vmMUL85vKH6He7mclMx4fB.XyA796Lfi9999G5vE.n2O264417413D', 'Quang', 'Ha', '0163 833 2808', '2008-01-24', '2026-05-16 00:57:08', FALSE);
INSERT INTO users (user_id, username, email, password, first_name, last_name, phone, date_of_birth, created_at, deleted) VALUES (27, 'customer_27_2c1', 'thu.doan27@gmail.com', '$2b$12$eImiTxAk4vmMUL85vKH6He7mclMx4fB.XyA796Lfi9999G5vE.n2OB3DB3D2B79', 'Thu', 'Doan', '0167 941 6321', '2003-06-10', '2025-10-24 09:31:17', FALSE);
INSERT INTO users (user_id, username, email, password, first_name, last_name, phone, date_of_birth, created_at, deleted) VALUES (28, 'customer_28_894', 'thao.pham28@gmail.com', '$2b$12$eImiTxAk4vmMUL85vKH6He7mclMx4fB.XyA796Lfi9999G5vE.n2OE6279B83E0', 'Thao', 'Pham', '0186 992 7164', '2003-02-23', '2026-03-01 12:23:21', FALSE);
INSERT INTO users (user_id, username, email, password, first_name, last_name, phone, date_of_birth, created_at, deleted) VALUES (29, 'customer_29_175', 'phuong.pham29@gmail.com', '$2b$12$eImiTxAk4vmMUL85vKH6He7mclMx4fB.XyA796Lfi9999G5vE.n2OAC0C10607D', 'Phuong', 'Pham', '0199 881 3360', '2004-05-19', '2025-09-13 20:41:18', FALSE);
INSERT INTO users (user_id, username, email, password, first_name, last_name, phone, date_of_birth, created_at, deleted) VALUES (30, 'customer_30_641', 'chi.pham30@gmail.com', '$2b$12$eImiTxAk4vmMUL85vKH6He7mclMx4fB.XyA796Lfi9999G5vE.n2O34B0D79985', 'Chi', 'Pham', '0165 581 8811', '2007-12-08', '2026-04-11 22:03:29', FALSE);
INSERT INTO users (user_id, username, email, password, first_name, last_name, phone, date_of_birth, created_at, deleted) VALUES (31, 'customer_31_ed9', 'linh.bui31@gmail.com', '$2b$12$eImiTxAk4vmMUL85vKH6He7mclMx4fB.XyA796Lfi9999G5vE.n2OBAFAB3B29F', 'Linh', 'Bui', '0186 556 2773', '2007-06-11', '2026-02-12 19:37:58', FALSE);
INSERT INTO users (user_id, username, email, password, first_name, last_name, phone, date_of_birth, created_at, deleted) VALUES (32, 'customer_32_363', 'quang.pham32@gmail.com', '$2b$12$eImiTxAk4vmMUL85vKH6He7mclMx4fB.XyA796Lfi9999G5vE.n2OAE4F12F269', 'Quang', 'Pham', '0168 129 1393', '2006-01-25', '2025-06-25 14:07:45', FALSE);
INSERT INTO users (user_id, username, email, password, first_name, last_name, phone, date_of_birth, created_at, deleted) VALUES (33, 'customer_33_e9b', 'hong.vuong33@gmail.com', '$2b$12$eImiTxAk4vmMUL85vKH6He7mclMx4fB.XyA796Lfi9999G5vE.n2OEAB3521331', 'Hong', 'Vuong', '0168 538 3653', '2008-02-20', '2026-04-09 00:41:58', FALSE);
INSERT INTO users (user_id, username, email, password, first_name, last_name, phone, date_of_birth, created_at, deleted) VALUES (34, 'customer_34_eb0', 'phuong.dang34@gmail.com', '$2b$12$eImiTxAk4vmMUL85vKH6He7mclMx4fB.XyA796Lfi9999G5vE.n2O804A0A9794', 'Phuong', 'Dang', '0199 105 8577', '2007-02-22', '2026-02-23 06:01:06', FALSE);
INSERT INTO users (user_id, username, email, password, first_name, last_name, phone, date_of_birth, created_at, deleted) VALUES (35, 'customer_35_f08', 'phan.ha35@gmail.com', '$2b$12$eImiTxAk4vmMUL85vKH6He7mclMx4fB.XyA796Lfi9999G5vE.n2OC431BE7E19', 'Phan', 'Ha', '0883 374 822', '2005-11-24', '2025-06-27 01:01:26', FALSE);
INSERT INTO users (user_id, username, email, password, first_name, last_name, phone, date_of_birth, created_at, deleted) VALUES (36, 'customer_36_c8c', 'hong.dang36@gmail.com', '$2b$12$eImiTxAk4vmMUL85vKH6He7mclMx4fB.XyA796Lfi9999G5vE.n2OADA29884FC', 'Hong', 'Dang', '0125 461 7422', '2003-04-08', '2025-08-31 14:27:48', FALSE);
INSERT INTO users (user_id, username, email, password, first_name, last_name, phone, date_of_birth, created_at, deleted) VALUES (37, 'customer_37_6e8', 'phuong.ho37@gmail.com', '$2b$12$eImiTxAk4vmMUL85vKH6He7mclMx4fB.XyA796Lfi9999G5vE.n2OEDF650D3D2', 'Phuong', 'Ho', '0186 353 0600', '2006-01-31', '2026-01-10 08:16:14', FALSE);
INSERT INTO users (user_id, username, email, password, first_name, last_name, phone, date_of_birth, created_at, deleted) VALUES (38, 'customer_38_ad3', 'trang.ho38@gmail.com', '$2b$12$eImiTxAk4vmMUL85vKH6He7mclMx4fB.XyA796Lfi9999G5vE.n2OB22D9AB64B', 'Trang', 'Ho', '0165 510 1462', '2003-10-19', '2026-01-18 10:17:01', FALSE);
INSERT INTO users (user_id, username, email, password, first_name, last_name, phone, date_of_birth, created_at, deleted) VALUES (39, 'customer_39_3c9', 'khoa.dang39@gmail.com', '$2b$12$eImiTxAk4vmMUL85vKH6He7mclMx4fB.XyA796Lfi9999G5vE.n2O39D2F37EB0', 'Khoa', 'Dang', '0166 510 8859', '2006-06-28', '2025-11-18 04:54:06', FALSE);
INSERT INTO users (user_id, username, email, password, first_name, last_name, phone, date_of_birth, created_at, deleted) VALUES (40, 'customer_40_143', 'thinh.vu40@gmail.com', '$2b$12$eImiTxAk4vmMUL85vKH6He7mclMx4fB.XyA796Lfi9999G5vE.n2OE32CCC2BCB', 'Thinh', 'Vu', '0163 351 4435', '2003-12-24', '2025-10-21 02:21:15', FALSE);
INSERT INTO users (user_id, username, email, password, first_name, last_name, phone, date_of_birth, created_at, deleted) VALUES (41, 'customer_41_55d', 'dung.tran41@gmail.com', '$2b$12$eImiTxAk4vmMUL85vKH6He7mclMx4fB.XyA796Lfi9999G5vE.n2OAB52D03388', 'Dung', 'Tran', '0162 090 9458', '2001-06-17', '2025-12-30 06:12:29', FALSE);
INSERT INTO users (user_id, username, email, password, first_name, last_name, phone, date_of_birth, created_at, deleted) VALUES (42, 'customer_42_5ba', 'thu.ho42@gmail.com', '$2b$12$eImiTxAk4vmMUL85vKH6He7mclMx4fB.XyA796Lfi9999G5vE.n2O4940B21D71', 'Thu', 'Ho', '0868 980 782', '2006-12-15', '2026-01-05 16:30:34', FALSE);
INSERT INTO users (user_id, username, email, password, first_name, last_name, phone, date_of_birth, created_at, deleted) VALUES (43, 'customer_43_0cf', 'ngan.do43@gmail.com', '$2b$12$eImiTxAk4vmMUL85vKH6He7mclMx4fB.XyA796Lfi9999G5vE.n2OAB23CA353D', 'Ngan', 'Do', '0166 731 3066', '2007-12-21', '2025-06-26 11:40:39', FALSE);
INSERT INTO users (user_id, username, email, password, first_name, last_name, phone, date_of_birth, created_at, deleted) VALUES (44, 'customer_44_b5f', 'trang.cao44@gmail.com', '$2b$12$eImiTxAk4vmMUL85vKH6He7mclMx4fB.XyA796Lfi9999G5vE.n2O7C00EF8547', 'Trang', 'Cao', '0186 211 1443', '2001-09-19', '2025-09-14 04:16:38', FALSE);
INSERT INTO users (user_id, username, email, password, first_name, last_name, phone, date_of_birth, created_at, deleted) VALUES (45, 'customer_45_859', 'dao.pham45@gmail.com', '$2b$12$eImiTxAk4vmMUL85vKH6He7mclMx4fB.XyA796Lfi9999G5vE.n2O46078CD6D5', 'Dao', 'Pham', '0164 368 2339', '2002-11-28', '2025-10-16 11:12:21', FALSE);
INSERT INTO users (user_id, username, email, password, first_name, last_name, phone, date_of_birth, created_at, deleted) VALUES (46, 'customer_46_283', 'anh.pham46@gmail.com', '$2b$12$eImiTxAk4vmMUL85vKH6He7mclMx4fB.XyA796Lfi9999G5vE.n2O8D453FC19C', 'Anh', 'Pham', '0869 874 023', '2000-09-09', '2026-05-15 17:47:00', FALSE);
INSERT INTO users (user_id, username, email, password, first_name, last_name, phone, date_of_birth, created_at, deleted) VALUES (47, 'customer_47_3a9', 'ngoc.trinh47@gmail.com', '$2b$12$eImiTxAk4vmMUL85vKH6He7mclMx4fB.XyA796Lfi9999G5vE.n2OE2305AD902', 'Ngoc', 'Trinh', '0163 936 4801', '2002-08-25', '2026-02-16 14:58:07', FALSE);
INSERT INTO users (user_id, username, email, password, first_name, last_name, phone, date_of_birth, created_at, deleted) VALUES (48, 'customer_48_251', 'son.dinh48@gmail.com', '$2b$12$eImiTxAk4vmMUL85vKH6He7mclMx4fB.XyA796Lfi9999G5vE.n2O5148BFE8F8', 'Son', 'Dinh', '0888 384 786', '2005-01-11', '2026-02-16 02:13:14', FALSE);
INSERT INTO users (user_id, username, email, password, first_name, last_name, phone, date_of_birth, created_at, deleted) VALUES (49, 'customer_49_89e', 'phuong.phung49@gmail.com', '$2b$12$eImiTxAk4vmMUL85vKH6He7mclMx4fB.XyA796Lfi9999G5vE.n2O265801B5ED', 'Phuong', 'Phung', '0165 678 7238', '2006-01-11', '2026-01-29 11:46:16', FALSE);
INSERT INTO users (user_id, username, email, password, first_name, last_name, phone, date_of_birth, created_at, deleted) VALUES (50, 'customer_50_a5d', 'hieu.phung50@gmail.com', '$2b$12$eImiTxAk4vmMUL85vKH6He7mclMx4fB.XyA796Lfi9999G5vE.n2OA856BFDF89', 'Hieu', 'Phung', '0868 582 806', '2007-09-03', '2026-04-24 13:16:17', FALSE);
INSERT INTO users (user_id, username, email, password, first_name, last_name, phone, date_of_birth, created_at, deleted) VALUES (51, 'customer_51_814', 'hoang.ha51@gmail.com', '$2b$12$eImiTxAk4vmMUL85vKH6He7mclMx4fB.XyA796Lfi9999G5vE.n2ODF531DEBEA', 'Hoang', 'Ha', '0163 828 5887', '2004-08-21', '2026-04-28 08:06:17', FALSE);
INSERT INTO users (user_id, username, email, password, first_name, last_name, phone, date_of_birth, created_at, deleted) VALUES (52, 'customer_52_cd2', 'thao.ho52@gmail.com', '$2b$12$eImiTxAk4vmMUL85vKH6He7mclMx4fB.XyA796Lfi9999G5vE.n2OBF4B09955D', 'Thao', 'Ho', '0868 923 176', '2006-01-20', '2026-01-01 10:03:09', FALSE);
INSERT INTO users (user_id, username, email, password, first_name, last_name, phone, date_of_birth, created_at, deleted) VALUES (53, 'customer_53_a2d', 'ha.luong53@gmail.com', '$2b$12$eImiTxAk4vmMUL85vKH6He7mclMx4fB.XyA796Lfi9999G5vE.n2O709CE1DAEB', 'Ha', 'Luong', '0199 480 4449', '2006-10-25', '2025-09-22 06:44:56', FALSE);
INSERT INTO users (user_id, username, email, password, first_name, last_name, phone, date_of_birth, created_at, deleted) VALUES (54, 'customer_54_b78', 'hoang.dao54@gmail.com', '$2b$12$eImiTxAk4vmMUL85vKH6He7mclMx4fB.XyA796Lfi9999G5vE.n2O354A11B663', 'Hoang', 'Dao', '0165 551 9438', '2005-09-07', '2025-06-27 22:39:58', FALSE);
INSERT INTO users (user_id, username, email, password, first_name, last_name, phone, date_of_birth, created_at, deleted) VALUES (55, 'customer_55_e12', 'tung.nguyen55@gmail.com', '$2b$12$eImiTxAk4vmMUL85vKH6He7mclMx4fB.XyA796Lfi9999G5vE.n2O98BDD2FF13', 'Tung', 'Nguyen', '0167 837 5441', '2006-04-14', '2025-09-03 05:26:43', FALSE);
INSERT INTO users (user_id, username, email, password, first_name, last_name, phone, date_of_birth, created_at, deleted) VALUES (56, 'customer_56_a00', 'bac.pham56@gmail.com', '$2b$12$eImiTxAk4vmMUL85vKH6He7mclMx4fB.XyA796Lfi9999G5vE.n2OBAC9383BF1', 'Bac', 'Pham', '0169 072 2079', '2000-10-11', '2025-06-28 21:14:02', FALSE);
INSERT INTO users (user_id, username, email, password, first_name, last_name, phone, date_of_birth, created_at, deleted) VALUES (57, 'customer_57_248', 'ngoc.pham57@gmail.com', '$2b$12$eImiTxAk4vmMUL85vKH6He7mclMx4fB.XyA796Lfi9999G5vE.n2OE60BBC7167', 'Ngoc', 'Pham', '0125 784 2303', '2005-05-28', '2025-12-05 06:46:50', FALSE);
INSERT INTO users (user_id, username, email, password, first_name, last_name, phone, date_of_birth, created_at, deleted) VALUES (58, 'customer_58_014', 'quy.phan58@gmail.com', '$2b$12$eImiTxAk4vmMUL85vKH6He7mclMx4fB.XyA796Lfi9999G5vE.n2OE6889913A0', 'Quy', 'Phan', '0169 687 3342', '2007-07-26', '2026-01-17 05:21:44', FALSE);
INSERT INTO users (user_id, username, email, password, first_name, last_name, phone, date_of_birth, created_at, deleted) VALUES (59, 'customer_59_c2d', 'anh.vu59@gmail.com', '$2b$12$eImiTxAk4vmMUL85vKH6He7mclMx4fB.XyA796Lfi9999G5vE.n2OED1A9EC103', 'Anh', 'Vu', '0186 018 0369', '2001-04-14', '2026-03-25 11:37:17', FALSE);
INSERT INTO users (user_id, username, email, password, first_name, last_name, phone, date_of_birth, created_at, deleted) VALUES (60, 'customer_60_b34', 'khoa.trinh60@gmail.com', '$2b$12$eImiTxAk4vmMUL85vKH6He7mclMx4fB.XyA796Lfi9999G5vE.n2O4E690FBC58', 'Khoa', 'Trinh', '0888 267 986', '2002-03-24', '2025-12-20 13:34:08', FALSE);
INSERT INTO users (user_id, username, email, password, first_name, last_name, phone, date_of_birth, created_at, deleted) VALUES (61, 'customer_61_9d3', 'chi.ngo61@gmail.com', '$2b$12$eImiTxAk4vmMUL85vKH6He7mclMx4fB.XyA796Lfi9999G5vE.n2OD304206364', 'Chi', 'Ngo', '0866 543 274', '2008-05-03', '2025-10-12 11:27:46', FALSE);
INSERT INTO users (user_id, username, email, password, first_name, last_name, phone, date_of_birth, created_at, deleted) VALUES (62, 'customer_62_b05', 'trang.doan62@gmail.com', '$2b$12$eImiTxAk4vmMUL85vKH6He7mclMx4fB.XyA796Lfi9999G5vE.n2O0949B918E1', 'Trang', 'Doan', '0869 595 918', '2008-02-28', '2026-02-11 04:21:09', FALSE);
INSERT INTO users (user_id, username, email, password, first_name, last_name, phone, date_of_birth, created_at, deleted) VALUES (63, 'customer_63_1ea', 'ngan.phan63@gmail.com', '$2b$12$eImiTxAk4vmMUL85vKH6He7mclMx4fB.XyA796Lfi9999G5vE.n2ODDC6A43A6B', 'Ngan', 'Phan', '0866 021 302', '2004-02-27', '2026-05-28 17:34:11', FALSE);
INSERT INTO users (user_id, username, email, password, first_name, last_name, phone, date_of_birth, created_at, deleted) VALUES (64, 'customer_64_266', 'trang.truong64@gmail.com', '$2b$12$eImiTxAk4vmMUL85vKH6He7mclMx4fB.XyA796Lfi9999G5vE.n2OB2CBC5E4D3', 'Trang', 'Truong', '0868 263 649', '2003-06-04', '2025-06-13 12:35:10', FALSE);
INSERT INTO users (user_id, username, email, password, first_name, last_name, phone, date_of_birth, created_at, deleted) VALUES (65, 'customer_65_6ed', 'tung.hoang65@gmail.com', '$2b$12$eImiTxAk4vmMUL85vKH6He7mclMx4fB.XyA796Lfi9999G5vE.n2O48C0C10EBA', 'Tung', 'Hoang', '0166 243 1474', '2003-08-04', '2025-07-31 21:08:30', FALSE);
INSERT INTO users (user_id, username, email, password, first_name, last_name, phone, date_of_birth, created_at, deleted) VALUES (66, 'customer_66_087', 'lam.dang66@gmail.com', '$2b$12$eImiTxAk4vmMUL85vKH6He7mclMx4fB.XyA796Lfi9999G5vE.n2O571E706D77', 'Lam', 'Dang', '0165 197 9312', '2003-12-17', '2025-08-12 12:05:01', FALSE);
INSERT INTO users (user_id, username, email, password, first_name, last_name, phone, date_of_birth, created_at, deleted) VALUES (67, 'customer_67_b5f', 'tuan.quach67@gmail.com', '$2b$12$eImiTxAk4vmMUL85vKH6He7mclMx4fB.XyA796Lfi9999G5vE.n2OB757C456E9', 'Tuan', 'Quach', '0165 021 4299', '2004-07-08', '2026-05-05 10:42:53', FALSE);
INSERT INTO users (user_id, username, email, password, first_name, last_name, phone, date_of_birth, created_at, deleted) VALUES (68, 'customer_68_886', 'vinh.ly68@gmail.com', '$2b$12$eImiTxAk4vmMUL85vKH6He7mclMx4fB.XyA796Lfi9999G5vE.n2OBDD6A0C1E8', 'Vinh', 'Ly', '0868 166 529', '2006-11-18', '2025-12-15 18:26:21', FALSE);
INSERT INTO users (user_id, username, email, password, first_name, last_name, phone, date_of_birth, created_at, deleted) VALUES (69, 'customer_69_ecd', 'dao.dang69@gmail.com', '$2b$12$eImiTxAk4vmMUL85vKH6He7mclMx4fB.XyA796Lfi9999G5vE.n2OAA749C5D46', 'Dao', 'Dang', '0165 671 7982', '2000-12-16', '2025-06-19 04:28:23', FALSE);
INSERT INTO users (user_id, username, email, password, first_name, last_name, phone, date_of_birth, created_at, deleted) VALUES (70, 'customer_70_a7f', 'truc.dinh70@gmail.com', '$2b$12$eImiTxAk4vmMUL85vKH6He7mclMx4fB.XyA796Lfi9999G5vE.n2O7CC88CF16A', 'Truc', 'Dinh', '0186 055 5994', '2007-02-28', '2025-09-20 20:03:41', FALSE);
INSERT INTO users (user_id, username, email, password, first_name, last_name, phone, date_of_birth, created_at, deleted) VALUES (71, 'customer_71_c9f', 'ngan.bach71@gmail.com', '$2b$12$eImiTxAk4vmMUL85vKH6He7mclMx4fB.XyA796Lfi9999G5vE.n2OA05F172AD5', 'Ngan', 'Bach', '0868 119 020', '2007-08-13', '2025-12-03 06:45:10', FALSE);
INSERT INTO users (user_id, username, email, password, first_name, last_name, phone, date_of_birth, created_at, deleted) VALUES (72, 'customer_72_316', 'khoa.doan72@gmail.com', '$2b$12$eImiTxAk4vmMUL85vKH6He7mclMx4fB.XyA796Lfi9999G5vE.n2OFDF2520422', 'Khoa', 'Doan', '0163 031 5472', '2004-11-19', '2025-08-07 18:31:41', FALSE);
INSERT INTO users (user_id, username, email, password, first_name, last_name, phone, date_of_birth, created_at, deleted) VALUES (73, 'customer_73_03a', 'ngoc.ngo73@gmail.com', '$2b$12$eImiTxAk4vmMUL85vKH6He7mclMx4fB.XyA796Lfi9999G5vE.n2ODF050EE3E0', 'Ngoc', 'Ngo', '0188 242 3151', '2006-06-05', '2025-10-11 22:06:14', FALSE);
INSERT INTO users (user_id, username, email, password, first_name, last_name, phone, date_of_birth, created_at, deleted) VALUES (74, 'customer_74_028', 'dinh.doan74@gmail.com', '$2b$12$eImiTxAk4vmMUL85vKH6He7mclMx4fB.XyA796Lfi9999G5vE.n2OC5BE929137', 'Dinh', 'Doan', '0188 853 6872', '2006-04-16', '2025-12-31 09:35:46', FALSE);
INSERT INTO users (user_id, username, email, password, first_name, last_name, phone, date_of_birth, created_at, deleted) VALUES (75, 'customer_75_0a9', 'dao.phan75@gmail.com', '$2b$12$eImiTxAk4vmMUL85vKH6He7mclMx4fB.XyA796Lfi9999G5vE.n2O9F6D8D4B72', 'Dao', 'Phan', '0866 823 802', '2002-01-03', '2025-09-14 07:54:36', FALSE);
INSERT INTO users (user_id, username, email, password, first_name, last_name, phone, date_of_birth, created_at, deleted) VALUES (76, 'customer_76_6fd', 'phan.nguyen76@gmail.com', '$2b$12$eImiTxAk4vmMUL85vKH6He7mclMx4fB.XyA796Lfi9999G5vE.n2OD9217D9D2B', 'Phan', 'Nguyen', '0934 034 461', '2005-01-22', '2026-02-06 22:03:55', FALSE);
INSERT INTO users (user_id, username, email, password, first_name, last_name, phone, date_of_birth, created_at, deleted) VALUES (77, 'customer_77_662', 'hieu.ha77@gmail.com', '$2b$12$eImiTxAk4vmMUL85vKH6He7mclMx4fB.XyA796Lfi9999G5vE.n2OC696911A2F', 'Hieu', 'Ha', '0199 895 6388', '2000-07-13', '2025-06-25 23:03:33', FALSE);
INSERT INTO users (user_id, username, email, password, first_name, last_name, phone, date_of_birth, created_at, deleted) VALUES (78, 'customer_78_628', 'dinh.bach78@gmail.com', '$2b$12$eImiTxAk4vmMUL85vKH6He7mclMx4fB.XyA796Lfi9999G5vE.n2O8842A1BBA9', 'Dinh', 'Bach', '0881 338 117', '2003-06-13', '2025-07-28 19:20:05', FALSE);
INSERT INTO users (user_id, username, email, password, first_name, last_name, phone, date_of_birth, created_at, deleted) VALUES (79, 'customer_79_127', 'thu.dinh79@gmail.com', '$2b$12$eImiTxAk4vmMUL85vKH6He7mclMx4fB.XyA796Lfi9999G5vE.n2O527B85EFDF', 'Thu', 'Dinh', '0869 925 804', '2004-07-25', '2025-09-15 22:41:56', FALSE);
INSERT INTO users (user_id, username, email, password, first_name, last_name, phone, date_of_birth, created_at, deleted) VALUES (80, 'customer_80_cdc', 'dao.ha80@gmail.com', '$2b$12$eImiTxAk4vmMUL85vKH6He7mclMx4fB.XyA796Lfi9999G5vE.n2O9543D597C2', 'Dao', 'Ha', '0124 792 5447', '2004-06-02', '2025-07-03 12:00:59', FALSE);
INSERT INTO users (user_id, username, email, password, first_name, last_name, phone, date_of_birth, created_at, deleted) VALUES (81, 'customer_81_de8', 'trang.le81@gmail.com', '$2b$12$eImiTxAk4vmMUL85vKH6He7mclMx4fB.XyA796Lfi9999G5vE.n2O7A12839CA6', 'Trang', 'Le', '0869 168 072', '2007-06-30', '2025-10-12 15:55:10', FALSE);
INSERT INTO users (user_id, username, email, password, first_name, last_name, phone, date_of_birth, created_at, deleted) VALUES (82, 'customer_82_4c3', 'diep.phan82@gmail.com', '$2b$12$eImiTxAk4vmMUL85vKH6He7mclMx4fB.XyA796Lfi9999G5vE.n2OFDD6B4CB41', 'Diep', 'Phan', '0188 135 9181', '2004-10-13', '2026-02-07 20:20:33', FALSE);
INSERT INTO users (user_id, username, email, password, first_name, last_name, phone, date_of_birth, created_at, deleted) VALUES (83, 'customer_83_cc6', 'lam.truong83@gmail.com', '$2b$12$eImiTxAk4vmMUL85vKH6He7mclMx4fB.XyA796Lfi9999G5vE.n2O9CE84D374A', 'Lam', 'Truong', '0169 230 8329', '2000-08-09', '2025-11-10 12:17:00', FALSE);
INSERT INTO users (user_id, username, email, password, first_name, last_name, phone, date_of_birth, created_at, deleted) VALUES (84, 'customer_84_be2', 'dinh.phung84@gmail.com', '$2b$12$eImiTxAk4vmMUL85vKH6He7mclMx4fB.XyA796Lfi9999G5vE.n2O9E22112273', 'Dinh', 'Phung', '0163 282 7285', '2001-02-16', '2025-08-07 10:15:05', FALSE);
INSERT INTO users (user_id, username, email, password, first_name, last_name, phone, date_of_birth, created_at, deleted) VALUES (85, 'customer_85_2b6', 'khanh.mai85@gmail.com', '$2b$12$eImiTxAk4vmMUL85vKH6He7mclMx4fB.XyA796Lfi9999G5vE.n2O76114F180A', 'Khanh', 'Mai', '0866 597 075', '2004-02-06', '2026-05-30 01:05:27', FALSE);
INSERT INTO users (user_id, username, email, password, first_name, last_name, phone, date_of_birth, created_at, deleted) VALUES (86, 'customer_86_e63', 'tai.luong86@gmail.com', '$2b$12$eImiTxAk4vmMUL85vKH6He7mclMx4fB.XyA796Lfi9999G5vE.n2O2507D05035', 'Tai', 'Luong', '0903 797 762', '2001-08-09', '2026-04-17 01:07:36', FALSE);
INSERT INTO users (user_id, username, email, password, first_name, last_name, phone, date_of_birth, created_at, deleted) VALUES (87, 'customer_87_ad8', 'hieu.phan87@gmail.com', '$2b$12$eImiTxAk4vmMUL85vKH6He7mclMx4fB.XyA796Lfi9999G5vE.n2OD4EFAF4ECA', 'Hieu', 'Phan', '0163 745 5976', '2002-03-10', '2025-08-12 20:24:56', FALSE);
INSERT INTO users (user_id, username, email, password, first_name, last_name, phone, date_of_birth, created_at, deleted) VALUES (88, 'customer_88_f60', 'van.phung88@gmail.com', '$2b$12$eImiTxAk4vmMUL85vKH6He7mclMx4fB.XyA796Lfi9999G5vE.n2O388154BBC3', 'Van', 'Phung', '0946 291 285', '2005-05-28', '2026-04-14 23:12:23', FALSE);
INSERT INTO users (user_id, username, email, password, first_name, last_name, phone, date_of_birth, created_at, deleted) VALUES (89, 'customer_89_5e2', 'trang.do89@gmail.com', '$2b$12$eImiTxAk4vmMUL85vKH6He7mclMx4fB.XyA796Lfi9999G5vE.n2O7628AEFB8F', 'Trang', 'Do', '0162 718 8598', '2006-11-25', '2026-01-23 04:08:29', FALSE);
INSERT INTO users (user_id, username, email, password, first_name, last_name, phone, date_of_birth, created_at, deleted) VALUES (90, 'customer_90_e35', 'khoa.luong90@gmail.com', '$2b$12$eImiTxAk4vmMUL85vKH6He7mclMx4fB.XyA796Lfi9999G5vE.n2O5928FFEFE0', 'Khoa', 'Luong', '0165 910 5370', '2004-08-06', '2026-03-13 02:35:51', FALSE);
INSERT INTO users (user_id, username, email, password, first_name, last_name, phone, date_of_birth, created_at, deleted) VALUES (91, 'customer_91_c28', 'trang.ha91@gmail.com', '$2b$12$eImiTxAk4vmMUL85vKH6He7mclMx4fB.XyA796Lfi9999G5vE.n2O098228696B', 'Trang', 'Ha', '0129 566 4164', '2001-07-24', '2026-05-21 02:34:12', FALSE);
INSERT INTO users (user_id, username, email, password, first_name, last_name, phone, date_of_birth, created_at, deleted) VALUES (92, 'customer_92_519', 'minh.bui92@gmail.com', '$2b$12$eImiTxAk4vmMUL85vKH6He7mclMx4fB.XyA796Lfi9999G5vE.n2O61623E6D00', 'Minh', 'Bui', '0164 600 0556', '2005-01-12', '2026-01-18 06:11:11', FALSE);
INSERT INTO users (user_id, username, email, password, first_name, last_name, phone, date_of_birth, created_at, deleted) VALUES (93, 'customer_93_da5', 'minh.nguyen93@gmail.com', '$2b$12$eImiTxAk4vmMUL85vKH6He7mclMx4fB.XyA796Lfi9999G5vE.n2O334BB8E9F6', 'Minh', 'Nguyen', '0869 372 806', '2005-09-11', '2025-12-31 22:20:53', FALSE);
INSERT INTO users (user_id, username, email, password, first_name, last_name, phone, date_of_birth, created_at, deleted) VALUES (94, 'customer_94_0b7', 'khanh.le94@gmail.com', '$2b$12$eImiTxAk4vmMUL85vKH6He7mclMx4fB.XyA796Lfi9999G5vE.n2OAFE36640DF', 'Khanh', 'Le', '0166 899 5054', '2004-08-27', '2025-09-11 08:39:03', FALSE);
INSERT INTO users (user_id, username, email, password, first_name, last_name, phone, date_of_birth, created_at, deleted) VALUES (95, 'customer_95_925', 'khoa.cao95@gmail.com', '$2b$12$eImiTxAk4vmMUL85vKH6He7mclMx4fB.XyA796Lfi9999G5vE.n2O560CC6EC50', 'Khoa', 'Cao', '0866 538 620', '2006-10-26', '2025-08-20 08:50:36', FALSE);
INSERT INTO users (user_id, username, email, password, first_name, last_name, phone, date_of_birth, created_at, deleted) VALUES (96, 'customer_96_999', 'tuan.dang96@gmail.com', '$2b$12$eImiTxAk4vmMUL85vKH6He7mclMx4fB.XyA796Lfi9999G5vE.n2O7DB67B5C31', 'Tuan', 'Dang', '0162 191 8033', '2007-12-28', '2026-04-29 01:09:58', FALSE);
INSERT INTO users (user_id, username, email, password, first_name, last_name, phone, date_of_birth, created_at, deleted) VALUES (97, 'customer_97_765', 'toan.dao97@gmail.com', '$2b$12$eImiTxAk4vmMUL85vKH6He7mclMx4fB.XyA796Lfi9999G5vE.n2O1F396382C5', 'Toan', 'Dao', '0947 991 906', '2004-03-06', '2025-11-03 11:35:23', FALSE);
INSERT INTO users (user_id, username, email, password, first_name, last_name, phone, date_of_birth, created_at, deleted) VALUES (98, 'customer_98_62d', 'duc.ly98@gmail.com', '$2b$12$eImiTxAk4vmMUL85vKH6He7mclMx4fB.XyA796Lfi9999G5vE.n2OCAA15379F6', 'Duc', 'Ly', '0188 570 4251', '2007-12-09', '2025-10-03 16:44:50', FALSE);
INSERT INTO users (user_id, username, email, password, first_name, last_name, phone, date_of_birth, created_at, deleted) VALUES (99, 'customer_99_792', 'trang.truong99@gmail.com', '$2b$12$eImiTxAk4vmMUL85vKH6He7mclMx4fB.XyA796Lfi9999G5vE.n2O8E4360C0BB', 'Trang', 'Truong', '0164 346 2388', '2002-02-04', '2025-06-14 00:04:08', FALSE);
INSERT INTO users (user_id, username, email, password, first_name, last_name, phone, date_of_birth, created_at, deleted) VALUES (100, 'customer_100_45c', 'duc.dinh100@gmail.com', '$2b$12$eImiTxAk4vmMUL85vKH6He7mclMx4fB.XyA796Lfi9999G5vE.n2OD3829CE137', 'Duc', 'Dinh', '0868 961 697', '2003-07-24', '2025-06-09 02:15:08', FALSE);
INSERT INTO users (user_id, username, email, password, first_name, last_name, phone, date_of_birth, created_at, deleted) VALUES (101, 'customer_101_77a', 'khoa.ly101@gmail.com', '$2b$12$eImiTxAk4vmMUL85vKH6He7mclMx4fB.XyA796Lfi9999G5vE.n2O40174C598D', 'Khoa', 'Ly', '0188 633 0535', '2003-03-26', '2025-08-18 01:55:31', FALSE);
INSERT INTO users (user_id, username, email, password, first_name, last_name, phone, date_of_birth, created_at, deleted) VALUES (102, 'customer_102_413', 'trang.ha102@gmail.com', '$2b$12$eImiTxAk4vmMUL85vKH6He7mclMx4fB.XyA796Lfi9999G5vE.n2OEA16DD47AD', 'Trang', 'Ha', '0168 155 3617', '2004-08-25', '2025-12-22 15:40:44', FALSE);
INSERT INTO users (user_id, username, email, password, first_name, last_name, phone, date_of_birth, created_at, deleted) VALUES (103, 'customer_103_6a2', 'nhat.ngo103@gmail.com', '$2b$12$eImiTxAk4vmMUL85vKH6He7mclMx4fB.XyA796Lfi9999G5vE.n2O28DBF931D5', 'Nhat', 'Ngo', '0123 360 3194', '2007-02-12', '2025-12-03 19:01:05', FALSE);
INSERT INTO users (user_id, username, email, password, first_name, last_name, phone, date_of_birth, created_at, deleted) VALUES (104, 'customer_104_351', 'tuan.ly104@gmail.com', '$2b$12$eImiTxAk4vmMUL85vKH6He7mclMx4fB.XyA796Lfi9999G5vE.n2O48BBFDF527', 'Tuan', 'Ly', '0869 123 140', '2005-04-17', '2026-02-03 08:35:20', FALSE);
INSERT INTO users (user_id, username, email, password, first_name, last_name, phone, date_of_birth, created_at, deleted) VALUES (105, 'customer_105_c51', 'minh.bui105@gmail.com', '$2b$12$eImiTxAk4vmMUL85vKH6He7mclMx4fB.XyA796Lfi9999G5vE.n2O77EED75715', 'Minh', 'Bui', '0167 050 0621', '2003-09-17', '2026-01-25 19:33:30', FALSE);
INSERT INTO users (user_id, username, email, password, first_name, last_name, phone, date_of_birth, created_at, deleted) VALUES (106, 'customer_106_21e', 'hung.bui106@gmail.com', '$2b$12$eImiTxAk4vmMUL85vKH6He7mclMx4fB.XyA796Lfi9999G5vE.n2OE0731F6151', 'Hung', 'Bui', '0167 716 5446', '2006-07-17', '2026-05-09 22:12:38', FALSE);
INSERT INTO users (user_id, username, email, password, first_name, last_name, phone, date_of_birth, created_at, deleted) VALUES (107, 'customer_107_29a', 'quy.doan107@gmail.com', '$2b$12$eImiTxAk4vmMUL85vKH6He7mclMx4fB.XyA796Lfi9999G5vE.n2OB9D2447856', 'Quy', 'Doan', '0866 325 029', '2002-05-14', '2025-08-06 04:23:59', FALSE);
INSERT INTO users (user_id, username, email, password, first_name, last_name, phone, date_of_birth, created_at, deleted) VALUES (108, 'customer_108_123', 'vinh.hoang108@gmail.com', '$2b$12$eImiTxAk4vmMUL85vKH6He7mclMx4fB.XyA796Lfi9999G5vE.n2OAA4571A70E', 'Vinh', 'Hoang', '0167 130 2063', '2006-03-25', '2025-11-27 11:06:54', FALSE);
INSERT INTO users (user_id, username, email, password, first_name, last_name, phone, date_of_birth, created_at, deleted) VALUES (109, 'customer_109_3d4', 'thu.tong109@gmail.com', '$2b$12$eImiTxAk4vmMUL85vKH6He7mclMx4fB.XyA796Lfi9999G5vE.n2O1131F9DAE1', 'Thu', 'Tong', '0869 780 195', '2008-04-14', '2025-10-17 17:08:57', FALSE);
INSERT INTO users (user_id, username, email, password, first_name, last_name, phone, date_of_birth, created_at, deleted) VALUES (110, 'customer_110_94e', 'tri.nguyen110@gmail.com', '$2b$12$eImiTxAk4vmMUL85vKH6He7mclMx4fB.XyA796Lfi9999G5vE.n2O28C57F6323', 'Tri', 'Nguyen', '0169 834 3209', '2006-12-23', '2026-05-28 02:08:53', FALSE);
INSERT INTO users (user_id, username, email, password, first_name, last_name, phone, date_of_birth, created_at, deleted) VALUES (111, 'customer_111_580', 'quang.bui111@gmail.com', '$2b$12$eImiTxAk4vmMUL85vKH6He7mclMx4fB.XyA796Lfi9999G5vE.n2OE049D23AE4', 'Quang', 'Bui', '0166 016 7409', '2006-04-28', '2026-05-31 20:59:39', FALSE);
INSERT INTO users (user_id, username, email, password, first_name, last_name, phone, date_of_birth, created_at, deleted) VALUES (112, 'customer_112_4cf', 'uyen.do112@gmail.com', '$2b$12$eImiTxAk4vmMUL85vKH6He7mclMx4fB.XyA796Lfi9999G5vE.n2OCB7BC410CF', 'Uyen', 'Do', '0869 730 060', '2006-07-03', '2025-06-10 14:06:53', FALSE);
INSERT INTO users (user_id, username, email, password, first_name, last_name, phone, date_of_birth, created_at, deleted) VALUES (113, 'customer_113_c75', 'khoa.dang113@gmail.com', '$2b$12$eImiTxAk4vmMUL85vKH6He7mclMx4fB.XyA796Lfi9999G5vE.n2O9D10D38618', 'Khoa', 'Dang', '0168 847 2196', '2001-10-22', '2026-03-08 07:43:54', FALSE);
INSERT INTO users (user_id, username, email, password, first_name, last_name, phone, date_of_birth, created_at, deleted) VALUES (114, 'customer_114_fc6', 'dinh.phan114@gmail.com', '$2b$12$eImiTxAk4vmMUL85vKH6He7mclMx4fB.XyA796Lfi9999G5vE.n2O97985D0E6F', 'Dinh', 'Phan', '0888 977 954', '2003-09-24', '2026-01-14 00:32:17', FALSE);
INSERT INTO users (user_id, username, email, password, first_name, last_name, phone, date_of_birth, created_at, deleted) VALUES (115, 'customer_115_48a', 'minh.truong115@gmail.com', '$2b$12$eImiTxAk4vmMUL85vKH6He7mclMx4fB.XyA796Lfi9999G5vE.n2OF63FF8FD78', 'Minh', 'Truong', '0164 428 8710', '2005-01-18', '2026-03-02 09:12:50', FALSE);
INSERT INTO users (user_id, username, email, password, first_name, last_name, phone, date_of_birth, created_at, deleted) VALUES (116, 'customer_116_03e', 'may.phan116@gmail.com', '$2b$12$eImiTxAk4vmMUL85vKH6He7mclMx4fB.XyA796Lfi9999G5vE.n2ODBE6920D5A', 'May', 'Phan', '0946 133 495', '2003-08-19', '2025-07-04 17:38:16', FALSE);
INSERT INTO users (user_id, username, email, password, first_name, last_name, phone, date_of_birth, created_at, deleted) VALUES (117, 'customer_117_aed', 'yen.dao117@gmail.com', '$2b$12$eImiTxAk4vmMUL85vKH6He7mclMx4fB.XyA796Lfi9999G5vE.n2OB0CE59DBEA', 'Yen', 'Dao', '0199 366 2501', '2002-10-25', '2025-09-26 19:55:33', FALSE);
INSERT INTO users (user_id, username, email, password, first_name, last_name, phone, date_of_birth, created_at, deleted) VALUES (118, 'customer_118_1f4', 'khanh.bui118@gmail.com', '$2b$12$eImiTxAk4vmMUL85vKH6He7mclMx4fB.XyA796Lfi9999G5vE.n2O9EA5F27EE5', 'Khanh', 'Bui', '0164 057 0215', '2003-10-27', '2025-11-21 05:05:32', FALSE);
INSERT INTO users (user_id, username, email, password, first_name, last_name, phone, date_of_birth, created_at, deleted) VALUES (119, 'customer_119_d47', 'khoa.luu119@gmail.com', '$2b$12$eImiTxAk4vmMUL85vKH6He7mclMx4fB.XyA796Lfi9999G5vE.n2O45082468BC', 'Khoa', 'Luu', '0866 300 063', '2004-10-27', '2025-10-07 15:02:54', FALSE);
INSERT INTO users (user_id, username, email, password, first_name, last_name, phone, date_of_birth, created_at, deleted) VALUES (120, 'customer_120_77d', 'duc.luong120@gmail.com', '$2b$12$eImiTxAk4vmMUL85vKH6He7mclMx4fB.XyA796Lfi9999G5vE.n2O09BE377E37', 'Duc', 'Luong', '0164 080 7130', '2000-08-24', '2025-07-20 06:19:28', FALSE);
INSERT INTO users (user_id, username, email, password, first_name, last_name, phone, date_of_birth, created_at, deleted) VALUES (121, 'customer_121_d96', 'khoa.luong121@gmail.com', '$2b$12$eImiTxAk4vmMUL85vKH6He7mclMx4fB.XyA796Lfi9999G5vE.n2OC6F187DA80', 'Khoa', 'Luong', '0885 234 192', '2002-08-13', '2025-11-05 07:34:05', FALSE);
INSERT INTO users (user_id, username, email, password, first_name, last_name, phone, date_of_birth, created_at, deleted) VALUES (122, 'customer_122_2c3', 'quang.luong122@gmail.com', '$2b$12$eImiTxAk4vmMUL85vKH6He7mclMx4fB.XyA796Lfi9999G5vE.n2O38C05CF51C', 'Quang', 'Luong', '0163 766 4850', '2005-09-12', '2026-05-01 19:07:32', FALSE);
INSERT INTO users (user_id, username, email, password, first_name, last_name, phone, date_of_birth, created_at, deleted) VALUES (123, 'customer_123_33a', 'phuong.ngo123@gmail.com', '$2b$12$eImiTxAk4vmMUL85vKH6He7mclMx4fB.XyA796Lfi9999G5vE.n2OB24E7152B8', 'Phuong', 'Ngo', '0163 070 4767', '2002-06-12', '2025-07-08 10:41:46', FALSE);
INSERT INTO users (user_id, username, email, password, first_name, last_name, phone, date_of_birth, created_at, deleted) VALUES (124, 'customer_124_1db', 'son.luu124@gmail.com', '$2b$12$eImiTxAk4vmMUL85vKH6He7mclMx4fB.XyA796Lfi9999G5vE.n2O3763E85F7C', 'Son', 'Luu', '0162 512 0907', '2006-05-07', '2026-01-17 13:23:18', FALSE);
INSERT INTO users (user_id, username, email, password, first_name, last_name, phone, date_of_birth, created_at, deleted) VALUES (125, 'customer_125_03e', 'linh.dang125@gmail.com', '$2b$12$eImiTxAk4vmMUL85vKH6He7mclMx4fB.XyA796Lfi9999G5vE.n2OCC78786884', 'Linh', 'Dang', '0168 218 0428', '2003-06-06', '2026-02-27 13:13:16', FALSE);
INSERT INTO users (user_id, username, email, password, first_name, last_name, phone, date_of_birth, created_at, deleted) VALUES (126, 'customer_126_54b', 'trang.bui126@gmail.com', '$2b$12$eImiTxAk4vmMUL85vKH6He7mclMx4fB.XyA796Lfi9999G5vE.n2O190A5B05E0', 'Trang', 'Bui', '0186 670 6214', '2000-10-13', '2025-12-01 02:08:27', FALSE);
INSERT INTO users (user_id, username, email, password, first_name, last_name, phone, date_of_birth, created_at, deleted) VALUES (127, 'customer_127_7a0', 'uyen.luong127@gmail.com', '$2b$12$eImiTxAk4vmMUL85vKH6He7mclMx4fB.XyA796Lfi9999G5vE.n2OE8CA5A0513', 'Uyen', 'Luong', '0168 526 0238', '2000-12-10', '2026-04-15 14:59:39', FALSE);
INSERT INTO users (user_id, username, email, password, first_name, last_name, phone, date_of_birth, created_at, deleted) VALUES (128, 'customer_128_1dc', 'quang.ha128@gmail.com', '$2b$12$eImiTxAk4vmMUL85vKH6He7mclMx4fB.XyA796Lfi9999G5vE.n2OEC0FE2D868', 'Quang', 'Ha', '0886 503 852', '2004-05-25', '2026-02-25 23:15:58', FALSE);
INSERT INTO users (user_id, username, email, password, first_name, last_name, phone, date_of_birth, created_at, deleted) VALUES (129, 'customer_129_17a', 'nhat.dang129@gmail.com', '$2b$12$eImiTxAk4vmMUL85vKH6He7mclMx4fB.XyA796Lfi9999G5vE.n2OC36CD35371', 'Nhat', 'Dang', '0188 123 9865', '2003-01-19', '2026-05-27 03:53:27', FALSE);
INSERT INTO users (user_id, username, email, password, first_name, last_name, phone, date_of_birth, created_at, deleted) VALUES (130, 'customer_130_019', 'anh.trinh130@gmail.com', '$2b$12$eImiTxAk4vmMUL85vKH6He7mclMx4fB.XyA796Lfi9999G5vE.n2ODE9DA690F2', 'Anh', 'Trinh', '0199 177 1726', '2002-10-14', '2026-01-17 09:10:12', FALSE);
INSERT INTO users (user_id, username, email, password, first_name, last_name, phone, date_of_birth, created_at, deleted) VALUES (131, 'customer_131_2c2', 'uyen.do131@gmail.com', '$2b$12$eImiTxAk4vmMUL85vKH6He7mclMx4fB.XyA796Lfi9999G5vE.n2OC7A0D91785', 'Uyen', 'Do', '0869 584 698', '2006-05-19', '2026-04-06 14:15:04', FALSE);
INSERT INTO users (user_id, username, email, password, first_name, last_name, phone, date_of_birth, created_at, deleted) VALUES (132, 'customer_132_527', 'diep.luong132@gmail.com', '$2b$12$eImiTxAk4vmMUL85vKH6He7mclMx4fB.XyA796Lfi9999G5vE.n2O7CB0C2AEE1', 'Diep', 'Luong', '0162 233 6885', '2007-11-08', '2025-06-14 17:36:14', FALSE);
INSERT INTO users (user_id, username, email, password, first_name, last_name, phone, date_of_birth, created_at, deleted) VALUES (133, 'customer_133_aee', 'tuan.trinh133@gmail.com', '$2b$12$eImiTxAk4vmMUL85vKH6He7mclMx4fB.XyA796Lfi9999G5vE.n2O3BE5B0847E', 'Tuan', 'Trinh', '0186 706 2948', '2002-05-01', '2025-09-27 20:16:46', FALSE);
INSERT INTO users (user_id, username, email, password, first_name, last_name, phone, date_of_birth, created_at, deleted) VALUES (134, 'customer_134_ea0', 'trang.doan134@gmail.com', '$2b$12$eImiTxAk4vmMUL85vKH6He7mclMx4fB.XyA796Lfi9999G5vE.n2O30354D3E6A', 'Trang', 'Doan', '0866 611 360', '2001-03-10', '2025-09-23 10:05:15', FALSE);
INSERT INTO users (user_id, username, email, password, first_name, last_name, phone, date_of_birth, created_at, deleted) VALUES (135, 'customer_135_119', 'son.vo135@gmail.com', '$2b$12$eImiTxAk4vmMUL85vKH6He7mclMx4fB.XyA796Lfi9999G5vE.n2ODD98DC3393', 'Son', 'Vo', '0886 737 589', '2007-09-09', '2026-03-25 10:39:16', FALSE);
INSERT INTO users (user_id, username, email, password, first_name, last_name, phone, date_of_birth, created_at, deleted) VALUES (136, 'customer_136_fd8', 'toan.dinh136@gmail.com', '$2b$12$eImiTxAk4vmMUL85vKH6He7mclMx4fB.XyA796Lfi9999G5vE.n2O34C81FE9EE', 'Toan', 'Dinh', '0869 150 017', '2003-08-28', '2026-03-08 10:44:46', FALSE);
INSERT INTO users (user_id, username, email, password, first_name, last_name, phone, date_of_birth, created_at, deleted) VALUES (137, 'customer_137_989', 'tuan.luong137@gmail.com', '$2b$12$eImiTxAk4vmMUL85vKH6He7mclMx4fB.XyA796Lfi9999G5vE.n2O439FAE82F2', 'Tuan', 'Luong', '0199 651 4672', '2007-01-31', '2026-04-16 20:21:38', FALSE);
INSERT INTO users (user_id, username, email, password, first_name, last_name, phone, date_of_birth, created_at, deleted) VALUES (138, 'customer_138_365', 'trang.do138@gmail.com', '$2b$12$eImiTxAk4vmMUL85vKH6He7mclMx4fB.XyA796Lfi9999G5vE.n2O2A4332BACB', 'Trang', 'Do', '0166 018 7420', '2002-11-25', '2026-03-15 17:47:41', FALSE);
INSERT INTO users (user_id, username, email, password, first_name, last_name, phone, date_of_birth, created_at, deleted) VALUES (139, 'customer_139_ba5', 'quang.nguyen139@gmail.com', '$2b$12$eImiTxAk4vmMUL85vKH6He7mclMx4fB.XyA796Lfi9999G5vE.n2OA6BC30BDD1', 'Quang', 'Nguyen', '0167 667 4425', '2002-11-14', '2025-07-28 02:50:46', FALSE);
INSERT INTO users (user_id, username, email, password, first_name, last_name, phone, date_of_birth, created_at, deleted) VALUES (140, 'customer_140_8ab', 'khoa.dang140@gmail.com', '$2b$12$eImiTxAk4vmMUL85vKH6He7mclMx4fB.XyA796Lfi9999G5vE.n2O4F3D002567', 'Khoa', 'Dang', '0169 087 5884', '2008-01-17', '2026-04-09 03:58:44', FALSE);
INSERT INTO users (user_id, username, email, password, first_name, last_name, phone, date_of_birth, created_at, deleted) VALUES (141, 'customer_141_0a4', 'ngoc.bach141@gmail.com', '$2b$12$eImiTxAk4vmMUL85vKH6He7mclMx4fB.XyA796Lfi9999G5vE.n2O94B40D63E7', 'Ngoc', 'Bach', '0168 652 7524', '2004-09-05', '2026-04-16 20:46:05', FALSE);
INSERT INTO users (user_id, username, email, password, first_name, last_name, phone, date_of_birth, created_at, deleted) VALUES (142, 'customer_142_9ef', 'linh.truong142@gmail.com', '$2b$12$eImiTxAk4vmMUL85vKH6He7mclMx4fB.XyA796Lfi9999G5vE.n2O405208B11C', 'Linh', 'Truong', '0165 319 3156', '2003-08-09', '2025-09-25 21:29:57', FALSE);
INSERT INTO users (user_id, username, email, password, first_name, last_name, phone, date_of_birth, created_at, deleted) VALUES (143, 'customer_143_dde', 'oanh.ly143@gmail.com', '$2b$12$eImiTxAk4vmMUL85vKH6He7mclMx4fB.XyA796Lfi9999G5vE.n2O7D3C39A704', 'Oanh', 'Ly', '0167 707 5128', '2000-12-22', '2025-07-03 05:28:24', FALSE);
INSERT INTO users (user_id, username, email, password, first_name, last_name, phone, date_of_birth, created_at, deleted) VALUES (144, 'customer_144_cee', 'dinh.ha144@gmail.com', '$2b$12$eImiTxAk4vmMUL85vKH6He7mclMx4fB.XyA796Lfi9999G5vE.n2OD4BDE4FCBF', 'Dinh', 'Ha', '0167 150 4555', '2001-04-16', '2025-09-28 02:59:29', FALSE);
INSERT INTO users (user_id, username, email, password, first_name, last_name, phone, date_of_birth, created_at, deleted) VALUES (145, 'customer_145_b55', 'tri.ho145@gmail.com', '$2b$12$eImiTxAk4vmMUL85vKH6He7mclMx4fB.XyA796Lfi9999G5vE.n2O93DB036CE4', 'Tri', 'Ho', '0886 908 049', '2008-01-30', '2026-04-13 19:29:38', FALSE);
INSERT INTO users (user_id, username, email, password, first_name, last_name, phone, date_of_birth, created_at, deleted) VALUES (146, 'customer_146_a50', 'thinh.ngo146@gmail.com', '$2b$12$eImiTxAk4vmMUL85vKH6He7mclMx4fB.XyA796Lfi9999G5vE.n2O519BE749F0', 'Thinh', 'Ngo', '0168 910 3624', '2005-06-05', '2025-09-19 21:20:16', FALSE);
INSERT INTO users (user_id, username, email, password, first_name, last_name, phone, date_of_birth, created_at, deleted) VALUES (147, 'customer_147_1af', 'minh.trinh147@gmail.com', '$2b$12$eImiTxAk4vmMUL85vKH6He7mclMx4fB.XyA796Lfi9999G5vE.n2OD182FFE108', 'Minh', 'Trinh', '0900 169 722', '2002-08-22', '2026-05-28 19:16:03', FALSE);
INSERT INTO users (user_id, username, email, password, first_name, last_name, phone, date_of_birth, created_at, deleted) VALUES (148, 'customer_148_f42', 'khanh.quach148@gmail.com', '$2b$12$eImiTxAk4vmMUL85vKH6He7mclMx4fB.XyA796Lfi9999G5vE.n2O402C961A92', 'Khanh', 'Quach', '0168 168 5642', '2004-05-27', '2025-08-07 09:00:38', FALSE);
INSERT INTO users (user_id, username, email, password, first_name, last_name, phone, date_of_birth, created_at, deleted) VALUES (149, 'customer_149_f1a', 'quy.vo149@gmail.com', '$2b$12$eImiTxAk4vmMUL85vKH6He7mclMx4fB.XyA796Lfi9999G5vE.n2OF6D8124A1D', 'Quy', 'Vo', '0167 003 3042', '2004-12-24', '2025-08-13 07:08:57', FALSE);
INSERT INTO users (user_id, username, email, password, first_name, last_name, phone, date_of_birth, created_at, deleted) VALUES (150, 'customer_150_812', 'phan.tong150@gmail.com', '$2b$12$eImiTxAk4vmMUL85vKH6He7mclMx4fB.XyA796Lfi9999G5vE.n2O57AEA0D089', 'Phan', 'Tong', '0866 726 633', '2003-12-17', '2025-12-26 06:11:28', FALSE);
INSERT INTO users (user_id, username, email, password, first_name, last_name, phone, date_of_birth, created_at, deleted) VALUES (151, 'customer_151_b95', 'dung.ho151@gmail.com', '$2b$12$eImiTxAk4vmMUL85vKH6He7mclMx4fB.XyA796Lfi9999G5vE.n2O7274DC8165', 'Dung', 'Ho', '0128 289 8266', '2007-07-29', '2025-06-27 05:30:30', FALSE);
INSERT INTO users (user_id, username, email, password, first_name, last_name, phone, date_of_birth, created_at, deleted) VALUES (152, 'customer_152_596', 'khanh.bach152@gmail.com', '$2b$12$eImiTxAk4vmMUL85vKH6He7mclMx4fB.XyA796Lfi9999G5vE.n2OD15CC942C2', 'Khanh', 'Bach', '0199 531 1835', '2002-07-03', '2025-06-25 23:04:52', FALSE);
INSERT INTO users (user_id, username, email, password, first_name, last_name, phone, date_of_birth, created_at, deleted) VALUES (153, 'customer_153_f5a', 'anh.luu153@gmail.com', '$2b$12$eImiTxAk4vmMUL85vKH6He7mclMx4fB.XyA796Lfi9999G5vE.n2O5CF5D3FC0D', 'Anh', 'Luu', '0169 580 0288', '2002-06-02', '2026-02-22 00:25:39', FALSE);
INSERT INTO users (user_id, username, email, password, first_name, last_name, phone, date_of_birth, created_at, deleted) VALUES (154, 'customer_154_d36', 'linh.doan154@gmail.com', '$2b$12$eImiTxAk4vmMUL85vKH6He7mclMx4fB.XyA796Lfi9999G5vE.n2O297681C478', 'Linh', 'Doan', '0129 188 5048', '2002-09-26', '2025-11-08 14:35:48', FALSE);
INSERT INTO users (user_id, username, email, password, first_name, last_name, phone, date_of_birth, created_at, deleted) VALUES (155, 'customer_155_f56', 'dinh.le155@gmail.com', '$2b$12$eImiTxAk4vmMUL85vKH6He7mclMx4fB.XyA796Lfi9999G5vE.n2O40F07155FD', 'Dinh', 'Le', '0869 165 401', '2003-05-19', '2026-05-09 04:26:52', FALSE);
INSERT INTO users (user_id, username, email, password, first_name, last_name, phone, date_of_birth, created_at, deleted) VALUES (156, 'customer_156_ead', 'phuc.bach156@gmail.com', '$2b$12$eImiTxAk4vmMUL85vKH6He7mclMx4fB.XyA796Lfi9999G5vE.n2O8FED6C5901', 'Phuc', 'Bach', '0163 757 2935', '2005-04-16', '2025-09-16 23:32:15', FALSE);
INSERT INTO users (user_id, username, email, password, first_name, last_name, phone, date_of_birth, created_at, deleted) VALUES (157, 'customer_157_c3d', 'truc.doan157@gmail.com', '$2b$12$eImiTxAk4vmMUL85vKH6He7mclMx4fB.XyA796Lfi9999G5vE.n2OD213B6B5A6', 'Truc', 'Doan', '0866 804 713', '2001-11-20', '2025-10-24 22:29:44', FALSE);
INSERT INTO users (user_id, username, email, password, first_name, last_name, phone, date_of_birth, created_at, deleted) VALUES (158, 'customer_158_cf0', 'khanh.ha158@gmail.com', '$2b$12$eImiTxAk4vmMUL85vKH6He7mclMx4fB.XyA796Lfi9999G5vE.n2O26A77DCD3B', 'Khanh', 'Ha', '0167 269 0943', '2001-08-30', '2025-11-23 09:44:46', FALSE);
INSERT INTO users (user_id, username, email, password, first_name, last_name, phone, date_of_birth, created_at, deleted) VALUES (159, 'customer_159_aa3', 'dong.quach159@gmail.com', '$2b$12$eImiTxAk4vmMUL85vKH6He7mclMx4fB.XyA796Lfi9999G5vE.n2O4601C899CF', 'Dong', 'Quach', '0167 824 1442', '2005-09-19', '2026-03-31 07:04:56', FALSE);
INSERT INTO users (user_id, username, email, password, first_name, last_name, phone, date_of_birth, created_at, deleted) VALUES (160, 'customer_160_a72', 'khanh.ha160@gmail.com', '$2b$12$eImiTxAk4vmMUL85vKH6He7mclMx4fB.XyA796Lfi9999G5vE.n2O79A496059A', 'Khanh', 'Ha', '0168 972 7435', '2001-09-08', '2025-07-04 03:56:46', FALSE);
INSERT INTO users (user_id, username, email, password, first_name, last_name, phone, date_of_birth, created_at, deleted) VALUES (161, 'customer_161_365', 'tuan.dinh161@gmail.com', '$2b$12$eImiTxAk4vmMUL85vKH6He7mclMx4fB.XyA796Lfi9999G5vE.n2O460688229F', 'Tuan', 'Dinh', '0165 924 1556', '2005-11-09', '2025-08-24 16:00:26', FALSE);
INSERT INTO users (user_id, username, email, password, first_name, last_name, phone, date_of_birth, created_at, deleted) VALUES (162, 'customer_162_8ec', 'khoa.mai162@gmail.com', '$2b$12$eImiTxAk4vmMUL85vKH6He7mclMx4fB.XyA796Lfi9999G5vE.n2O5DA68640B2', 'Khoa', 'Mai', '0868 358 774', '2002-05-04', '2025-08-17 08:30:17', FALSE);
INSERT INTO users (user_id, username, email, password, first_name, last_name, phone, date_of_birth, created_at, deleted) VALUES (163, 'customer_163_368', 'thinh.phan163@gmail.com', '$2b$12$eImiTxAk4vmMUL85vKH6He7mclMx4fB.XyA796Lfi9999G5vE.n2OFF051310DD', 'Thinh', 'Phan', '0168 979 5978', '2001-11-25', '2025-06-19 15:37:42', FALSE);
INSERT INTO users (user_id, username, email, password, first_name, last_name, phone, date_of_birth, created_at, deleted) VALUES (164, 'customer_164_024', 'phan.luong164@gmail.com', '$2b$12$eImiTxAk4vmMUL85vKH6He7mclMx4fB.XyA796Lfi9999G5vE.n2OA5C2BED47A', 'Phan', 'Luong', '0869 638 565', '2004-04-28', '2026-05-14 16:28:34', FALSE);
INSERT INTO users (user_id, username, email, password, first_name, last_name, phone, date_of_birth, created_at, deleted) VALUES (165, 'customer_165_6d7', 'lam.ha165@gmail.com', '$2b$12$eImiTxAk4vmMUL85vKH6He7mclMx4fB.XyA796Lfi9999G5vE.n2O913184126C', 'Lam', 'Ha', '0186 882 2808', '2004-04-29', '2026-02-01 20:38:20', FALSE);
INSERT INTO users (user_id, username, email, password, first_name, last_name, phone, date_of_birth, created_at, deleted) VALUES (166, 'customer_166_4c9', 'diep.pham166@gmail.com', '$2b$12$eImiTxAk4vmMUL85vKH6He7mclMx4fB.XyA796Lfi9999G5vE.n2OA51A3EB0EB', 'Diep', 'Pham', '0199 396 0154', '2004-06-19', '2025-09-22 15:44:59', FALSE);
INSERT INTO users (user_id, username, email, password, first_name, last_name, phone, date_of_birth, created_at, deleted) VALUES (167, 'customer_167_0bf', 'minh.vu167@gmail.com', '$2b$12$eImiTxAk4vmMUL85vKH6He7mclMx4fB.XyA796Lfi9999G5vE.n2OD87DDDAD47', 'Minh', 'Vu', '0127 720 8128', '2004-01-23', '2025-08-28 11:11:28', FALSE);
INSERT INTO users (user_id, username, email, password, first_name, last_name, phone, date_of_birth, created_at, deleted) VALUES (168, 'customer_168_1b8', 'hong.ly168@gmail.com', '$2b$12$eImiTxAk4vmMUL85vKH6He7mclMx4fB.XyA796Lfi9999G5vE.n2O35D4707FCC', 'Hong', 'Ly', '0868 533 896', '2005-10-12', '2026-03-21 13:27:55', FALSE);
INSERT INTO users (user_id, username, email, password, first_name, last_name, phone, date_of_birth, created_at, deleted) VALUES (169, 'customer_169_bf0', 'toan.doan169@gmail.com', '$2b$12$eImiTxAk4vmMUL85vKH6He7mclMx4fB.XyA796Lfi9999G5vE.n2OF23D68BF35', 'Toan', 'Doan', '0165 536 5988', '2004-02-07', '2026-02-07 21:28:19', FALSE);
INSERT INTO users (user_id, username, email, password, first_name, last_name, phone, date_of_birth, created_at, deleted) VALUES (170, 'customer_170_c39', 'phuong.ha170@gmail.com', '$2b$12$eImiTxAk4vmMUL85vKH6He7mclMx4fB.XyA796Lfi9999G5vE.n2O8ACC91C7C7', 'Phuong', 'Ha', '0866 359 808', '2007-08-19', '2026-05-09 02:20:14', FALSE);
INSERT INTO users (user_id, username, email, password, first_name, last_name, phone, date_of_birth, created_at, deleted) VALUES (171, 'customer_171_7d1', 'thao.luu171@gmail.com', '$2b$12$eImiTxAk4vmMUL85vKH6He7mclMx4fB.XyA796Lfi9999G5vE.n2O3022161C2C', 'Thao', 'Luu', '0868 471 035', '2001-07-18', '2025-06-05 03:17:03', FALSE);
INSERT INTO users (user_id, username, email, password, first_name, last_name, phone, date_of_birth, created_at, deleted) VALUES (172, 'customer_172_f42', 'may.doan172@gmail.com', '$2b$12$eImiTxAk4vmMUL85vKH6He7mclMx4fB.XyA796Lfi9999G5vE.n2O3655265FC7', 'May', 'Doan', '0169 187 8879', '2000-08-27', '2025-07-05 22:53:02', FALSE);
INSERT INTO users (user_id, username, email, password, first_name, last_name, phone, date_of_birth, created_at, deleted) VALUES (173, 'customer_173_936', 'tuan.ly173@gmail.com', '$2b$12$eImiTxAk4vmMUL85vKH6He7mclMx4fB.XyA796Lfi9999G5vE.n2ODAD767D165', 'Tuan', 'Ly', '0166 248 0679', '2005-07-04', '2025-12-07 09:23:17', FALSE);
INSERT INTO users (user_id, username, email, password, first_name, last_name, phone, date_of_birth, created_at, deleted) VALUES (174, 'customer_174_631', 'phuc.tong174@gmail.com', '$2b$12$eImiTxAk4vmMUL85vKH6He7mclMx4fB.XyA796Lfi9999G5vE.n2O39677747E5', 'Phuc', 'Tong', '0165 687 4201', '2003-10-09', '2025-07-09 00:20:10', FALSE);
INSERT INTO users (user_id, username, email, password, first_name, last_name, phone, date_of_birth, created_at, deleted) VALUES (175, 'customer_175_de3', 'quang.tran175@gmail.com', '$2b$12$eImiTxAk4vmMUL85vKH6He7mclMx4fB.XyA796Lfi9999G5vE.n2O7D99455A1D', 'Quang', 'Tran', '0975 887 135', '2003-09-19', '2025-11-01 07:15:25', FALSE);
INSERT INTO users (user_id, username, email, password, first_name, last_name, phone, date_of_birth, created_at, deleted) VALUES (176, 'customer_176_5c1', 'quy.vo176@gmail.com', '$2b$12$eImiTxAk4vmMUL85vKH6He7mclMx4fB.XyA796Lfi9999G5vE.n2OCA2205DDDC', 'Quy', 'Vo', '0162 998 0493', '2000-09-05', '2026-03-11 20:43:54', FALSE);
INSERT INTO users (user_id, username, email, password, first_name, last_name, phone, date_of_birth, created_at, deleted) VALUES (177, 'customer_177_80f', 'linh.ly177@gmail.com', '$2b$12$eImiTxAk4vmMUL85vKH6He7mclMx4fB.XyA796Lfi9999G5vE.n2O63DBFE1FA2', 'Linh', 'Ly', '0868 413 219', '2003-12-17', '2025-11-14 15:53:59', FALSE);
INSERT INTO users (user_id, username, email, password, first_name, last_name, phone, date_of_birth, created_at, deleted) VALUES (178, 'customer_178_cc8', 'trang.bach178@gmail.com', '$2b$12$eImiTxAk4vmMUL85vKH6He7mclMx4fB.XyA796Lfi9999G5vE.n2O85084166EE', 'Trang', 'Bach', '0164 307 0975', '2001-12-03', '2026-05-06 20:39:07', FALSE);
INSERT INTO users (user_id, username, email, password, first_name, last_name, phone, date_of_birth, created_at, deleted) VALUES (179, 'customer_179_f05', 'duc.mai179@gmail.com', '$2b$12$eImiTxAk4vmMUL85vKH6He7mclMx4fB.XyA796Lfi9999G5vE.n2O2EA362CF91', 'Duc', 'Mai', '0868 234 752', '2002-08-01', '2026-03-13 14:13:40', FALSE);
INSERT INTO users (user_id, username, email, password, first_name, last_name, phone, date_of_birth, created_at, deleted) VALUES (180, 'customer_180_ca7', 'dinh.trinh180@gmail.com', '$2b$12$eImiTxAk4vmMUL85vKH6He7mclMx4fB.XyA796Lfi9999G5vE.n2OEA95B00B89', 'Dinh', 'Trinh', '0125 467 3012', '2000-09-20', '2026-01-14 02:50:38', FALSE);
INSERT INTO users (user_id, username, email, password, first_name, last_name, phone, date_of_birth, created_at, deleted) VALUES (181, 'customer_181_b70', 'tai.phan181@gmail.com', '$2b$12$eImiTxAk4vmMUL85vKH6He7mclMx4fB.XyA796Lfi9999G5vE.n2O1752028642', 'Tai', 'Phan', '0169 500 9489', '2001-08-05', '2025-07-27 06:18:39', FALSE);
INSERT INTO users (user_id, username, email, password, first_name, last_name, phone, date_of_birth, created_at, deleted) VALUES (182, 'customer_182_d1f', 'minh.vuong182@gmail.com', '$2b$12$eImiTxAk4vmMUL85vKH6He7mclMx4fB.XyA796Lfi9999G5vE.n2OAA1B2D7E38', 'Minh', 'Vuong', '0866 286 214', '2008-02-10', '2025-11-25 10:16:12', FALSE);
INSERT INTO users (user_id, username, email, password, first_name, last_name, phone, date_of_birth, created_at, deleted) VALUES (183, 'customer_183_bc1', 'thu.hoang183@gmail.com', '$2b$12$eImiTxAk4vmMUL85vKH6He7mclMx4fB.XyA796Lfi9999G5vE.n2OE64849C2C1', 'Thu', 'Hoang', '0162 899 7460', '2007-06-12', '2025-07-21 02:54:48', FALSE);
INSERT INTO users (user_id, username, email, password, first_name, last_name, phone, date_of_birth, created_at, deleted) VALUES (184, 'customer_184_903', 'minh.quach184@gmail.com', '$2b$12$eImiTxAk4vmMUL85vKH6He7mclMx4fB.XyA796Lfi9999G5vE.n2O8AF1A0DDE3', 'Minh', 'Quach', '0163 060 9815', '2005-01-12', '2025-11-23 00:26:11', FALSE);
INSERT INTO users (user_id, username, email, password, first_name, last_name, phone, date_of_birth, created_at, deleted) VALUES (185, 'customer_185_954', 'ngoc.pham185@gmail.com', '$2b$12$eImiTxAk4vmMUL85vKH6He7mclMx4fB.XyA796Lfi9999G5vE.n2OD6480750A5', 'Ngoc', 'Pham', '0186 271 3312', '2005-02-07', '2026-02-22 01:29:02', FALSE);
INSERT INTO users (user_id, username, email, password, first_name, last_name, phone, date_of_birth, created_at, deleted) VALUES (186, 'customer_186_8e3', 'bac.quach186@gmail.com', '$2b$12$eImiTxAk4vmMUL85vKH6He7mclMx4fB.XyA796Lfi9999G5vE.n2ODD76BFACED', 'Bac', 'Quach', '0887 528 612', '2003-05-30', '2026-02-05 22:28:23', FALSE);
INSERT INTO users (user_id, username, email, password, first_name, last_name, phone, date_of_birth, created_at, deleted) VALUES (187, 'customer_187_b43', 'van.doan187@gmail.com', '$2b$12$eImiTxAk4vmMUL85vKH6He7mclMx4fB.XyA796Lfi9999G5vE.n2OCE4221A7D8', 'Van', 'Doan', '0188 831 6258', '2002-05-07', '2026-05-09 01:51:41', FALSE);
INSERT INTO users (user_id, username, email, password, first_name, last_name, phone, date_of_birth, created_at, deleted) VALUES (188, 'customer_188_b13', 'tri.truong188@gmail.com', '$2b$12$eImiTxAk4vmMUL85vKH6He7mclMx4fB.XyA796Lfi9999G5vE.n2O81A8711FDC', 'Tri', 'Truong', '0164 499 5048', '2005-09-26', '2025-11-28 09:37:38', FALSE);
INSERT INTO users (user_id, username, email, password, first_name, last_name, phone, date_of_birth, created_at, deleted) VALUES (189, 'customer_189_9cd', 'thu.le189@gmail.com', '$2b$12$eImiTxAk4vmMUL85vKH6He7mclMx4fB.XyA796Lfi9999G5vE.n2O1BA65F0AD1', 'Thu', 'Le', '0186 643 4997', '2003-04-03', '2025-09-19 15:41:14', FALSE);
INSERT INTO users (user_id, username, email, password, first_name, last_name, phone, date_of_birth, created_at, deleted) VALUES (190, 'customer_190_3b8', 'duc.dang190@gmail.com', '$2b$12$eImiTxAk4vmMUL85vKH6He7mclMx4fB.XyA796Lfi9999G5vE.n2OE950524D54', 'Duc', 'Dang', '0167 894 6207', '2001-03-23', '2025-12-07 05:00:27', FALSE);
INSERT INTO users (user_id, username, email, password, first_name, last_name, phone, date_of_birth, created_at, deleted) VALUES (191, 'customer_191_5c7', 'anh.tran191@gmail.com', '$2b$12$eImiTxAk4vmMUL85vKH6He7mclMx4fB.XyA796Lfi9999G5vE.n2OE4C754C176', 'Anh', 'Tran', '0169 355 6015', '2004-04-24', '2026-01-23 19:56:10', FALSE);
INSERT INTO users (user_id, username, email, password, first_name, last_name, phone, date_of_birth, created_at, deleted) VALUES (192, 'customer_192_edf', 'dung.doan192@gmail.com', '$2b$12$eImiTxAk4vmMUL85vKH6He7mclMx4fB.XyA796Lfi9999G5vE.n2O20C32C1E48', 'Dung', 'Doan', '0163 406 4373', '2007-02-24', '2025-07-21 17:45:05', FALSE);
INSERT INTO users (user_id, username, email, password, first_name, last_name, phone, date_of_birth, created_at, deleted) VALUES (193, 'customer_193_c68', 'linh.ly193@gmail.com', '$2b$12$eImiTxAk4vmMUL85vKH6He7mclMx4fB.XyA796Lfi9999G5vE.n2OA0D9353780', 'Linh', 'Ly', '0186 682 7192', '2004-02-17', '2026-02-14 12:26:20', FALSE);
INSERT INTO users (user_id, username, email, password, first_name, last_name, phone, date_of_birth, created_at, deleted) VALUES (194, 'customer_194_aa8', 'linh.bach194@gmail.com', '$2b$12$eImiTxAk4vmMUL85vKH6He7mclMx4fB.XyA796Lfi9999G5vE.n2OE2BD1FB6B0', 'Linh', 'Bach', '0869 681 901', '2001-09-06', '2025-10-23 04:24:26', FALSE);
INSERT INTO users (user_id, username, email, password, first_name, last_name, phone, date_of_birth, created_at, deleted) VALUES (195, 'customer_195_66e', 'tung.ly195@gmail.com', '$2b$12$eImiTxAk4vmMUL85vKH6He7mclMx4fB.XyA796Lfi9999G5vE.n2O4F61055A96', 'Tung', 'Ly', '0869 347 102', '2006-07-30', '2025-12-03 16:37:01', FALSE);
INSERT INTO users (user_id, username, email, password, first_name, last_name, phone, date_of_birth, created_at, deleted) VALUES (196, 'customer_196_9ff', 'quang.luu196@gmail.com', '$2b$12$eImiTxAk4vmMUL85vKH6He7mclMx4fB.XyA796Lfi9999G5vE.n2O7E287D60FE', 'Quang', 'Luu', '0186 681 3951', '2005-06-05', '2025-06-10 07:53:06', FALSE);
INSERT INTO users (user_id, username, email, password, first_name, last_name, phone, date_of_birth, created_at, deleted) VALUES (197, 'customer_197_2cf', 'khoa.ho197@gmail.com', '$2b$12$eImiTxAk4vmMUL85vKH6He7mclMx4fB.XyA796Lfi9999G5vE.n2O6A4CED3860', 'Khoa', 'Ho', '0188 456 0129', '2005-09-20', '2026-02-02 02:46:36', FALSE);
INSERT INTO users (user_id, username, email, password, first_name, last_name, phone, date_of_birth, created_at, deleted) VALUES (198, 'customer_198_805', 'mai.dinh198@gmail.com', '$2b$12$eImiTxAk4vmMUL85vKH6He7mclMx4fB.XyA796Lfi9999G5vE.n2O5445F4AA50', 'Mai', 'Dinh', '0162 826 1798', '2008-03-03', '2025-10-14 07:58:27', FALSE);
INSERT INTO users (user_id, username, email, password, first_name, last_name, phone, date_of_birth, created_at, deleted) VALUES (199, 'customer_199_b59', 'hang.dang199@gmail.com', '$2b$12$eImiTxAk4vmMUL85vKH6He7mclMx4fB.XyA796Lfi9999G5vE.n2OACA3CFE60A', 'Hang', 'Dang', '0165 238 8905', '2001-10-09', '2025-10-02 11:27:05', FALSE);
INSERT INTO users (user_id, username, email, password, first_name, last_name, phone, date_of_birth, created_at, deleted) VALUES (200, 'customer_200_faf', 'quy.phan200@gmail.com', '$2b$12$eImiTxAk4vmMUL85vKH6He7mclMx4fB.XyA796Lfi9999G5vE.n2OE2EA2B17A3', 'Quy', 'Phan', '0869 223 297', '2005-07-08', '2025-08-02 23:23:12', FALSE);
INSERT INTO users (user_id, username, email, password, first_name, last_name, phone, date_of_birth, created_at, deleted) VALUES (201, 'customer_201_775', 'linh.dinh201@gmail.com', '$2b$12$eImiTxAk4vmMUL85vKH6He7mclMx4fB.XyA796Lfi9999G5vE.n2OD2337931C3', 'Linh', 'Dinh', '0866 969 325', '2005-05-16', '2025-11-04 13:23:49', FALSE);
INSERT INTO users (user_id, username, email, password, first_name, last_name, phone, date_of_birth, created_at, deleted) VALUES (202, 'customer_202_9a2', 'anh.hoang202@gmail.com', '$2b$12$eImiTxAk4vmMUL85vKH6He7mclMx4fB.XyA796Lfi9999G5vE.n2O6C0840C33B', 'Anh', 'Hoang', '0866 510 300', '2003-12-11', '2026-05-14 03:39:56', FALSE);
INSERT INTO users (user_id, username, email, password, first_name, last_name, phone, date_of_birth, created_at, deleted) VALUES (203, 'customer_203_70b', 'trang.pham203@gmail.com', '$2b$12$eImiTxAk4vmMUL85vKH6He7mclMx4fB.XyA796Lfi9999G5vE.n2OD81C10E0B4', 'Trang', 'Pham', '0869 502 227', '2001-08-17', '2025-12-14 05:16:24', FALSE);
INSERT INTO users (user_id, username, email, password, first_name, last_name, phone, date_of_birth, created_at, deleted) VALUES (204, 'customer_204_add', 'ngoc.dao204@gmail.com', '$2b$12$eImiTxAk4vmMUL85vKH6He7mclMx4fB.XyA796Lfi9999G5vE.n2O0D04D5A05C', 'Ngoc', 'Dao', '0163 492 8546', '2005-07-03', '2025-06-21 20:40:39', FALSE);
INSERT INTO users (user_id, username, email, password, first_name, last_name, phone, date_of_birth, created_at, deleted) VALUES (205, 'customer_205_e7b', 'quy.mai205@gmail.com', '$2b$12$eImiTxAk4vmMUL85vKH6He7mclMx4fB.XyA796Lfi9999G5vE.n2O89845894B5', 'Quy', 'Mai', '0186 634 4049', '2002-12-06', '2025-06-13 08:42:36', FALSE);
INSERT INTO users (user_id, username, email, password, first_name, last_name, phone, date_of_birth, created_at, deleted) VALUES (206, 'customer_206_17b', 'thu.luong206@gmail.com', '$2b$12$eImiTxAk4vmMUL85vKH6He7mclMx4fB.XyA796Lfi9999G5vE.n2OB0A3A6D48D', 'Thu', 'Luong', '0186 536 9136', '2005-11-08', '2026-02-28 16:27:27', FALSE);
INSERT INTO users (user_id, username, email, password, first_name, last_name, phone, date_of_birth, created_at, deleted) VALUES (207, 'customer_207_fe5', 'phuc.dinh207@gmail.com', '$2b$12$eImiTxAk4vmMUL85vKH6He7mclMx4fB.XyA796Lfi9999G5vE.n2O59EFACF1CA', 'Phuc', 'Dinh', '0883 331 022', '2001-07-22', '2025-11-29 21:03:35', FALSE);
INSERT INTO users (user_id, username, email, password, first_name, last_name, phone, date_of_birth, created_at, deleted) VALUES (208, 'customer_208_3b3', 'nhat.luu208@gmail.com', '$2b$12$eImiTxAk4vmMUL85vKH6He7mclMx4fB.XyA796Lfi9999G5vE.n2O7BE2AD8BBF', 'Nhat', 'Luu', '0167 767 6421', '2002-11-19', '2026-02-07 00:40:36', FALSE);
INSERT INTO users (user_id, username, email, password, first_name, last_name, phone, date_of_birth, created_at, deleted) VALUES (209, 'customer_209_70a', 'quang.phung209@gmail.com', '$2b$12$eImiTxAk4vmMUL85vKH6He7mclMx4fB.XyA796Lfi9999G5vE.n2O6776581DA8', 'Quang', 'Phung', '0926 410 753', '2001-11-01', '2026-02-19 06:28:35', FALSE);
INSERT INTO users (user_id, username, email, password, first_name, last_name, phone, date_of_birth, created_at, deleted) VALUES (210, 'customer_210_1f3', 'dong.luong210@gmail.com', '$2b$12$eImiTxAk4vmMUL85vKH6He7mclMx4fB.XyA796Lfi9999G5vE.n2O0E64219D15', 'Dong', 'Luong', '0169 690 0334', '2007-07-05', '2025-08-26 10:25:52', FALSE);
INSERT INTO users (user_id, username, email, password, first_name, last_name, phone, date_of_birth, created_at, deleted) VALUES (211, 'customer_211_4fb', 'dinh.bach211@gmail.com', '$2b$12$eImiTxAk4vmMUL85vKH6He7mclMx4fB.XyA796Lfi9999G5vE.n2O34481828A2', 'Dinh', 'Bach', '0199 303 2899', '2007-10-12', '2026-01-23 15:33:57', FALSE);
INSERT INTO users (user_id, username, email, password, first_name, last_name, phone, date_of_birth, created_at, deleted) VALUES (212, 'customer_212_cf2', 'tung.vuong212@gmail.com', '$2b$12$eImiTxAk4vmMUL85vKH6He7mclMx4fB.XyA796Lfi9999G5vE.n2O79B0D7FFD6', 'Tung', 'Vuong', '0913 968 614', '2007-04-17', '2025-07-31 12:09:30', FALSE);
INSERT INTO users (user_id, username, email, password, first_name, last_name, phone, date_of_birth, created_at, deleted) VALUES (213, 'customer_213_e36', 'phuong.dinh213@gmail.com', '$2b$12$eImiTxAk4vmMUL85vKH6He7mclMx4fB.XyA796Lfi9999G5vE.n2OEFFF09CB52', 'Phuong', 'Dinh', '0869 015 391', '2000-08-12', '2026-04-15 17:26:23', FALSE);
INSERT INTO users (user_id, username, email, password, first_name, last_name, phone, date_of_birth, created_at, deleted) VALUES (214, 'customer_214_9b8', 'bac.pham214@gmail.com', '$2b$12$eImiTxAk4vmMUL85vKH6He7mclMx4fB.XyA796Lfi9999G5vE.n2O211CB8DE9B', 'Bac', 'Pham', '0162 769 6719', '2001-01-03', '2025-08-02 13:49:31', FALSE);
INSERT INTO users (user_id, username, email, password, first_name, last_name, phone, date_of_birth, created_at, deleted) VALUES (215, 'customer_215_61b', 'khanh.vuong215@gmail.com', '$2b$12$eImiTxAk4vmMUL85vKH6He7mclMx4fB.XyA796Lfi9999G5vE.n2O8703D1B3E0', 'Khanh', 'Vuong', '0169 845 9562', '2003-05-21', '2025-08-07 20:47:19', FALSE);
INSERT INTO users (user_id, username, email, password, first_name, last_name, phone, date_of_birth, created_at, deleted) VALUES (216, 'customer_216_cf8', 'duc.dao216@gmail.com', '$2b$12$eImiTxAk4vmMUL85vKH6He7mclMx4fB.XyA796Lfi9999G5vE.n2O391231BE5B', 'Duc', 'Dao', '0199 098 6597', '2005-09-20', '2026-03-21 00:50:39', FALSE);
INSERT INTO users (user_id, username, email, password, first_name, last_name, phone, date_of_birth, created_at, deleted) VALUES (217, 'customer_217_bac', 'ngan.quach217@gmail.com', '$2b$12$eImiTxAk4vmMUL85vKH6He7mclMx4fB.XyA796Lfi9999G5vE.n2OC273567F20', 'Ngan', 'Quach', '0122 820 9604', '2003-11-24', '2025-06-07 21:31:28', FALSE);
INSERT INTO users (user_id, username, email, password, first_name, last_name, phone, date_of_birth, created_at, deleted) VALUES (218, 'customer_218_3d8', 'quang.vuong218@gmail.com', '$2b$12$eImiTxAk4vmMUL85vKH6He7mclMx4fB.XyA796Lfi9999G5vE.n2O18BF8D16A2', 'Quang', 'Vuong', '0868 493 253', '2008-03-04', '2025-11-13 18:15:41', FALSE);
INSERT INTO users (user_id, username, email, password, first_name, last_name, phone, date_of_birth, created_at, deleted) VALUES (219, 'customer_219_190', 'hong.truong219@gmail.com', '$2b$12$eImiTxAk4vmMUL85vKH6He7mclMx4fB.XyA796Lfi9999G5vE.n2O92031EADD8', 'Hong', 'Truong', '0869 737 372', '2002-03-15', '2025-12-28 13:06:03', FALSE);
INSERT INTO users (user_id, username, email, password, first_name, last_name, phone, date_of_birth, created_at, deleted) VALUES (220, 'customer_220_086', 'diep.truong220@gmail.com', '$2b$12$eImiTxAk4vmMUL85vKH6He7mclMx4fB.XyA796Lfi9999G5vE.n2OBE8A2385DE', 'Diep', 'Truong', '0168 953 3279', '2005-03-10', '2026-05-14 23:21:39', FALSE);
INSERT INTO users (user_id, username, email, password, first_name, last_name, phone, date_of_birth, created_at, deleted) VALUES (221, 'customer_221_ec2', 'phuc.vo221@gmail.com', '$2b$12$eImiTxAk4vmMUL85vKH6He7mclMx4fB.XyA796Lfi9999G5vE.n2O8A0C8D0727', 'Phuc', 'Vo', '0868 543 800', '2006-10-10', '2026-02-28 08:31:36', FALSE);
INSERT INTO users (user_id, username, email, password, first_name, last_name, phone, date_of_birth, created_at, deleted) VALUES (222, 'customer_222_f05', 'son.phan222@gmail.com', '$2b$12$eImiTxAk4vmMUL85vKH6He7mclMx4fB.XyA796Lfi9999G5vE.n2O7F30A1527E', 'Son', 'Phan', '0166 676 7564', '2004-01-20', '2025-09-25 10:45:35', FALSE);
INSERT INTO users (user_id, username, email, password, first_name, last_name, phone, date_of_birth, created_at, deleted) VALUES (223, 'customer_223_d32', 'khanh.phan223@gmail.com', '$2b$12$eImiTxAk4vmMUL85vKH6He7mclMx4fB.XyA796Lfi9999G5vE.n2O9CCD7481CF', 'Khanh', 'Phan', '0869 905 719', '2003-04-02', '2025-10-27 13:22:37', FALSE);
INSERT INTO users (user_id, username, email, password, first_name, last_name, phone, date_of_birth, created_at, deleted) VALUES (224, 'customer_224_30c', 'may.doan224@gmail.com', '$2b$12$eImiTxAk4vmMUL85vKH6He7mclMx4fB.XyA796Lfi9999G5vE.n2OC47FB6C7B2', 'May', 'Doan', '0163 497 3896', '2006-02-06', '2025-06-27 19:43:59', FALSE);
INSERT INTO users (user_id, username, email, password, first_name, last_name, phone, date_of_birth, created_at, deleted) VALUES (225, 'customer_225_cd0', 'tuan.luu225@gmail.com', '$2b$12$eImiTxAk4vmMUL85vKH6He7mclMx4fB.XyA796Lfi9999G5vE.n2O371BED5688', 'Tuan', 'Luu', '0165 408 2631', '2005-05-15', '2025-11-25 17:47:37', FALSE);
INSERT INTO users (user_id, username, email, password, first_name, last_name, phone, date_of_birth, created_at, deleted) VALUES (226, 'customer_226_f21', 'hieu.ha226@gmail.com', '$2b$12$eImiTxAk4vmMUL85vKH6He7mclMx4fB.XyA796Lfi9999G5vE.n2OF401631E06', 'Hieu', 'Ha', '0164 991 8189', '2004-06-02', '2025-07-16 07:52:40', FALSE);
INSERT INTO users (user_id, username, email, password, first_name, last_name, phone, date_of_birth, created_at, deleted) VALUES (227, 'customer_227_106', 'trang.dang227@gmail.com', '$2b$12$eImiTxAk4vmMUL85vKH6He7mclMx4fB.XyA796Lfi9999G5vE.n2O73BE86C131', 'Trang', 'Dang', '0199 278 6518', '2000-12-17', '2025-12-01 20:57:09', FALSE);
INSERT INTO users (user_id, username, email, password, first_name, last_name, phone, date_of_birth, created_at, deleted) VALUES (228, 'customer_228_ca0', 'may.luong228@gmail.com', '$2b$12$eImiTxAk4vmMUL85vKH6He7mclMx4fB.XyA796Lfi9999G5vE.n2OD5F9DD0BD8', 'May', 'Luong', '0912 276 513', '2002-09-05', '2026-05-12 00:42:44', FALSE);
INSERT INTO users (user_id, username, email, password, first_name, last_name, phone, date_of_birth, created_at, deleted) VALUES (229, 'customer_229_8e2', 'minh.vuong229@gmail.com', '$2b$12$eImiTxAk4vmMUL85vKH6He7mclMx4fB.XyA796Lfi9999G5vE.n2O1049B045BF', 'Minh', 'Vuong', '0946 497 408', '2004-03-24', '2025-10-03 18:54:15', FALSE);
INSERT INTO users (user_id, username, email, password, first_name, last_name, phone, date_of_birth, created_at, deleted) VALUES (230, 'customer_230_cee', 'vinh.luu230@gmail.com', '$2b$12$eImiTxAk4vmMUL85vKH6He7mclMx4fB.XyA796Lfi9999G5vE.n2OEB17D146CC', 'Vinh', 'Luu', '0199 785 2402', '2003-02-13', '2025-06-14 12:07:06', FALSE);
INSERT INTO users (user_id, username, email, password, first_name, last_name, phone, date_of_birth, created_at, deleted) VALUES (231, 'customer_231_226', 'hang.ha231@gmail.com', '$2b$12$eImiTxAk4vmMUL85vKH6He7mclMx4fB.XyA796Lfi9999G5vE.n2O3519363691', 'Hang', 'Ha', '0869 307 585', '2007-07-22', '2026-03-20 18:49:23', FALSE);
INSERT INTO users (user_id, username, email, password, first_name, last_name, phone, date_of_birth, created_at, deleted) VALUES (232, 'customer_232_d37', 'phan.cao232@gmail.com', '$2b$12$eImiTxAk4vmMUL85vKH6He7mclMx4fB.XyA796Lfi9999G5vE.n2O5E03838AF1', 'Phan', 'Cao', '0164 884 3984', '2002-12-23', '2025-06-07 19:58:06', FALSE);
INSERT INTO users (user_id, username, email, password, first_name, last_name, phone, date_of_birth, created_at, deleted) VALUES (233, 'customer_233_fc6', 'yen.truong233@gmail.com', '$2b$12$eImiTxAk4vmMUL85vKH6He7mclMx4fB.XyA796Lfi9999G5vE.n2O5ACC27FCEA', 'Yen', 'Truong', '0124 541 9716', '2002-08-31', '2026-04-27 17:06:21', FALSE);
INSERT INTO users (user_id, username, email, password, first_name, last_name, phone, date_of_birth, created_at, deleted) VALUES (234, 'customer_234_f74', 'khanh.dinh234@gmail.com', '$2b$12$eImiTxAk4vmMUL85vKH6He7mclMx4fB.XyA796Lfi9999G5vE.n2OD29950319C', 'Khanh', 'Dinh', '0866 116 025', '2001-04-27', '2025-10-22 23:10:12', FALSE);
INSERT INTO users (user_id, username, email, password, first_name, last_name, phone, date_of_birth, created_at, deleted) VALUES (235, 'customer_235_15b', 'quang.truong235@gmail.com', '$2b$12$eImiTxAk4vmMUL85vKH6He7mclMx4fB.XyA796Lfi9999G5vE.n2O13768ECB60', 'Quang', 'Truong', '0169 073 5520', '2001-04-02', '2025-11-24 09:02:49', FALSE);
INSERT INTO users (user_id, username, email, password, first_name, last_name, phone, date_of_birth, created_at, deleted) VALUES (236, 'customer_236_cb1', 'toan.nguyen236@gmail.com', '$2b$12$eImiTxAk4vmMUL85vKH6He7mclMx4fB.XyA796Lfi9999G5vE.n2OE2BA3EA2F5', 'Toan', 'Nguyen', '0162 383 4975', '2005-05-19', '2026-03-21 20:04:33', FALSE);
INSERT INTO users (user_id, username, email, password, first_name, last_name, phone, date_of_birth, created_at, deleted) VALUES (237, 'customer_237_44b', 'ngan.dao237@gmail.com', '$2b$12$eImiTxAk4vmMUL85vKH6He7mclMx4fB.XyA796Lfi9999G5vE.n2O4325204101', 'Ngan', 'Dao', '0163 761 7510', '2006-09-30', '2025-11-29 04:50:44', FALSE);
INSERT INTO users (user_id, username, email, password, first_name, last_name, phone, date_of_birth, created_at, deleted) VALUES (238, 'customer_238_f28', 'phuong.dang238@gmail.com', '$2b$12$eImiTxAk4vmMUL85vKH6He7mclMx4fB.XyA796Lfi9999G5vE.n2O52A27B23AF', 'Phuong', 'Dang', '0868 227 721', '2008-03-08', '2026-04-03 13:03:36', FALSE);
INSERT INTO users (user_id, username, email, password, first_name, last_name, phone, date_of_birth, created_at, deleted) VALUES (239, 'customer_239_839', 'thu.dinh239@gmail.com', '$2b$12$eImiTxAk4vmMUL85vKH6He7mclMx4fB.XyA796Lfi9999G5vE.n2OC808F386DF', 'Thu', 'Dinh', '0866 321 552', '2001-06-15', '2026-01-27 19:42:08', FALSE);
INSERT INTO users (user_id, username, email, password, first_name, last_name, phone, date_of_birth, created_at, deleted) VALUES (240, 'customer_240_479', 'dinh.cao240@gmail.com', '$2b$12$eImiTxAk4vmMUL85vKH6He7mclMx4fB.XyA796Lfi9999G5vE.n2O32F7075A4F', 'Dinh', 'Cao', '0164 915 7153', '2005-01-09', '2025-10-12 02:40:54', FALSE);
INSERT INTO users (user_id, username, email, password, first_name, last_name, phone, date_of_birth, created_at, deleted) VALUES (241, 'customer_241_d7e', 'hong.luu241@gmail.com', '$2b$12$eImiTxAk4vmMUL85vKH6He7mclMx4fB.XyA796Lfi9999G5vE.n2OBFA4726EE8', 'Hong', 'Luu', '0880 813 367', '2001-09-09', '2026-02-06 21:15:31', FALSE);
INSERT INTO users (user_id, username, email, password, first_name, last_name, phone, date_of_birth, created_at, deleted) VALUES (242, 'customer_242_6ad', 'quang.doan242@gmail.com', '$2b$12$eImiTxAk4vmMUL85vKH6He7mclMx4fB.XyA796Lfi9999G5vE.n2OA1C15AB367', 'Quang', 'Doan', '0165 064 8241', '2007-07-16', '2025-11-22 16:37:33', FALSE);
INSERT INTO users (user_id, username, email, password, first_name, last_name, phone, date_of_birth, created_at, deleted) VALUES (243, 'customer_243_be3', 'khoa.luong243@gmail.com', '$2b$12$eImiTxAk4vmMUL85vKH6He7mclMx4fB.XyA796Lfi9999G5vE.n2O64840AB1F9', 'Khoa', 'Luong', '0868 547 041', '2001-07-30', '2025-09-02 14:44:21', FALSE);
INSERT INTO users (user_id, username, email, password, first_name, last_name, phone, date_of_birth, created_at, deleted) VALUES (244, 'customer_244_542', 'ngan.do244@gmail.com', '$2b$12$eImiTxAk4vmMUL85vKH6He7mclMx4fB.XyA796Lfi9999G5vE.n2OD353AD87D6', 'Ngan', 'Do', '0163 768 1912', '2000-09-08', '2025-11-02 16:10:52', FALSE);
INSERT INTO users (user_id, username, email, password, first_name, last_name, phone, date_of_birth, created_at, deleted) VALUES (245, 'customer_245_4de', 'thu.bach245@gmail.com', '$2b$12$eImiTxAk4vmMUL85vKH6He7mclMx4fB.XyA796Lfi9999G5vE.n2O126B748F7A', 'Thu', 'Bach', '0868 763 161', '2005-01-20', '2026-03-27 11:14:46', FALSE);
INSERT INTO users (user_id, username, email, password, first_name, last_name, phone, date_of_birth, created_at, deleted) VALUES (246, 'customer_246_fed', 'quang.mai246@gmail.com', '$2b$12$eImiTxAk4vmMUL85vKH6He7mclMx4fB.XyA796Lfi9999G5vE.n2O60958EB690', 'Quang', 'Mai', '0165 387 4166', '2005-05-19', '2025-10-11 15:49:20', FALSE);
INSERT INTO users (user_id, username, email, password, first_name, last_name, phone, date_of_birth, created_at, deleted) VALUES (247, 'customer_247_8d6', 'hang.phan247@gmail.com', '$2b$12$eImiTxAk4vmMUL85vKH6He7mclMx4fB.XyA796Lfi9999G5vE.n2O750D2AC93B', 'Hang', 'Phan', '0188 018 7373', '2007-11-21', '2025-12-12 17:18:10', FALSE);
INSERT INTO users (user_id, username, email, password, first_name, last_name, phone, date_of_birth, created_at, deleted) VALUES (248, 'customer_248_2e3', 'thu.dinh248@gmail.com', '$2b$12$eImiTxAk4vmMUL85vKH6He7mclMx4fB.XyA796Lfi9999G5vE.n2O96FF430CA1', 'Thu', 'Dinh', '0166 067 0646', '2000-12-05', '2026-04-25 03:37:43', FALSE);
INSERT INTO users (user_id, username, email, password, first_name, last_name, phone, date_of_birth, created_at, deleted) VALUES (249, 'customer_249_7e0', 'duc.phung249@gmail.com', '$2b$12$eImiTxAk4vmMUL85vKH6He7mclMx4fB.XyA796Lfi9999G5vE.n2O875B381E65', 'Duc', 'Phung', '0199 937 6994', '2007-03-29', '2025-10-27 02:14:30', FALSE);
INSERT INTO users (user_id, username, email, password, first_name, last_name, phone, date_of_birth, created_at, deleted) VALUES (250, 'customer_250_f1f', 'may.dinh250@gmail.com', '$2b$12$eImiTxAk4vmMUL85vKH6He7mclMx4fB.XyA796Lfi9999G5vE.n2O700990E2B0', 'May', 'Dinh', '0868 293 535', '2008-02-09', '2026-02-04 16:39:05', FALSE);
INSERT INTO users (user_id, username, email, password, first_name, last_name, phone, date_of_birth, created_at, deleted) VALUES (251, 'customer_251_c95', 'hong.phan251@gmail.com', '$2b$12$eImiTxAk4vmMUL85vKH6He7mclMx4fB.XyA796Lfi9999G5vE.n2O0063251EEE', 'Hong', 'Phan', '0169 669 0075', '2002-06-02', '2026-02-25 14:11:09', FALSE);
INSERT INTO users (user_id, username, email, password, first_name, last_name, phone, date_of_birth, created_at, deleted) VALUES (252, 'customer_252_20a', 'vinh.doan252@gmail.com', '$2b$12$eImiTxAk4vmMUL85vKH6He7mclMx4fB.XyA796Lfi9999G5vE.n2O236AA9FC09', 'Vinh', 'Doan', '0984 678 157', '2003-09-21', '2025-12-19 16:00:05', FALSE);
INSERT INTO users (user_id, username, email, password, first_name, last_name, phone, date_of_birth, created_at, deleted) VALUES (253, 'customer_253_e8f', 'yen.phan253@gmail.com', '$2b$12$eImiTxAk4vmMUL85vKH6He7mclMx4fB.XyA796Lfi9999G5vE.n2OAA4989D880', 'Yen', 'Phan', '0166 469 5929', '2007-01-01', '2025-12-17 04:19:20', FALSE);
INSERT INTO users (user_id, username, email, password, first_name, last_name, phone, date_of_birth, created_at, deleted) VALUES (254, 'customer_254_dbd', 'oanh.phan254@gmail.com', '$2b$12$eImiTxAk4vmMUL85vKH6He7mclMx4fB.XyA796Lfi9999G5vE.n2O1033136025', 'Oanh', 'Phan', '0869 723 011', '2007-06-21', '2026-05-14 03:00:09', FALSE);
INSERT INTO users (user_id, username, email, password, first_name, last_name, phone, date_of_birth, created_at, deleted) VALUES (255, 'customer_255_7b0', 'thu.tran255@gmail.com', '$2b$12$eImiTxAk4vmMUL85vKH6He7mclMx4fB.XyA796Lfi9999G5vE.n2O8016A56D08', 'Thu', 'Tran', '0167 635 9993', '2007-04-05', '2026-05-03 06:21:11', FALSE);
INSERT INTO users (user_id, username, email, password, first_name, last_name, phone, date_of_birth, created_at, deleted) VALUES (256, 'customer_256_42e', 'dao.luu256@gmail.com', '$2b$12$eImiTxAk4vmMUL85vKH6He7mclMx4fB.XyA796Lfi9999G5vE.n2OB83AEBD1C5', 'Dao', 'Luu', '0122 332 6830', '2005-12-06', '2026-03-21 08:34:05', FALSE);
INSERT INTO users (user_id, username, email, password, first_name, last_name, phone, date_of_birth, created_at, deleted) VALUES (257, 'customer_257_1dc', 'hong.phung257@gmail.com', '$2b$12$eImiTxAk4vmMUL85vKH6He7mclMx4fB.XyA796Lfi9999G5vE.n2O63ED84E840', 'Hong', 'Phung', '0163 495 1589', '2005-06-28', '2026-01-21 02:00:01', FALSE);
INSERT INTO users (user_id, username, email, password, first_name, last_name, phone, date_of_birth, created_at, deleted) VALUES (258, 'customer_258_1b0', 'hieu.vo258@gmail.com', '$2b$12$eImiTxAk4vmMUL85vKH6He7mclMx4fB.XyA796Lfi9999G5vE.n2O1514B7315F', 'Hieu', 'Vo', '0169 394 8736', '2004-04-03', '2026-01-23 09:48:53', FALSE);
INSERT INTO users (user_id, username, email, password, first_name, last_name, phone, date_of_birth, created_at, deleted) VALUES (259, 'customer_259_2ba', 'van.luong259@gmail.com', '$2b$12$eImiTxAk4vmMUL85vKH6He7mclMx4fB.XyA796Lfi9999G5vE.n2OE27F4BFB99', 'Van', 'Luong', '0881 702 380', '2003-08-31', '2026-02-07 15:11:31', FALSE);
INSERT INTO users (user_id, username, email, password, first_name, last_name, phone, date_of_birth, created_at, deleted) VALUES (260, 'customer_260_4d8', 'quy.dang260@gmail.com', '$2b$12$eImiTxAk4vmMUL85vKH6He7mclMx4fB.XyA796Lfi9999G5vE.n2OA00B7653B9', 'Quy', 'Dang', '0125 212 5098', '2007-09-20', '2026-05-31 19:51:01', FALSE);
INSERT INTO users (user_id, username, email, password, first_name, last_name, phone, date_of_birth, created_at, deleted) VALUES (261, 'customer_261_51f', 'thao.le261@gmail.com', '$2b$12$eImiTxAk4vmMUL85vKH6He7mclMx4fB.XyA796Lfi9999G5vE.n2O1CF43FAF0E', 'Thao', 'Le', '0199 246 5771', '2002-02-26', '2025-09-11 13:38:34', FALSE);
INSERT INTO users (user_id, username, email, password, first_name, last_name, phone, date_of_birth, created_at, deleted) VALUES (262, 'customer_262_cca', 'phuc.phan262@gmail.com', '$2b$12$eImiTxAk4vmMUL85vKH6He7mclMx4fB.XyA796Lfi9999G5vE.n2OAC3CF72ECC', 'Phuc', 'Phan', '0186 242 4367', '2003-09-02', '2026-05-17 20:23:33', FALSE);
INSERT INTO users (user_id, username, email, password, first_name, last_name, phone, date_of_birth, created_at, deleted) VALUES (263, 'customer_263_996', 'linh.bach263@gmail.com', '$2b$12$eImiTxAk4vmMUL85vKH6He7mclMx4fB.XyA796Lfi9999G5vE.n2O7EFDEAEBE5', 'Linh', 'Bach', '0967 804 599', '2005-11-30', '2026-05-25 16:27:29', FALSE);
INSERT INTO users (user_id, username, email, password, first_name, last_name, phone, date_of_birth, created_at, deleted) VALUES (264, 'customer_264_1b9', 'ngan.phan264@gmail.com', '$2b$12$eImiTxAk4vmMUL85vKH6He7mclMx4fB.XyA796Lfi9999G5vE.n2ODF316BBBEA', 'Ngan', 'Phan', '0169 031 9853', '2001-06-14', '2025-09-18 12:15:20', FALSE);
INSERT INTO users (user_id, username, email, password, first_name, last_name, phone, date_of_birth, created_at, deleted) VALUES (265, 'customer_265_d40', 'ha.cao265@gmail.com', '$2b$12$eImiTxAk4vmMUL85vKH6He7mclMx4fB.XyA796Lfi9999G5vE.n2O30BB0F6EDE', 'Ha', 'Cao', '0168 316 0267', '2002-06-30', '2025-08-01 13:20:14', FALSE);
INSERT INTO users (user_id, username, email, password, first_name, last_name, phone, date_of_birth, created_at, deleted) VALUES (266, 'customer_266_fdb', 'tai.ha266@gmail.com', '$2b$12$eImiTxAk4vmMUL85vKH6He7mclMx4fB.XyA796Lfi9999G5vE.n2OE99286F942', 'Tai', 'Ha', '0866 684 105', '2003-10-24', '2026-05-16 18:38:03', FALSE);
INSERT INTO users (user_id, username, email, password, first_name, last_name, phone, date_of_birth, created_at, deleted) VALUES (267, 'customer_267_4f7', 'may.luong267@gmail.com', '$2b$12$eImiTxAk4vmMUL85vKH6He7mclMx4fB.XyA796Lfi9999G5vE.n2OC78372ED75', 'May', 'Luong', '0911 524 362', '2008-05-20', '2026-04-29 14:51:39', FALSE);
INSERT INTO users (user_id, username, email, password, first_name, last_name, phone, date_of_birth, created_at, deleted) VALUES (268, 'customer_268_f45', 'quang.bach268@gmail.com', '$2b$12$eImiTxAk4vmMUL85vKH6He7mclMx4fB.XyA796Lfi9999G5vE.n2OC803753A24', 'Quang', 'Bach', '0959 167 936', '2002-11-10', '2026-01-14 13:54:13', FALSE);
INSERT INTO users (user_id, username, email, password, first_name, last_name, phone, date_of_birth, created_at, deleted) VALUES (269, 'customer_269_7f5', 'mai.do269@gmail.com', '$2b$12$eImiTxAk4vmMUL85vKH6He7mclMx4fB.XyA796Lfi9999G5vE.n2O65A39A19A2', 'Mai', 'Do', '0165 381 2781', '2007-07-27', '2025-09-28 20:06:26', FALSE);
INSERT INTO users (user_id, username, email, password, first_name, last_name, phone, date_of_birth, created_at, deleted) VALUES (270, 'customer_270_b04', 'quy.dinh270@gmail.com', '$2b$12$eImiTxAk4vmMUL85vKH6He7mclMx4fB.XyA796Lfi9999G5vE.n2O5F6AC97399', 'Quy', 'Dinh', '0868 648 143', '2002-04-24', '2026-06-01 12:12:28', FALSE);
INSERT INTO users (user_id, username, email, password, first_name, last_name, phone, date_of_birth, created_at, deleted) VALUES (271, 'customer_271_679', 'thao.vuong271@gmail.com', '$2b$12$eImiTxAk4vmMUL85vKH6He7mclMx4fB.XyA796Lfi9999G5vE.n2OE3E85F23A3', 'Thao', 'Vuong', '0165 436 1464', '2003-04-30', '2025-11-10 01:36:59', FALSE);
INSERT INTO users (user_id, username, email, password, first_name, last_name, phone, date_of_birth, created_at, deleted) VALUES (272, 'customer_272_034', 'vinh.trinh272@gmail.com', '$2b$12$eImiTxAk4vmMUL85vKH6He7mclMx4fB.XyA796Lfi9999G5vE.n2O3ED52CCB12', 'Vinh', 'Trinh', '0168 323 5214', '2004-05-24', '2025-10-15 00:39:46', FALSE);
INSERT INTO users (user_id, username, email, password, first_name, last_name, phone, date_of_birth, created_at, deleted) VALUES (273, 'customer_273_187', 'phuc.phan273@gmail.com', '$2b$12$eImiTxAk4vmMUL85vKH6He7mclMx4fB.XyA796Lfi9999G5vE.n2OFA737DE541', 'Phuc', 'Phan', '0163 200 1979', '2006-07-11', '2025-12-25 00:13:52', FALSE);
INSERT INTO users (user_id, username, email, password, first_name, last_name, phone, date_of_birth, created_at, deleted) VALUES (274, 'customer_274_04e', 'dao.bui274@gmail.com', '$2b$12$eImiTxAk4vmMUL85vKH6He7mclMx4fB.XyA796Lfi9999G5vE.n2OBFA45AD51D', 'Dao', 'Bui', '0186 743 6676', '2008-01-22', '2026-03-25 00:55:37', FALSE);
INSERT INTO users (user_id, username, email, password, first_name, last_name, phone, date_of_birth, created_at, deleted) VALUES (275, 'customer_275_829', 'phan.ha275@gmail.com', '$2b$12$eImiTxAk4vmMUL85vKH6He7mclMx4fB.XyA796Lfi9999G5vE.n2O433FEEBA97', 'Phan', 'Ha', '0869 150 057', '2003-11-18', '2025-08-11 20:50:56', FALSE);
INSERT INTO users (user_id, username, email, password, first_name, last_name, phone, date_of_birth, created_at, deleted) VALUES (276, 'customer_276_4f6', 'phuong.dinh276@gmail.com', '$2b$12$eImiTxAk4vmMUL85vKH6He7mclMx4fB.XyA796Lfi9999G5vE.n2O97834F07BB', 'Phuong', 'Dinh', '0168 518 7265', '2004-01-31', '2025-09-22 06:27:54', FALSE);
INSERT INTO users (user_id, username, email, password, first_name, last_name, phone, date_of_birth, created_at, deleted) VALUES (277, 'customer_277_96b', 'phuc.ho277@gmail.com', '$2b$12$eImiTxAk4vmMUL85vKH6He7mclMx4fB.XyA796Lfi9999G5vE.n2OF42FBC76E8', 'Phuc', 'Ho', '0199 530 0362', '2007-03-12', '2025-12-04 12:18:06', FALSE);
INSERT INTO users (user_id, username, email, password, first_name, last_name, phone, date_of_birth, created_at, deleted) VALUES (278, 'customer_278_44b', 'minh.phan278@gmail.com', '$2b$12$eImiTxAk4vmMUL85vKH6He7mclMx4fB.XyA796Lfi9999G5vE.n2O5327A4C4EC', 'Minh', 'Phan', '0995 644 989', '2007-03-11', '2025-06-06 02:46:56', FALSE);
INSERT INTO users (user_id, username, email, password, first_name, last_name, phone, date_of_birth, created_at, deleted) VALUES (279, 'customer_279_716', 'ngan.ho279@gmail.com', '$2b$12$eImiTxAk4vmMUL85vKH6He7mclMx4fB.XyA796Lfi9999G5vE.n2OC10CF6CEBB', 'Ngan', 'Ho', '0128 087 9588', '2002-10-13', '2026-05-11 07:26:11', FALSE);
INSERT INTO users (user_id, username, email, password, first_name, last_name, phone, date_of_birth, created_at, deleted) VALUES (280, 'customer_280_82a', 'dung.ho280@gmail.com', '$2b$12$eImiTxAk4vmMUL85vKH6He7mclMx4fB.XyA796Lfi9999G5vE.n2OA99BB4835B', 'Dung', 'Ho', '0169 950 7583', '2002-07-16', '2025-07-31 03:17:38', FALSE);
INSERT INTO users (user_id, username, email, password, first_name, last_name, phone, date_of_birth, created_at, deleted) VALUES (281, 'customer_281_85f', 'yen.trinh281@gmail.com', '$2b$12$eImiTxAk4vmMUL85vKH6He7mclMx4fB.XyA796Lfi9999G5vE.n2O601F68D6E7', 'Yen', 'Trinh', '0885 174 167', '2007-08-11', '2025-09-10 09:54:09', FALSE);
INSERT INTO users (user_id, username, email, password, first_name, last_name, phone, date_of_birth, created_at, deleted) VALUES (282, 'customer_282_46e', 'quy.luong282@gmail.com', '$2b$12$eImiTxAk4vmMUL85vKH6He7mclMx4fB.XyA796Lfi9999G5vE.n2OC07958DD92', 'Quy', 'Luong', '0163 108 8116', '2002-07-05', '2025-10-21 16:55:30', FALSE);
INSERT INTO users (user_id, username, email, password, first_name, last_name, phone, date_of_birth, created_at, deleted) VALUES (283, 'customer_283_79b', 'tri.vuong283@gmail.com', '$2b$12$eImiTxAk4vmMUL85vKH6He7mclMx4fB.XyA796Lfi9999G5vE.n2O57D710B79D', 'Tri', 'Vuong', '0169 419 0631', '2001-02-19', '2025-09-05 04:30:56', FALSE);
INSERT INTO users (user_id, username, email, password, first_name, last_name, phone, date_of_birth, created_at, deleted) VALUES (284, 'customer_284_3db', 'linh.bach284@gmail.com', '$2b$12$eImiTxAk4vmMUL85vKH6He7mclMx4fB.XyA796Lfi9999G5vE.n2OB459467A65', 'Linh', 'Bach', '0165 712 2054', '2007-06-09', '2026-04-13 21:32:09', FALSE);
INSERT INTO users (user_id, username, email, password, first_name, last_name, phone, date_of_birth, created_at, deleted) VALUES (285, 'customer_285_26c', 'oanh.dinh285@gmail.com', '$2b$12$eImiTxAk4vmMUL85vKH6He7mclMx4fB.XyA796Lfi9999G5vE.n2O19CAF0D36B', 'Oanh', 'Dinh', '0162 024 5543', '2008-04-12', '2026-04-03 23:14:21', FALSE);
INSERT INTO users (user_id, username, email, password, first_name, last_name, phone, date_of_birth, created_at, deleted) VALUES (286, 'customer_286_e1c', 'anh.luong286@gmail.com', '$2b$12$eImiTxAk4vmMUL85vKH6He7mclMx4fB.XyA796Lfi9999G5vE.n2OB3B87EFCE4', 'Anh', 'Luong', '0167 952 1033', '2004-09-19', '2025-06-09 05:07:09', FALSE);
INSERT INTO users (user_id, username, email, password, first_name, last_name, phone, date_of_birth, created_at, deleted) VALUES (287, 'customer_287_bd8', 'vinh.vuong287@gmail.com', '$2b$12$eImiTxAk4vmMUL85vKH6He7mclMx4fB.XyA796Lfi9999G5vE.n2O4108E48579', 'Vinh', 'Vuong', '0167 050 6384', '2006-12-28', '2025-07-15 09:18:04', FALSE);
INSERT INTO users (user_id, username, email, password, first_name, last_name, phone, date_of_birth, created_at, deleted) VALUES (288, 'customer_288_f02', 'tung.nguyen288@gmail.com', '$2b$12$eImiTxAk4vmMUL85vKH6He7mclMx4fB.XyA796Lfi9999G5vE.n2OFA50629DB7', 'Tung', 'Nguyen', '0162 846 5408', '2000-10-15', '2025-09-14 01:16:16', FALSE);
INSERT INTO users (user_id, username, email, password, first_name, last_name, phone, date_of_birth, created_at, deleted) VALUES (289, 'customer_289_be6', 'hang.ha289@gmail.com', '$2b$12$eImiTxAk4vmMUL85vKH6He7mclMx4fB.XyA796Lfi9999G5vE.n2O3B15956037', 'Hang', 'Ha', '0162 254 7085', '2003-01-26', '2026-04-04 10:34:37', FALSE);
INSERT INTO users (user_id, username, email, password, first_name, last_name, phone, date_of_birth, created_at, deleted) VALUES (290, 'customer_290_944', 'ngoc.quach290@gmail.com', '$2b$12$eImiTxAk4vmMUL85vKH6He7mclMx4fB.XyA796Lfi9999G5vE.n2OE96FC97EAF', 'Ngoc', 'Quach', '0168 403 4968', '2006-05-26', '2025-10-10 11:36:57', FALSE);
INSERT INTO users (user_id, username, email, password, first_name, last_name, phone, date_of_birth, created_at, deleted) VALUES (291, 'customer_291_40f', 'oanh.vu291@gmail.com', '$2b$12$eImiTxAk4vmMUL85vKH6He7mclMx4fB.XyA796Lfi9999G5vE.n2O3946C51697', 'Oanh', 'Vu', '0947 777 908', '2000-10-28', '2026-05-18 15:17:51', FALSE);
INSERT INTO users (user_id, username, email, password, first_name, last_name, phone, date_of_birth, created_at, deleted) VALUES (292, 'customer_292_861', 'lam.vuong292@gmail.com', '$2b$12$eImiTxAk4vmMUL85vKH6He7mclMx4fB.XyA796Lfi9999G5vE.n2O4C7A532491', 'Lam', 'Vuong', '0866 172 585', '2002-10-21', '2025-06-16 14:44:03', FALSE);
INSERT INTO users (user_id, username, email, password, first_name, last_name, phone, date_of_birth, created_at, deleted) VALUES (293, 'customer_293_49e', 'linh.ly293@gmail.com', '$2b$12$eImiTxAk4vmMUL85vKH6He7mclMx4fB.XyA796Lfi9999G5vE.n2O826082EA3C', 'Linh', 'Ly', '0186 159 9818', '2003-03-05', '2026-05-29 03:53:44', FALSE);
INSERT INTO users (user_id, username, email, password, first_name, last_name, phone, date_of_birth, created_at, deleted) VALUES (294, 'customer_294_dfd', 'linh.vo294@gmail.com', '$2b$12$eImiTxAk4vmMUL85vKH6He7mclMx4fB.XyA796Lfi9999G5vE.n2OB9A019C915', 'Linh', 'Vo', '0126 441 4023', '2006-09-01', '2025-08-24 20:55:31', FALSE);
INSERT INTO users (user_id, username, email, password, first_name, last_name, phone, date_of_birth, created_at, deleted) VALUES (295, 'customer_295_654', 'tung.vo295@gmail.com', '$2b$12$eImiTxAk4vmMUL85vKH6He7mclMx4fB.XyA796Lfi9999G5vE.n2O83C3F13137', 'Tung', 'Vo', '0165 564 8221', '2002-06-11', '2026-02-13 09:31:01', FALSE);
INSERT INTO users (user_id, username, email, password, first_name, last_name, phone, date_of_birth, created_at, deleted) VALUES (296, 'customer_296_500', 'tai.le296@gmail.com', '$2b$12$eImiTxAk4vmMUL85vKH6He7mclMx4fB.XyA796Lfi9999G5vE.n2O2E86941977', 'Tai', 'Le', '0965 917 072', '2001-05-07', '2025-10-04 06:55:18', FALSE);
INSERT INTO users (user_id, username, email, password, first_name, last_name, phone, date_of_birth, created_at, deleted) VALUES (297, 'customer_297_7ee', 'may.doan297@gmail.com', '$2b$12$eImiTxAk4vmMUL85vKH6He7mclMx4fB.XyA796Lfi9999G5vE.n2OACBA8C9B82', 'May', 'Doan', '0165 035 7681', '2000-08-05', '2026-01-27 22:55:51', FALSE);
INSERT INTO users (user_id, username, email, password, first_name, last_name, phone, date_of_birth, created_at, deleted) VALUES (298, 'customer_298_f1e', 'minh.hoang298@gmail.com', '$2b$12$eImiTxAk4vmMUL85vKH6He7mclMx4fB.XyA796Lfi9999G5vE.n2OA38462C27E', 'Minh', 'Hoang', '0188 722 6714', '2007-11-13', '2025-09-07 01:20:40', FALSE);
INSERT INTO users (user_id, username, email, password, first_name, last_name, phone, date_of_birth, created_at, deleted) VALUES (299, 'customer_299_516', 'duc.vuong299@gmail.com', '$2b$12$eImiTxAk4vmMUL85vKH6He7mclMx4fB.XyA796Lfi9999G5vE.n2OEAE1251C32', 'Duc', 'Vuong', '0931 320 318', '2002-07-15', '2025-07-09 08:41:50', FALSE);
INSERT INTO users (user_id, username, email, password, first_name, last_name, phone, date_of_birth, created_at, deleted) VALUES (300, 'customer_300_f69', 'may.vo300@gmail.com', '$2b$12$eImiTxAk4vmMUL85vKH6He7mclMx4fB.XyA796Lfi9999G5vE.n2O4EF0DDFC4B', 'May', 'Vo', '0168 099 1420', '2003-11-02', '2026-03-15 20:01:02', FALSE);

-- 3. INSERT DATA FOR USER_ROLES
INSERT INTO user_roles (user_id, role_id) VALUES (1, 1);
INSERT INTO user_roles (user_id, role_id) VALUES (1, 2);
INSERT INTO user_roles (user_id, role_id) VALUES (2, 1);
INSERT INTO user_roles (user_id, role_id) VALUES (2, 2);
INSERT INTO user_roles (user_id, role_id) VALUES (3, 1);
INSERT INTO user_roles (user_id, role_id) VALUES (3, 2);
INSERT INTO user_roles (user_id, role_id) VALUES (4, 1);
INSERT INTO user_roles (user_id, role_id) VALUES (4, 2);
INSERT INTO user_roles (user_id, role_id) VALUES (5, 1);
INSERT INTO user_roles (user_id, role_id) VALUES (6, 1);
INSERT INTO user_roles (user_id, role_id) VALUES (6, 2);
INSERT INTO user_roles (user_id, role_id) VALUES (7, 1);
INSERT INTO user_roles (user_id, role_id) VALUES (8, 1);
INSERT INTO user_roles (user_id, role_id) VALUES (9, 1);
INSERT INTO user_roles (user_id, role_id) VALUES (10, 1);
INSERT INTO user_roles (user_id, role_id) VALUES (10, 2);
INSERT INTO user_roles (user_id, role_id) VALUES (11, 1);
INSERT INTO user_roles (user_id, role_id) VALUES (12, 1);
INSERT INTO user_roles (user_id, role_id) VALUES (12, 2);
INSERT INTO user_roles (user_id, role_id) VALUES (13, 1);
INSERT INTO user_roles (user_id, role_id) VALUES (13, 2);
INSERT INTO user_roles (user_id, role_id) VALUES (14, 1);
INSERT INTO user_roles (user_id, role_id) VALUES (15, 1);
INSERT INTO user_roles (user_id, role_id) VALUES (16, 1);
INSERT INTO user_roles (user_id, role_id) VALUES (16, 2);
INSERT INTO user_roles (user_id, role_id) VALUES (17, 1);
INSERT INTO user_roles (user_id, role_id) VALUES (18, 1);
INSERT INTO user_roles (user_id, role_id) VALUES (19, 1);
INSERT INTO user_roles (user_id, role_id) VALUES (20, 1);
INSERT INTO user_roles (user_id, role_id) VALUES (21, 1);
INSERT INTO user_roles (user_id, role_id) VALUES (22, 1);
INSERT INTO user_roles (user_id, role_id) VALUES (23, 1);
INSERT INTO user_roles (user_id, role_id) VALUES (23, 2);
INSERT INTO user_roles (user_id, role_id) VALUES (24, 1);
INSERT INTO user_roles (user_id, role_id) VALUES (25, 1);
INSERT INTO user_roles (user_id, role_id) VALUES (26, 1);
INSERT INTO user_roles (user_id, role_id) VALUES (26, 2);
INSERT INTO user_roles (user_id, role_id) VALUES (27, 1);
INSERT INTO user_roles (user_id, role_id) VALUES (28, 1);
INSERT INTO user_roles (user_id, role_id) VALUES (29, 1);
INSERT INTO user_roles (user_id, role_id) VALUES (30, 1);
INSERT INTO user_roles (user_id, role_id) VALUES (31, 1);
INSERT INTO user_roles (user_id, role_id) VALUES (31, 2);
INSERT INTO user_roles (user_id, role_id) VALUES (32, 1);
INSERT INTO user_roles (user_id, role_id) VALUES (33, 1);
INSERT INTO user_roles (user_id, role_id) VALUES (34, 1);
INSERT INTO user_roles (user_id, role_id) VALUES (34, 2);
INSERT INTO user_roles (user_id, role_id) VALUES (35, 1);
INSERT INTO user_roles (user_id, role_id) VALUES (36, 1);
INSERT INTO user_roles (user_id, role_id) VALUES (37, 1);
INSERT INTO user_roles (user_id, role_id) VALUES (38, 1);
INSERT INTO user_roles (user_id, role_id) VALUES (39, 1);
INSERT INTO user_roles (user_id, role_id) VALUES (39, 2);
INSERT INTO user_roles (user_id, role_id) VALUES (40, 1);
INSERT INTO user_roles (user_id, role_id) VALUES (40, 2);
INSERT INTO user_roles (user_id, role_id) VALUES (41, 1);
INSERT INTO user_roles (user_id, role_id) VALUES (41, 2);
INSERT INTO user_roles (user_id, role_id) VALUES (42, 1);
INSERT INTO user_roles (user_id, role_id) VALUES (43, 1);
INSERT INTO user_roles (user_id, role_id) VALUES (44, 1);
INSERT INTO user_roles (user_id, role_id) VALUES (44, 2);
INSERT INTO user_roles (user_id, role_id) VALUES (45, 1);
INSERT INTO user_roles (user_id, role_id) VALUES (45, 2);
INSERT INTO user_roles (user_id, role_id) VALUES (46, 1);
INSERT INTO user_roles (user_id, role_id) VALUES (47, 1);
INSERT INTO user_roles (user_id, role_id) VALUES (48, 1);
INSERT INTO user_roles (user_id, role_id) VALUES (49, 1);
INSERT INTO user_roles (user_id, role_id) VALUES (50, 1);
INSERT INTO user_roles (user_id, role_id) VALUES (51, 1);
INSERT INTO user_roles (user_id, role_id) VALUES (51, 2);
INSERT INTO user_roles (user_id, role_id) VALUES (52, 1);
INSERT INTO user_roles (user_id, role_id) VALUES (53, 1);
INSERT INTO user_roles (user_id, role_id) VALUES (53, 2);
INSERT INTO user_roles (user_id, role_id) VALUES (54, 1);
INSERT INTO user_roles (user_id, role_id) VALUES (54, 2);
INSERT INTO user_roles (user_id, role_id) VALUES (55, 1);
INSERT INTO user_roles (user_id, role_id) VALUES (56, 1);
INSERT INTO user_roles (user_id, role_id) VALUES (56, 2);
INSERT INTO user_roles (user_id, role_id) VALUES (57, 1);
INSERT INTO user_roles (user_id, role_id) VALUES (57, 2);
INSERT INTO user_roles (user_id, role_id) VALUES (58, 1);
INSERT INTO user_roles (user_id, role_id) VALUES (58, 2);
INSERT INTO user_roles (user_id, role_id) VALUES (59, 1);
INSERT INTO user_roles (user_id, role_id) VALUES (59, 2);
INSERT INTO user_roles (user_id, role_id) VALUES (60, 1);
INSERT INTO user_roles (user_id, role_id) VALUES (61, 1);
INSERT INTO user_roles (user_id, role_id) VALUES (62, 1);
INSERT INTO user_roles (user_id, role_id) VALUES (63, 1);
INSERT INTO user_roles (user_id, role_id) VALUES (64, 1);
INSERT INTO user_roles (user_id, role_id) VALUES (65, 1);
INSERT INTO user_roles (user_id, role_id) VALUES (66, 1);
INSERT INTO user_roles (user_id, role_id) VALUES (67, 1);
INSERT INTO user_roles (user_id, role_id) VALUES (67, 2);
INSERT INTO user_roles (user_id, role_id) VALUES (68, 1);
INSERT INTO user_roles (user_id, role_id) VALUES (68, 2);
INSERT INTO user_roles (user_id, role_id) VALUES (69, 1);
INSERT INTO user_roles (user_id, role_id) VALUES (70, 1);
INSERT INTO user_roles (user_id, role_id) VALUES (70, 2);
INSERT INTO user_roles (user_id, role_id) VALUES (71, 1);
INSERT INTO user_roles (user_id, role_id) VALUES (72, 1);
INSERT INTO user_roles (user_id, role_id) VALUES (73, 1);
INSERT INTO user_roles (user_id, role_id) VALUES (74, 1);
INSERT INTO user_roles (user_id, role_id) VALUES (74, 2);
INSERT INTO user_roles (user_id, role_id) VALUES (75, 1);
INSERT INTO user_roles (user_id, role_id) VALUES (76, 1);
INSERT INTO user_roles (user_id, role_id) VALUES (77, 1);
INSERT INTO user_roles (user_id, role_id) VALUES (78, 1);
INSERT INTO user_roles (user_id, role_id) VALUES (78, 2);
INSERT INTO user_roles (user_id, role_id) VALUES (79, 1);
INSERT INTO user_roles (user_id, role_id) VALUES (80, 1);
INSERT INTO user_roles (user_id, role_id) VALUES (80, 2);
INSERT INTO user_roles (user_id, role_id) VALUES (81, 1);
INSERT INTO user_roles (user_id, role_id) VALUES (82, 1);
INSERT INTO user_roles (user_id, role_id) VALUES (83, 1);
INSERT INTO user_roles (user_id, role_id) VALUES (84, 1);
INSERT INTO user_roles (user_id, role_id) VALUES (84, 2);
INSERT INTO user_roles (user_id, role_id) VALUES (85, 1);
INSERT INTO user_roles (user_id, role_id) VALUES (86, 1);
INSERT INTO user_roles (user_id, role_id) VALUES (86, 2);
INSERT INTO user_roles (user_id, role_id) VALUES (87, 1);
INSERT INTO user_roles (user_id, role_id) VALUES (87, 2);
INSERT INTO user_roles (user_id, role_id) VALUES (88, 1);
INSERT INTO user_roles (user_id, role_id) VALUES (88, 2);
INSERT INTO user_roles (user_id, role_id) VALUES (89, 1);
INSERT INTO user_roles (user_id, role_id) VALUES (90, 1);
INSERT INTO user_roles (user_id, role_id) VALUES (91, 1);
INSERT INTO user_roles (user_id, role_id) VALUES (91, 2);
INSERT INTO user_roles (user_id, role_id) VALUES (92, 1);
INSERT INTO user_roles (user_id, role_id) VALUES (93, 1);
INSERT INTO user_roles (user_id, role_id) VALUES (93, 2);
INSERT INTO user_roles (user_id, role_id) VALUES (94, 1);
INSERT INTO user_roles (user_id, role_id) VALUES (94, 2);
INSERT INTO user_roles (user_id, role_id) VALUES (95, 1);
INSERT INTO user_roles (user_id, role_id) VALUES (96, 1);
INSERT INTO user_roles (user_id, role_id) VALUES (96, 2);
INSERT INTO user_roles (user_id, role_id) VALUES (97, 1);
INSERT INTO user_roles (user_id, role_id) VALUES (98, 1);
INSERT INTO user_roles (user_id, role_id) VALUES (99, 1);
INSERT INTO user_roles (user_id, role_id) VALUES (100, 1);
INSERT INTO user_roles (user_id, role_id) VALUES (100, 2);
INSERT INTO user_roles (user_id, role_id) VALUES (101, 1);
INSERT INTO user_roles (user_id, role_id) VALUES (102, 1);
INSERT INTO user_roles (user_id, role_id) VALUES (103, 1);
INSERT INTO user_roles (user_id, role_id) VALUES (104, 1);
INSERT INTO user_roles (user_id, role_id) VALUES (105, 1);
INSERT INTO user_roles (user_id, role_id) VALUES (106, 1);
INSERT INTO user_roles (user_id, role_id) VALUES (107, 1);
INSERT INTO user_roles (user_id, role_id) VALUES (108, 1);
INSERT INTO user_roles (user_id, role_id) VALUES (109, 1);
INSERT INTO user_roles (user_id, role_id) VALUES (110, 1);
INSERT INTO user_roles (user_id, role_id) VALUES (110, 2);
INSERT INTO user_roles (user_id, role_id) VALUES (111, 1);
INSERT INTO user_roles (user_id, role_id) VALUES (112, 1);
INSERT INTO user_roles (user_id, role_id) VALUES (113, 1);
INSERT INTO user_roles (user_id, role_id) VALUES (113, 2);
INSERT INTO user_roles (user_id, role_id) VALUES (114, 1);
INSERT INTO user_roles (user_id, role_id) VALUES (114, 2);
INSERT INTO user_roles (user_id, role_id) VALUES (115, 1);
INSERT INTO user_roles (user_id, role_id) VALUES (116, 1);
INSERT INTO user_roles (user_id, role_id) VALUES (117, 1);
INSERT INTO user_roles (user_id, role_id) VALUES (118, 1);
INSERT INTO user_roles (user_id, role_id) VALUES (119, 1);
INSERT INTO user_roles (user_id, role_id) VALUES (120, 1);
INSERT INTO user_roles (user_id, role_id) VALUES (121, 1);
INSERT INTO user_roles (user_id, role_id) VALUES (121, 2);
INSERT INTO user_roles (user_id, role_id) VALUES (122, 1);
INSERT INTO user_roles (user_id, role_id) VALUES (123, 1);
INSERT INTO user_roles (user_id, role_id) VALUES (124, 1);
INSERT INTO user_roles (user_id, role_id) VALUES (124, 2);
INSERT INTO user_roles (user_id, role_id) VALUES (125, 1);
INSERT INTO user_roles (user_id, role_id) VALUES (126, 1);
INSERT INTO user_roles (user_id, role_id) VALUES (127, 1);
INSERT INTO user_roles (user_id, role_id) VALUES (128, 1);
INSERT INTO user_roles (user_id, role_id) VALUES (129, 1);
INSERT INTO user_roles (user_id, role_id) VALUES (130, 1);
INSERT INTO user_roles (user_id, role_id) VALUES (130, 2);
INSERT INTO user_roles (user_id, role_id) VALUES (131, 1);
INSERT INTO user_roles (user_id, role_id) VALUES (132, 1);
INSERT INTO user_roles (user_id, role_id) VALUES (132, 2);
INSERT INTO user_roles (user_id, role_id) VALUES (133, 1);
INSERT INTO user_roles (user_id, role_id) VALUES (134, 1);
INSERT INTO user_roles (user_id, role_id) VALUES (135, 1);
INSERT INTO user_roles (user_id, role_id) VALUES (136, 1);
INSERT INTO user_roles (user_id, role_id) VALUES (136, 2);
INSERT INTO user_roles (user_id, role_id) VALUES (137, 1);
INSERT INTO user_roles (user_id, role_id) VALUES (138, 1);
INSERT INTO user_roles (user_id, role_id) VALUES (139, 1);
INSERT INTO user_roles (user_id, role_id) VALUES (140, 1);
INSERT INTO user_roles (user_id, role_id) VALUES (140, 2);
INSERT INTO user_roles (user_id, role_id) VALUES (141, 1);
INSERT INTO user_roles (user_id, role_id) VALUES (142, 1);
INSERT INTO user_roles (user_id, role_id) VALUES (143, 1);
INSERT INTO user_roles (user_id, role_id) VALUES (143, 2);
INSERT INTO user_roles (user_id, role_id) VALUES (144, 1);
INSERT INTO user_roles (user_id, role_id) VALUES (145, 1);
INSERT INTO user_roles (user_id, role_id) VALUES (145, 2);
INSERT INTO user_roles (user_id, role_id) VALUES (146, 1);
INSERT INTO user_roles (user_id, role_id) VALUES (147, 1);
INSERT INTO user_roles (user_id, role_id) VALUES (147, 2);
INSERT INTO user_roles (user_id, role_id) VALUES (148, 1);
INSERT INTO user_roles (user_id, role_id) VALUES (149, 1);
INSERT INTO user_roles (user_id, role_id) VALUES (150, 1);
INSERT INTO user_roles (user_id, role_id) VALUES (150, 2);
INSERT INTO user_roles (user_id, role_id) VALUES (151, 1);
INSERT INTO user_roles (user_id, role_id) VALUES (151, 2);
INSERT INTO user_roles (user_id, role_id) VALUES (152, 1);
INSERT INTO user_roles (user_id, role_id) VALUES (153, 1);
INSERT INTO user_roles (user_id, role_id) VALUES (154, 1);
INSERT INTO user_roles (user_id, role_id) VALUES (154, 2);
INSERT INTO user_roles (user_id, role_id) VALUES (155, 1);
INSERT INTO user_roles (user_id, role_id) VALUES (155, 2);
INSERT INTO user_roles (user_id, role_id) VALUES (156, 1);
INSERT INTO user_roles (user_id, role_id) VALUES (156, 2);
INSERT INTO user_roles (user_id, role_id) VALUES (157, 1);
INSERT INTO user_roles (user_id, role_id) VALUES (158, 1);
INSERT INTO user_roles (user_id, role_id) VALUES (159, 1);
INSERT INTO user_roles (user_id, role_id) VALUES (159, 2);
INSERT INTO user_roles (user_id, role_id) VALUES (160, 1);
INSERT INTO user_roles (user_id, role_id) VALUES (160, 2);
INSERT INTO user_roles (user_id, role_id) VALUES (161, 1);
INSERT INTO user_roles (user_id, role_id) VALUES (161, 2);
INSERT INTO user_roles (user_id, role_id) VALUES (162, 1);
INSERT INTO user_roles (user_id, role_id) VALUES (163, 1);
INSERT INTO user_roles (user_id, role_id) VALUES (163, 2);
INSERT INTO user_roles (user_id, role_id) VALUES (164, 1);
INSERT INTO user_roles (user_id, role_id) VALUES (164, 2);
INSERT INTO user_roles (user_id, role_id) VALUES (165, 1);
INSERT INTO user_roles (user_id, role_id) VALUES (166, 1);
INSERT INTO user_roles (user_id, role_id) VALUES (167, 1);
INSERT INTO user_roles (user_id, role_id) VALUES (168, 1);
INSERT INTO user_roles (user_id, role_id) VALUES (169, 1);
INSERT INTO user_roles (user_id, role_id) VALUES (169, 2);
INSERT INTO user_roles (user_id, role_id) VALUES (170, 1);
INSERT INTO user_roles (user_id, role_id) VALUES (170, 2);
INSERT INTO user_roles (user_id, role_id) VALUES (171, 1);
INSERT INTO user_roles (user_id, role_id) VALUES (171, 2);
INSERT INTO user_roles (user_id, role_id) VALUES (172, 1);
INSERT INTO user_roles (user_id, role_id) VALUES (172, 2);
INSERT INTO user_roles (user_id, role_id) VALUES (173, 1);
INSERT INTO user_roles (user_id, role_id) VALUES (174, 1);
INSERT INTO user_roles (user_id, role_id) VALUES (174, 2);
INSERT INTO user_roles (user_id, role_id) VALUES (175, 1);
INSERT INTO user_roles (user_id, role_id) VALUES (175, 2);
INSERT INTO user_roles (user_id, role_id) VALUES (176, 1);
INSERT INTO user_roles (user_id, role_id) VALUES (176, 2);
INSERT INTO user_roles (user_id, role_id) VALUES (177, 1);
INSERT INTO user_roles (user_id, role_id) VALUES (177, 2);
INSERT INTO user_roles (user_id, role_id) VALUES (178, 1);
INSERT INTO user_roles (user_id, role_id) VALUES (178, 2);
INSERT INTO user_roles (user_id, role_id) VALUES (179, 1);
INSERT INTO user_roles (user_id, role_id) VALUES (180, 1);
INSERT INTO user_roles (user_id, role_id) VALUES (181, 1);
INSERT INTO user_roles (user_id, role_id) VALUES (181, 2);
INSERT INTO user_roles (user_id, role_id) VALUES (182, 1);
INSERT INTO user_roles (user_id, role_id) VALUES (182, 2);
INSERT INTO user_roles (user_id, role_id) VALUES (183, 1);
INSERT INTO user_roles (user_id, role_id) VALUES (184, 1);
INSERT INTO user_roles (user_id, role_id) VALUES (185, 1);
INSERT INTO user_roles (user_id, role_id) VALUES (185, 2);
INSERT INTO user_roles (user_id, role_id) VALUES (186, 1);
INSERT INTO user_roles (user_id, role_id) VALUES (187, 1);
INSERT INTO user_roles (user_id, role_id) VALUES (187, 2);
INSERT INTO user_roles (user_id, role_id) VALUES (188, 1);
INSERT INTO user_roles (user_id, role_id) VALUES (188, 2);
INSERT INTO user_roles (user_id, role_id) VALUES (189, 1);
INSERT INTO user_roles (user_id, role_id) VALUES (189, 2);
INSERT INTO user_roles (user_id, role_id) VALUES (190, 1);
INSERT INTO user_roles (user_id, role_id) VALUES (191, 1);
INSERT INTO user_roles (user_id, role_id) VALUES (192, 1);
INSERT INTO user_roles (user_id, role_id) VALUES (193, 1);
INSERT INTO user_roles (user_id, role_id) VALUES (194, 1);
INSERT INTO user_roles (user_id, role_id) VALUES (195, 1);
INSERT INTO user_roles (user_id, role_id) VALUES (195, 2);
INSERT INTO user_roles (user_id, role_id) VALUES (196, 1);
INSERT INTO user_roles (user_id, role_id) VALUES (196, 2);
INSERT INTO user_roles (user_id, role_id) VALUES (197, 1);
INSERT INTO user_roles (user_id, role_id) VALUES (198, 1);
INSERT INTO user_roles (user_id, role_id) VALUES (198, 2);
INSERT INTO user_roles (user_id, role_id) VALUES (199, 1);
INSERT INTO user_roles (user_id, role_id) VALUES (199, 2);
INSERT INTO user_roles (user_id, role_id) VALUES (200, 1);
INSERT INTO user_roles (user_id, role_id) VALUES (200, 2);
INSERT INTO user_roles (user_id, role_id) VALUES (201, 1);
INSERT INTO user_roles (user_id, role_id) VALUES (201, 2);
INSERT INTO user_roles (user_id, role_id) VALUES (202, 1);
INSERT INTO user_roles (user_id, role_id) VALUES (203, 1);
INSERT INTO user_roles (user_id, role_id) VALUES (203, 2);
INSERT INTO user_roles (user_id, role_id) VALUES (204, 1);
INSERT INTO user_roles (user_id, role_id) VALUES (204, 2);
INSERT INTO user_roles (user_id, role_id) VALUES (205, 1);
INSERT INTO user_roles (user_id, role_id) VALUES (206, 1);
INSERT INTO user_roles (user_id, role_id) VALUES (207, 1);
INSERT INTO user_roles (user_id, role_id) VALUES (208, 1);
INSERT INTO user_roles (user_id, role_id) VALUES (208, 2);
INSERT INTO user_roles (user_id, role_id) VALUES (209, 1);
INSERT INTO user_roles (user_id, role_id) VALUES (209, 2);
INSERT INTO user_roles (user_id, role_id) VALUES (210, 1);
INSERT INTO user_roles (user_id, role_id) VALUES (211, 1);
INSERT INTO user_roles (user_id, role_id) VALUES (212, 1);
INSERT INTO user_roles (user_id, role_id) VALUES (212, 2);
INSERT INTO user_roles (user_id, role_id) VALUES (213, 1);
INSERT INTO user_roles (user_id, role_id) VALUES (214, 1);
INSERT INTO user_roles (user_id, role_id) VALUES (214, 2);
INSERT INTO user_roles (user_id, role_id) VALUES (215, 1);
INSERT INTO user_roles (user_id, role_id) VALUES (216, 1);
INSERT INTO user_roles (user_id, role_id) VALUES (216, 2);
INSERT INTO user_roles (user_id, role_id) VALUES (217, 1);
INSERT INTO user_roles (user_id, role_id) VALUES (218, 1);
INSERT INTO user_roles (user_id, role_id) VALUES (219, 1);
INSERT INTO user_roles (user_id, role_id) VALUES (220, 1);
INSERT INTO user_roles (user_id, role_id) VALUES (221, 1);
INSERT INTO user_roles (user_id, role_id) VALUES (221, 2);
INSERT INTO user_roles (user_id, role_id) VALUES (222, 1);
INSERT INTO user_roles (user_id, role_id) VALUES (223, 1);
INSERT INTO user_roles (user_id, role_id) VALUES (224, 1);
INSERT INTO user_roles (user_id, role_id) VALUES (225, 1);
INSERT INTO user_roles (user_id, role_id) VALUES (226, 1);
INSERT INTO user_roles (user_id, role_id) VALUES (227, 1);
INSERT INTO user_roles (user_id, role_id) VALUES (227, 2);
INSERT INTO user_roles (user_id, role_id) VALUES (228, 1);
INSERT INTO user_roles (user_id, role_id) VALUES (228, 2);
INSERT INTO user_roles (user_id, role_id) VALUES (229, 1);
INSERT INTO user_roles (user_id, role_id) VALUES (230, 1);
INSERT INTO user_roles (user_id, role_id) VALUES (231, 1);
INSERT INTO user_roles (user_id, role_id) VALUES (232, 1);
INSERT INTO user_roles (user_id, role_id) VALUES (233, 1);
INSERT INTO user_roles (user_id, role_id) VALUES (234, 1);
INSERT INTO user_roles (user_id, role_id) VALUES (234, 2);
INSERT INTO user_roles (user_id, role_id) VALUES (235, 1);
INSERT INTO user_roles (user_id, role_id) VALUES (236, 1);
INSERT INTO user_roles (user_id, role_id) VALUES (237, 1);
INSERT INTO user_roles (user_id, role_id) VALUES (237, 2);
INSERT INTO user_roles (user_id, role_id) VALUES (238, 1);
INSERT INTO user_roles (user_id, role_id) VALUES (239, 1);
INSERT INTO user_roles (user_id, role_id) VALUES (239, 2);
INSERT INTO user_roles (user_id, role_id) VALUES (240, 1);
INSERT INTO user_roles (user_id, role_id) VALUES (241, 1);
INSERT INTO user_roles (user_id, role_id) VALUES (242, 1);
INSERT INTO user_roles (user_id, role_id) VALUES (243, 1);
INSERT INTO user_roles (user_id, role_id) VALUES (243, 2);
INSERT INTO user_roles (user_id, role_id) VALUES (244, 1);
INSERT INTO user_roles (user_id, role_id) VALUES (245, 1);
INSERT INTO user_roles (user_id, role_id) VALUES (246, 1);
INSERT INTO user_roles (user_id, role_id) VALUES (246, 2);
INSERT INTO user_roles (user_id, role_id) VALUES (247, 1);
INSERT INTO user_roles (user_id, role_id) VALUES (248, 1);
INSERT INTO user_roles (user_id, role_id) VALUES (248, 2);
INSERT INTO user_roles (user_id, role_id) VALUES (249, 1);
INSERT INTO user_roles (user_id, role_id) VALUES (250, 1);
INSERT INTO user_roles (user_id, role_id) VALUES (251, 1);
INSERT INTO user_roles (user_id, role_id) VALUES (252, 1);
INSERT INTO user_roles (user_id, role_id) VALUES (253, 1);
INSERT INTO user_roles (user_id, role_id) VALUES (253, 2);
INSERT INTO user_roles (user_id, role_id) VALUES (254, 1);
INSERT INTO user_roles (user_id, role_id) VALUES (254, 2);
INSERT INTO user_roles (user_id, role_id) VALUES (255, 1);
INSERT INTO user_roles (user_id, role_id) VALUES (255, 2);
INSERT INTO user_roles (user_id, role_id) VALUES (256, 1);
INSERT INTO user_roles (user_id, role_id) VALUES (256, 2);
INSERT INTO user_roles (user_id, role_id) VALUES (257, 1);
INSERT INTO user_roles (user_id, role_id) VALUES (257, 2);
INSERT INTO user_roles (user_id, role_id) VALUES (258, 1);
INSERT INTO user_roles (user_id, role_id) VALUES (259, 1);
INSERT INTO user_roles (user_id, role_id) VALUES (259, 2);
INSERT INTO user_roles (user_id, role_id) VALUES (260, 1);
INSERT INTO user_roles (user_id, role_id) VALUES (261, 1);
INSERT INTO user_roles (user_id, role_id) VALUES (261, 2);
INSERT INTO user_roles (user_id, role_id) VALUES (262, 1);
INSERT INTO user_roles (user_id, role_id) VALUES (263, 1);
INSERT INTO user_roles (user_id, role_id) VALUES (263, 2);
INSERT INTO user_roles (user_id, role_id) VALUES (264, 1);
INSERT INTO user_roles (user_id, role_id) VALUES (264, 2);
INSERT INTO user_roles (user_id, role_id) VALUES (265, 1);
INSERT INTO user_roles (user_id, role_id) VALUES (266, 1);
INSERT INTO user_roles (user_id, role_id) VALUES (267, 1);
INSERT INTO user_roles (user_id, role_id) VALUES (268, 1);
INSERT INTO user_roles (user_id, role_id) VALUES (269, 1);
INSERT INTO user_roles (user_id, role_id) VALUES (270, 1);
INSERT INTO user_roles (user_id, role_id) VALUES (271, 1);
INSERT INTO user_roles (user_id, role_id) VALUES (272, 1);
INSERT INTO user_roles (user_id, role_id) VALUES (273, 1);
INSERT INTO user_roles (user_id, role_id) VALUES (274, 1);
INSERT INTO user_roles (user_id, role_id) VALUES (275, 1);
INSERT INTO user_roles (user_id, role_id) VALUES (276, 1);
INSERT INTO user_roles (user_id, role_id) VALUES (277, 1);
INSERT INTO user_roles (user_id, role_id) VALUES (277, 2);
INSERT INTO user_roles (user_id, role_id) VALUES (278, 1);
INSERT INTO user_roles (user_id, role_id) VALUES (279, 1);
INSERT INTO user_roles (user_id, role_id) VALUES (280, 1);
INSERT INTO user_roles (user_id, role_id) VALUES (280, 2);
INSERT INTO user_roles (user_id, role_id) VALUES (281, 1);
INSERT INTO user_roles (user_id, role_id) VALUES (281, 2);
INSERT INTO user_roles (user_id, role_id) VALUES (282, 1);
INSERT INTO user_roles (user_id, role_id) VALUES (282, 2);
INSERT INTO user_roles (user_id, role_id) VALUES (283, 1);
INSERT INTO user_roles (user_id, role_id) VALUES (283, 2);
INSERT INTO user_roles (user_id, role_id) VALUES (284, 1);
INSERT INTO user_roles (user_id, role_id) VALUES (285, 1);
INSERT INTO user_roles (user_id, role_id) VALUES (286, 1);
INSERT INTO user_roles (user_id, role_id) VALUES (286, 2);
INSERT INTO user_roles (user_id, role_id) VALUES (287, 1);
INSERT INTO user_roles (user_id, role_id) VALUES (288, 1);
INSERT INTO user_roles (user_id, role_id) VALUES (288, 2);
INSERT INTO user_roles (user_id, role_id) VALUES (289, 1);
INSERT INTO user_roles (user_id, role_id) VALUES (289, 2);
INSERT INTO user_roles (user_id, role_id) VALUES (290, 1);
INSERT INTO user_roles (user_id, role_id) VALUES (291, 1);
INSERT INTO user_roles (user_id, role_id) VALUES (291, 2);
INSERT INTO user_roles (user_id, role_id) VALUES (292, 1);
INSERT INTO user_roles (user_id, role_id) VALUES (293, 1);
INSERT INTO user_roles (user_id, role_id) VALUES (294, 1);
INSERT INTO user_roles (user_id, role_id) VALUES (294, 2);
INSERT INTO user_roles (user_id, role_id) VALUES (295, 1);
INSERT INTO user_roles (user_id, role_id) VALUES (296, 1);
INSERT INTO user_roles (user_id, role_id) VALUES (297, 1);
INSERT INTO user_roles (user_id, role_id) VALUES (297, 2);
INSERT INTO user_roles (user_id, role_id) VALUES (298, 1);
INSERT INTO user_roles (user_id, role_id) VALUES (299, 1);
INSERT INTO user_roles (user_id, role_id) VALUES (300, 1);
INSERT INTO user_roles (user_id, role_id) VALUES (300, 2);

-- 4. INSERT DATA FOR ADDRESSES
INSERT INTO addresses (address_id, user_id, street, region, city, country, postal_code, address_type, status) VALUES (1, 1, '8368 Truong Plain', 'Philippines', 'Ca Mau', 'Viet Nam', 'KQM 0HH', 'shipping', 'default');
INSERT INTO addresses (address_id, user_id, street, region, city, country, postal_code, address_type, status) VALUES (2, 2, '2946 Hien Branch', 'Swaziland', 'Thanh Hoa', 'Viet Nam', 'ZA  8QS', 'shipping', 'default');
INSERT INTO addresses (address_id, user_id, street, region, city, country, postal_code, address_type, status) VALUES (3, 2, '26236 Phong Falls', 'Madagascar', 'Hai Phong', 'Viet Nam', 'YG 6LA', 'shipping', 'active');
INSERT INTO addresses (address_id, user_id, street, region, city, country, postal_code, address_type, status) VALUES (4, 3, '797 Phung Street', 'Saint Lucia', 'Vung Tau', 'Viet Nam', 'H85 3NR', 'shipping', 'default');
INSERT INTO addresses (address_id, user_id, street, region, city, country, postal_code, address_type, status) VALUES (5, 4, '7138 Thao Branch', 'Costa Rica', 'Yen Bai', 'Viet Nam', '0PX 0WF', 'shipping', 'default');
INSERT INTO addresses (address_id, user_id, street, region, city, country, postal_code, address_type, status) VALUES (6, 4, '1969 Duong Hollow', 'Moldova', 'Can Tho', 'Viet Nam', 'H48  3BQ', 'shipping', 'active');
INSERT INTO addresses (address_id, user_id, street, region, city, country, postal_code, address_type, status) VALUES (7, 5, '3066 Kim Shore', 'Gabon', 'Ninh Binh', 'Viet Nam', 'NVY  8XJ', 'shipping', 'default');
INSERT INTO addresses (address_id, user_id, street, region, city, country, postal_code, address_type, status) VALUES (8, 5, '1715 Ho Isle', 'France', 'Quang Nam', 'Viet Nam', 'CY8H  5OU', 'shipping', 'active');
INSERT INTO addresses (address_id, user_id, street, region, city, country, postal_code, address_type, status) VALUES (9, 6, '95877 Lam Bridge', 'Norway', 'Ha Giang', 'Viet Nam', 'M2 8PY', 'shipping', 'default');
INSERT INTO addresses (address_id, user_id, street, region, city, country, postal_code, address_type, status) VALUES (10, 6, '6952 Sinh Cliff', 'United States of America', 'An Giang', 'Viet Nam', '6B0  5BQ', 'shipping', 'active');
INSERT INTO addresses (address_id, user_id, street, region, city, country, postal_code, address_type, status) VALUES (11, 7, '0963 Long Neck', 'Singapore', 'Vung Tau', 'Viet Nam', '22VB  6HU', 'shipping', 'default');
INSERT INTO addresses (address_id, user_id, street, region, city, country, postal_code, address_type, status) VALUES (12, 7, '064 Duong Lane', 'Western Sahara', 'Dak Lak', 'Viet Nam', 'W2Y  0FD', 'shipping', 'active');
INSERT INTO addresses (address_id, user_id, street, region, city, country, postal_code, address_type, status) VALUES (13, 8, '196 Mai View', 'Isle of Man', 'Hue', 'Viet Nam', 'CAB  8NJ', 'shipping', 'default');
INSERT INTO addresses (address_id, user_id, street, region, city, country, postal_code, address_type, status) VALUES (14, 9, '264 Khoa Underpass', 'Nauru', 'Hue', 'Viet Nam', 'OQ  9FE', 'shipping', 'default');
INSERT INTO addresses (address_id, user_id, street, region, city, country, postal_code, address_type, status) VALUES (15, 9, '5078 Tang Plaza', 'Oman', 'Can Tho', 'Viet Nam', '9D  7EE', 'shipping', 'active');
INSERT INTO addresses (address_id, user_id, street, region, city, country, postal_code, address_type, status) VALUES (16, 10, '05237 Ngoc Summit', 'New Zealand', 'Ho Chi Minh', 'Viet Nam', 'NY 3RE', 'shipping', 'default');
INSERT INTO addresses (address_id, user_id, street, region, city, country, postal_code, address_type, status) VALUES (17, 11, '2459 Phung Lakes', 'Papua New Guinea', 'Hai Phong', 'Viet Nam', 'W7H7 7QN', 'shipping', 'default');
INSERT INTO addresses (address_id, user_id, street, region, city, country, postal_code, address_type, status) VALUES (18, 11, '55255 Nguyen Well', 'Bahrain', 'Bac Ninh', 'Viet Nam', 'IKRP  1EB', 'shipping', 'active');
INSERT INTO addresses (address_id, user_id, street, region, city, country, postal_code, address_type, status) VALUES (19, 12, '5506 Ha Crossroad', 'Japan', 'Da Nang', 'Viet Nam', 'PNY 0NU', 'shipping', 'default');
INSERT INTO addresses (address_id, user_id, street, region, city, country, postal_code, address_type, status) VALUES (20, 12, '50001 Tam Plains', 'Grenada', 'Ha Giang', 'Viet Nam', 'J36  7RJ', 'shipping', 'active');
INSERT INTO addresses (address_id, user_id, street, region, city, country, postal_code, address_type, status) VALUES (21, 13, '2693 Tham Freeway', 'United States of America', 'Quang Binh', 'Viet Nam', 'KC3 9SG', 'shipping', 'default');
INSERT INTO addresses (address_id, user_id, street, region, city, country, postal_code, address_type, status) VALUES (22, 13, '94408 Ho Spur', 'Antigua and Barbuda', 'Ha Tinh', 'Viet Nam', '4QAE  9HL', 'shipping', 'active');
INSERT INTO addresses (address_id, user_id, street, region, city, country, postal_code, address_type, status) VALUES (23, 14, '405 Mai Light', 'Montserrat', 'Lang Son', 'Viet Nam', '4S 8AJ', 'shipping', 'default');
INSERT INTO addresses (address_id, user_id, street, region, city, country, postal_code, address_type, status) VALUES (24, 14, '175 Nhung Junctions', 'Azerbaijan', 'Lang Son', 'Viet Nam', 'HF  2WY', 'shipping', 'active');
INSERT INTO addresses (address_id, user_id, street, region, city, country, postal_code, address_type, status) VALUES (25, 15, '05280 Doan Circle', 'Sudan', 'Ha Noi', 'Viet Nam', 'HG4V 6QZ', 'shipping', 'default');
INSERT INTO addresses (address_id, user_id, street, region, city, country, postal_code, address_type, status) VALUES (26, 16, '08197 Duong Fork', 'Togo', 'Quang Ninh', 'Viet Nam', 'HTEA  1YH', 'shipping', 'default');
INSERT INTO addresses (address_id, user_id, street, region, city, country, postal_code, address_type, status) VALUES (27, 16, '97108 Dang Curve', 'Greenland', 'Nha Trang', 'Viet Nam', '8N3 3OJ', 'shipping', 'active');
INSERT INTO addresses (address_id, user_id, street, region, city, country, postal_code, address_type, status) VALUES (28, 17, '450 Kim Neck', 'French Guiana', 'An Giang', 'Viet Nam', 'L95 8SR', 'shipping', 'default');
INSERT INTO addresses (address_id, user_id, street, region, city, country, postal_code, address_type, status) VALUES (29, 17, '09964 Dao Landing', 'Fiji', 'Binh Duong', 'Viet Nam', 'KBE  8TW', 'shipping', 'active');
INSERT INTO addresses (address_id, user_id, street, region, city, country, postal_code, address_type, status) VALUES (30, 18, '0343 Dang Burg', 'Morocco', 'Ho Chi Minh', 'Viet Nam', 'Z6A9 2XA', 'shipping', 'default');
INSERT INTO addresses (address_id, user_id, street, region, city, country, postal_code, address_type, status) VALUES (31, 18, '7286 Ho Flats', 'Saint Lucia', 'Da Lat', 'Viet Nam', 'A2 5RG', 'shipping', 'active');
INSERT INTO addresses (address_id, user_id, street, region, city, country, postal_code, address_type, status) VALUES (32, 19, '784 Loan Ports', 'Paraguay', 'Ha Tinh', 'Viet Nam', 'ZO5  2PG', 'shipping', 'default');
INSERT INTO addresses (address_id, user_id, street, region, city, country, postal_code, address_type, status) VALUES (33, 20, '482 Hien Ways', 'Hungary', 'Hai Phong', 'Viet Nam', 'HA58  6JB', 'shipping', 'default');
INSERT INTO addresses (address_id, user_id, street, region, city, country, postal_code, address_type, status) VALUES (34, 21, '2624 Truong Grove', 'Taiwan', 'Yen Bai', 'Viet Nam', '1M  0NS', 'shipping', 'default');
INSERT INTO addresses (address_id, user_id, street, region, city, country, postal_code, address_type, status) VALUES (35, 22, '78347 Pham Lake', 'Cameroon', 'Da Nang', 'Viet Nam', 'W88H 0HF', 'shipping', 'default');
INSERT INTO addresses (address_id, user_id, street, region, city, country, postal_code, address_type, status) VALUES (36, 22, '375 Nhan Walk', 'Swaziland', 'Vung Tau', 'Viet Nam', '11  9EH', 'shipping', 'active');
INSERT INTO addresses (address_id, user_id, street, region, city, country, postal_code, address_type, status) VALUES (37, 23, '80033 Tran Oval', 'Macao', 'Thanh Hoa', 'Viet Nam', 'DR  9JF', 'shipping', 'default');
INSERT INTO addresses (address_id, user_id, street, region, city, country, postal_code, address_type, status) VALUES (38, 24, '122 Pham Spring', 'Namibia', 'Da Nang', 'Viet Nam', 'F0A1 5QQ', 'shipping', 'default');
INSERT INTO addresses (address_id, user_id, street, region, city, country, postal_code, address_type, status) VALUES (39, 24, '373 To Via', 'Martinique', 'Vung Tau', 'Viet Nam', 'AQAN 5SX', 'shipping', 'active');
INSERT INTO addresses (address_id, user_id, street, region, city, country, postal_code, address_type, status) VALUES (40, 25, '7798 Nhan Motorway', 'Iceland', 'Yen Bai', 'Viet Nam', 'C989  5ZT', 'shipping', 'default');
INSERT INTO addresses (address_id, user_id, street, region, city, country, postal_code, address_type, status) VALUES (41, 25, '14466 Duong Summit', 'Kiribati', 'Binh Thuan', 'Viet Nam', 'ST88  5NX', 'shipping', 'active');
INSERT INTO addresses (address_id, user_id, street, region, city, country, postal_code, address_type, status) VALUES (42, 26, '0956 Kim Garden', 'Turkmenistan', 'Binh Duong', 'Viet Nam', 'EH1H  1AA', 'shipping', 'default');
INSERT INTO addresses (address_id, user_id, street, region, city, country, postal_code, address_type, status) VALUES (43, 27, '6418 Lam Corners', 'Luxembourg', 'Ha Tinh', 'Viet Nam', 'E26A  2UZ', 'shipping', 'default');
INSERT INTO addresses (address_id, user_id, street, region, city, country, postal_code, address_type, status) VALUES (44, 28, '911 Doan Valley', 'French Guiana', 'Ha Noi', 'Viet Nam', 'UGVE 5BL', 'shipping', 'default');
INSERT INTO addresses (address_id, user_id, street, region, city, country, postal_code, address_type, status) VALUES (45, 28, '806 Trung Shore', 'Togo', 'Quang Binh', 'Viet Nam', 'AB  2JA', 'shipping', 'active');
INSERT INTO addresses (address_id, user_id, street, region, city, country, postal_code, address_type, status) VALUES (46, 29, '58860 Dang Walks', 'Nepal', 'Phu Quoc', 'Viet Nam', 'ZP2H 9RR', 'shipping', 'default');
INSERT INTO addresses (address_id, user_id, street, region, city, country, postal_code, address_type, status) VALUES (47, 29, '784 Lam Alley', 'Sudan', 'Lang Son', 'Viet Nam', 'ZB  5QL', 'shipping', 'active');
INSERT INTO addresses (address_id, user_id, street, region, city, country, postal_code, address_type, status) VALUES (48, 30, '67982 Phu Mountain', 'Samoa', 'Hai Phong', 'Viet Nam', 'TF5A 1ZE', 'shipping', 'default');
INSERT INTO addresses (address_id, user_id, street, region, city, country, postal_code, address_type, status) VALUES (49, 31, '08560 Tam Valley', 'Zimbabwe', 'Bac Ninh', 'Viet Nam', 'JF 8XR', 'shipping', 'default');
INSERT INTO addresses (address_id, user_id, street, region, city, country, postal_code, address_type, status) VALUES (50, 31, '336 Ho Hollow', 'Tanzania', 'Da Nang', 'Viet Nam', 'L5E 4DS', 'shipping', 'active');
INSERT INTO addresses (address_id, user_id, street, region, city, country, postal_code, address_type, status) VALUES (51, 32, '46347 Tran Crossroad', 'Bahamas', 'Dak Lak', 'Viet Nam', 'TS0  8TF', 'shipping', 'default');
INSERT INTO addresses (address_id, user_id, street, region, city, country, postal_code, address_type, status) VALUES (52, 32, '20514 Lam Canyon', 'Kazakhstan', 'Binh Duong', 'Viet Nam', 'N243 0UB', 'shipping', 'active');
INSERT INTO addresses (address_id, user_id, street, region, city, country, postal_code, address_type, status) VALUES (53, 33, '9890 Tien Square', 'Cameroon', 'Hue', 'Viet Nam', 'WYY  9SP', 'shipping', 'default');
INSERT INTO addresses (address_id, user_id, street, region, city, country, postal_code, address_type, status) VALUES (54, 33, '9948 Vuong Unions', 'Azerbaijan', 'Nha Trang', 'Viet Nam', 'YX 6RE', 'shipping', 'active');
INSERT INTO addresses (address_id, user_id, street, region, city, country, postal_code, address_type, status) VALUES (55, 34, '044 Van Ports', 'United States Minor Outlying Islands', 'An Giang', 'Viet Nam', '84X 0RU', 'shipping', 'default');
INSERT INTO addresses (address_id, user_id, street, region, city, country, postal_code, address_type, status) VALUES (56, 34, '781 Lam Village', 'Niger', 'Ha Noi', 'Viet Nam', '3M6  3YR', 'shipping', 'active');
INSERT INTO addresses (address_id, user_id, street, region, city, country, postal_code, address_type, status) VALUES (57, 35, '68294 Ha Lodge', 'Palau', 'Ca Mau', 'Viet Nam', 'R09  8BQ', 'shipping', 'default');
INSERT INTO addresses (address_id, user_id, street, region, city, country, postal_code, address_type, status) VALUES (58, 35, '2350 Bui Mission', 'Ghana', 'Ha Noi', 'Viet Nam', '9BA 9AB', 'shipping', 'active');
INSERT INTO addresses (address_id, user_id, street, region, city, country, postal_code, address_type, status) VALUES (59, 36, '84094 Pham Ports', 'Paraguay', 'Binh Thuan', 'Viet Nam', '5D4 6XX', 'shipping', 'default');
INSERT INTO addresses (address_id, user_id, street, region, city, country, postal_code, address_type, status) VALUES (60, 36, '23368 Truong Light', 'Qatar', 'Thanh Hoa', 'Viet Nam', 'ZUEX 4TH', 'shipping', 'active');
INSERT INTO addresses (address_id, user_id, street, region, city, country, postal_code, address_type, status) VALUES (61, 37, '487 Nguyen Walk', 'Northern Mariana Islands', 'Ha Tinh', 'Viet Nam', 'BOVW 3RE', 'shipping', 'default');
INSERT INTO addresses (address_id, user_id, street, region, city, country, postal_code, address_type, status) VALUES (62, 38, '669 Dang Run', 'French Polynesia', 'Quang Ninh', 'Viet Nam', 'MB 2BD', 'shipping', 'default');
INSERT INTO addresses (address_id, user_id, street, region, city, country, postal_code, address_type, status) VALUES (63, 38, '1308 Dinh Points', 'Puerto Rico', 'Da Nang', 'Viet Nam', 'NS1  5FJ', 'shipping', 'active');
INSERT INTO addresses (address_id, user_id, street, region, city, country, postal_code, address_type, status) VALUES (64, 39, '3716 Cuong Vista', 'Belgium', 'Ninh Binh', 'Viet Nam', 'GKN 0XX', 'shipping', 'default');
INSERT INTO addresses (address_id, user_id, street, region, city, country, postal_code, address_type, status) VALUES (65, 40, '2401 Vuong Stravenue', 'Uganda', 'Dak Lak', 'Viet Nam', 'TXP4 2LP', 'shipping', 'default');
INSERT INTO addresses (address_id, user_id, street, region, city, country, postal_code, address_type, status) VALUES (66, 40, '7953 Dung Mall', 'Kazakhstan', 'Da Nang', 'Viet Nam', '760  2WP', 'shipping', 'active');
INSERT INTO addresses (address_id, user_id, street, region, city, country, postal_code, address_type, status) VALUES (67, 41, '60671 Vu Light', 'Netherlands Antilles', 'Son La', 'Viet Nam', 'JDN  5RA', 'shipping', 'default');
INSERT INTO addresses (address_id, user_id, street, region, city, country, postal_code, address_type, status) VALUES (68, 42, '764 Bui Forks', 'Saint Vincent and the Grenadines', 'Thanh Hoa', 'Viet Nam', '1XT  7BX', 'shipping', 'default');
INSERT INTO addresses (address_id, user_id, street, region, city, country, postal_code, address_type, status) VALUES (69, 43, '187 Ha Estates', 'Ethiopia', 'Hai Phong', 'Viet Nam', '3FE  2EH', 'shipping', 'default');
INSERT INTO addresses (address_id, user_id, street, region, city, country, postal_code, address_type, status) VALUES (70, 43, '23944 Phong Wells', 'Colombia', 'Ninh Binh', 'Viet Nam', '7O 9OG', 'shipping', 'active');
INSERT INTO addresses (address_id, user_id, street, region, city, country, postal_code, address_type, status) VALUES (71, 44, '055 Duc Drive', 'Ecuador', 'Lang Son', 'Viet Nam', 'R8M  4TY', 'shipping', 'default');
INSERT INTO addresses (address_id, user_id, street, region, city, country, postal_code, address_type, status) VALUES (72, 45, '6460 Vinh Pine', 'Suriname', 'Can Tho', 'Viet Nam', 'KWRX 3LN', 'shipping', 'default');
INSERT INTO addresses (address_id, user_id, street, region, city, country, postal_code, address_type, status) VALUES (73, 46, '86369 Ho Burg', 'Serbia', 'Quang Ninh', 'Viet Nam', '1399 0UJ', 'shipping', 'default');
INSERT INTO addresses (address_id, user_id, street, region, city, country, postal_code, address_type, status) VALUES (74, 47, '544 Thuy Plaza', 'Japan', 'Quang Binh', 'Viet Nam', 'TU7 6OA', 'shipping', 'default');
INSERT INTO addresses (address_id, user_id, street, region, city, country, postal_code, address_type, status) VALUES (75, 47, '0587 Tu Meadow', 'Canada', 'Hai Phong', 'Viet Nam', '7AX 9US', 'shipping', 'active');
INSERT INTO addresses (address_id, user_id, street, region, city, country, postal_code, address_type, status) VALUES (76, 48, '04802 Mai Glens', 'Moldova', 'Ninh Binh', 'Viet Nam', 'KNP1 0OW', 'shipping', 'default');
INSERT INTO addresses (address_id, user_id, street, region, city, country, postal_code, address_type, status) VALUES (77, 49, '109 Thang Center', 'Saint Helena', 'Ca Mau', 'Viet Nam', 'OSX 1FA', 'shipping', 'default');
INSERT INTO addresses (address_id, user_id, street, region, city, country, postal_code, address_type, status) VALUES (78, 49, '87152 Tang Roads', 'Guam', 'Nha Trang', 'Viet Nam', 'N918 8DL', 'shipping', 'active');
INSERT INTO addresses (address_id, user_id, street, region, city, country, postal_code, address_type, status) VALUES (79, 50, '7460 Bui Ford', 'Malta', 'Ca Mau', 'Viet Nam', 'ZTY 3SL', 'shipping', 'default');
INSERT INTO addresses (address_id, user_id, street, region, city, country, postal_code, address_type, status) VALUES (80, 51, '8067 Doan Walk', 'Romania', 'Phu Quoc', 'Viet Nam', 'A449  1RS', 'shipping', 'default');
INSERT INTO addresses (address_id, user_id, street, region, city, country, postal_code, address_type, status) VALUES (81, 52, '9545 Nam Plains', 'Bhutan', 'Vung Tau', 'Viet Nam', 'ZOW 0BF', 'shipping', 'default');
INSERT INTO addresses (address_id, user_id, street, region, city, country, postal_code, address_type, status) VALUES (82, 53, '05269 Huu Inlet', 'Mauritius', 'Ca Mau', 'Viet Nam', 'PN 4ZB', 'shipping', 'default');
INSERT INTO addresses (address_id, user_id, street, region, city, country, postal_code, address_type, status) VALUES (83, 53, '901 Son Meadow', 'Lithuania', 'Ho Chi Minh', 'Viet Nam', 'LAY 9QT', 'shipping', 'active');
INSERT INTO addresses (address_id, user_id, street, region, city, country, postal_code, address_type, status) VALUES (84, 54, '697 Ha Vista', 'Vanuatu', 'Quang Ninh', 'Viet Nam', '7F  3HO', 'shipping', 'default');
INSERT INTO addresses (address_id, user_id, street, region, city, country, postal_code, address_type, status) VALUES (85, 55, '1691 Trinh Grove', 'Namibia', 'Dak Lak', 'Viet Nam', 'RU6  9QO', 'shipping', 'default');
INSERT INTO addresses (address_id, user_id, street, region, city, country, postal_code, address_type, status) VALUES (86, 55, '425 Ly Island', 'India', 'Vung Tau', 'Viet Nam', 'BA7 4YW', 'shipping', 'active');
INSERT INTO addresses (address_id, user_id, street, region, city, country, postal_code, address_type, status) VALUES (87, 56, '50349 Phung Club', 'Liechtenstein', 'Hai Phong', 'Viet Nam', 'OC9 5XL', 'shipping', 'default');
INSERT INTO addresses (address_id, user_id, street, region, city, country, postal_code, address_type, status) VALUES (88, 56, '9910 Duong Plaza', 'Tokelau', 'Ha Tinh', 'Viet Nam', 'RV1 1SR', 'shipping', 'active');
INSERT INTO addresses (address_id, user_id, street, region, city, country, postal_code, address_type, status) VALUES (89, 57, '8411 Ngo Brook', 'Tunisia', 'Yen Bai', 'Viet Nam', 'YB7  6ZD', 'shipping', 'default');
INSERT INTO addresses (address_id, user_id, street, region, city, country, postal_code, address_type, status) VALUES (90, 58, '1365 Dinh View', 'India', 'Yen Bai', 'Viet Nam', '62 2GJ', 'shipping', 'default');
INSERT INTO addresses (address_id, user_id, street, region, city, country, postal_code, address_type, status) VALUES (91, 58, '519 To Cliffs', 'Latvia', 'Ninh Binh', 'Viet Nam', '866 0AB', 'shipping', 'active');
INSERT INTO addresses (address_id, user_id, street, region, city, country, postal_code, address_type, status) VALUES (92, 59, '1735 Ngo Union', 'Jersey', 'Quang Binh', 'Viet Nam', 'AK 8GO', 'shipping', 'default');
INSERT INTO addresses (address_id, user_id, street, region, city, country, postal_code, address_type, status) VALUES (93, 59, '352 Trinh Avenue', 'Portugal', 'Ha Tinh', 'Viet Nam', 'OL0  7JY', 'shipping', 'active');
INSERT INTO addresses (address_id, user_id, street, region, city, country, postal_code, address_type, status) VALUES (94, 60, '482 Do Falls', 'Aruba', 'Ho Chi Minh', 'Viet Nam', 'SVX  3EO', 'shipping', 'default');
INSERT INTO addresses (address_id, user_id, street, region, city, country, postal_code, address_type, status) VALUES (95, 61, '0234 Ngo Drives', 'Malawi', 'Dak Lak', 'Viet Nam', '5XB 5WZ', 'shipping', 'default');
INSERT INTO addresses (address_id, user_id, street, region, city, country, postal_code, address_type, status) VALUES (96, 61, '39633 Phung Ports', 'Gibraltar', 'Hue', 'Viet Nam', 'TG01 9PQ', 'shipping', 'active');
INSERT INTO addresses (address_id, user_id, street, region, city, country, postal_code, address_type, status) VALUES (97, 62, '286 Thi Turnpike', 'Israel', 'Quang Nam', 'Viet Nam', 'KV7  4ED', 'shipping', 'default');
INSERT INTO addresses (address_id, user_id, street, region, city, country, postal_code, address_type, status) VALUES (98, 63, '172 Truong Turnpike', 'Colombia', 'Hai Phong', 'Viet Nam', 'BUV  5EQ', 'shipping', 'default');
INSERT INTO addresses (address_id, user_id, street, region, city, country, postal_code, address_type, status) VALUES (99, 64, '583 Tran Parkways', 'Greenland', 'Ninh Binh', 'Viet Nam', 'M4  4FF', 'shipping', 'default');
INSERT INTO addresses (address_id, user_id, street, region, city, country, postal_code, address_type, status) VALUES (100, 64, '1616 Khang Crossroad', 'Kazakhstan', 'Da Lat', 'Viet Nam', '8M0  2GS', 'shipping', 'active');
INSERT INTO addresses (address_id, user_id, street, region, city, country, postal_code, address_type, status) VALUES (101, 65, '4271 Huu Island', 'Jordan', 'Binh Duong', 'Viet Nam', 'D2  6JO', 'shipping', 'default');
INSERT INTO addresses (address_id, user_id, street, region, city, country, postal_code, address_type, status) VALUES (102, 66, '86454 Truong Lodge', 'Niue', 'An Giang', 'Viet Nam', 'RQ 9OJ', 'shipping', 'default');
INSERT INTO addresses (address_id, user_id, street, region, city, country, postal_code, address_type, status) VALUES (103, 66, '92811 Huu Street', 'Cayman Islands', 'Son La', 'Viet Nam', 'IMN  9OS', 'shipping', 'active');
INSERT INTO addresses (address_id, user_id, street, region, city, country, postal_code, address_type, status) VALUES (104, 67, '4250 Truong Trafficway', 'Liberia', 'Da Nang', 'Viet Nam', 'GY 0EG', 'shipping', 'default');
INSERT INTO addresses (address_id, user_id, street, region, city, country, postal_code, address_type, status) VALUES (105, 67, '469 Ho Corner', 'Bhutan', 'Binh Thuan', 'Viet Nam', 'R91  8OZ', 'shipping', 'active');
INSERT INTO addresses (address_id, user_id, street, region, city, country, postal_code, address_type, status) VALUES (106, 68, '304 Trinh Court', 'Slovakia (Slovak Republic)', 'Ha Noi', 'Viet Nam', '0X8  0XL', 'shipping', 'default');
INSERT INTO addresses (address_id, user_id, street, region, city, country, postal_code, address_type, status) VALUES (107, 68, '943 Vuong Fall', 'Denmark', 'Ha Noi', 'Viet Nam', 'FY6 7UG', 'shipping', 'active');
INSERT INTO addresses (address_id, user_id, street, region, city, country, postal_code, address_type, status) VALUES (108, 69, '53250 Thi Station', 'Mongolia', 'Lang Son', 'Viet Nam', 'SQ30  7WP', 'shipping', 'default');
INSERT INTO addresses (address_id, user_id, street, region, city, country, postal_code, address_type, status) VALUES (109, 69, '561 Phan Corner', 'Poland', 'Nha Trang', 'Viet Nam', 'H6  0OG', 'shipping', 'active');
INSERT INTO addresses (address_id, user_id, street, region, city, country, postal_code, address_type, status) VALUES (110, 70, '76418 Truong Via', 'Virgin Islands, British', 'Hue', 'Viet Nam', 'HSXA 9SE', 'shipping', 'default');
INSERT INTO addresses (address_id, user_id, street, region, city, country, postal_code, address_type, status) VALUES (111, 71, '1857 Ho Ferry', 'Namibia', 'Ha Giang', 'Viet Nam', '0R36 3ZH', 'shipping', 'default');
INSERT INTO addresses (address_id, user_id, street, region, city, country, postal_code, address_type, status) VALUES (112, 72, '81615 Vuong Extension', 'Somalia', 'Quang Ninh', 'Viet Nam', 'TLX  4HP', 'shipping', 'default');
INSERT INTO addresses (address_id, user_id, street, region, city, country, postal_code, address_type, status) VALUES (113, 73, '7356 Hoang Circle', 'Nauru', 'Ha Giang', 'Viet Nam', '207B 0BF', 'shipping', 'default');
INSERT INTO addresses (address_id, user_id, street, region, city, country, postal_code, address_type, status) VALUES (114, 73, '146 Ngo Streets', 'Turks and Caicos Islands', 'Hai Phong', 'Viet Nam', 'HXYB  8HS', 'shipping', 'active');
INSERT INTO addresses (address_id, user_id, street, region, city, country, postal_code, address_type, status) VALUES (115, 74, '93575 Van Divide', 'Senegal', 'An Giang', 'Viet Nam', '9K 5QH', 'shipping', 'default');
INSERT INTO addresses (address_id, user_id, street, region, city, country, postal_code, address_type, status) VALUES (116, 74, '484 Pham Prairie', 'Uganda', 'Yen Bai', 'Viet Nam', 'TQ30 0QP', 'shipping', 'active');
INSERT INTO addresses (address_id, user_id, street, region, city, country, postal_code, address_type, status) VALUES (117, 75, '22136 Ho Expressway', 'Senegal', 'Dak Lak', 'Viet Nam', 'LDTP 2YQ', 'shipping', 'default');
INSERT INTO addresses (address_id, user_id, street, region, city, country, postal_code, address_type, status) VALUES (118, 75, '98535 Hai Courts', 'Senegal', 'Hai Phong', 'Viet Nam', 'FHY  2JU', 'shipping', 'active');
INSERT INTO addresses (address_id, user_id, street, region, city, country, postal_code, address_type, status) VALUES (119, 76, '92779 Khoa River', 'San Marino', 'Yen Bai', 'Viet Nam', 'HD4  2GD', 'shipping', 'default');
INSERT INTO addresses (address_id, user_id, street, region, city, country, postal_code, address_type, status) VALUES (120, 76, '860 Dinh Crossroad', 'Monaco', 'Son La', 'Viet Nam', '4F  6AP', 'shipping', 'active');
INSERT INTO addresses (address_id, user_id, street, region, city, country, postal_code, address_type, status) VALUES (121, 77, '5373 Tran Island', 'Sudan', 'Son La', 'Viet Nam', 'ZSA 7GS', 'shipping', 'default');
INSERT INTO addresses (address_id, user_id, street, region, city, country, postal_code, address_type, status) VALUES (122, 78, '82151 Cuong Plaza', 'Micronesia', 'Da Lat', 'Viet Nam', '6M7 7UG', 'shipping', 'default');
INSERT INTO addresses (address_id, user_id, street, region, city, country, postal_code, address_type, status) VALUES (123, 78, '73826 Lam Summit', 'Brunei Darussalam', 'Lang Son', 'Viet Nam', 'TW  6RN', 'shipping', 'active');
INSERT INTO addresses (address_id, user_id, street, region, city, country, postal_code, address_type, status) VALUES (124, 79, '85004 Tang Squares', 'Netherlands', 'Da Lat', 'Viet Nam', 'TVE7  0PY', 'shipping', 'default');
INSERT INTO addresses (address_id, user_id, street, region, city, country, postal_code, address_type, status) VALUES (125, 80, '211 Le Lodge', 'Macedonia', 'Ha Noi', 'Viet Nam', '65E 6EH', 'shipping', 'default');
INSERT INTO addresses (address_id, user_id, street, region, city, country, postal_code, address_type, status) VALUES (126, 80, '9794 Truong Row', 'Poland', 'Quang Binh', 'Viet Nam', 'HQ  6QG', 'shipping', 'active');
INSERT INTO addresses (address_id, user_id, street, region, city, country, postal_code, address_type, status) VALUES (127, 81, '1446 To Springs', 'United Kingdom', 'Da Nang', 'Viet Nam', 'GQY 5AA', 'shipping', 'default');
INSERT INTO addresses (address_id, user_id, street, region, city, country, postal_code, address_type, status) VALUES (128, 81, '3096 Nguyen Highway', 'Georgia', 'Ha Noi', 'Viet Nam', 'D7AV  7JT', 'shipping', 'active');
INSERT INTO addresses (address_id, user_id, street, region, city, country, postal_code, address_type, status) VALUES (129, 82, '51875 Thanh Light', 'France', 'Nha Trang', 'Viet Nam', '7M  1BU', 'shipping', 'default');
INSERT INTO addresses (address_id, user_id, street, region, city, country, postal_code, address_type, status) VALUES (130, 82, '84534 Bui Curve', 'Egypt', 'Hue', 'Viet Nam', '0LT9  4GO', 'shipping', 'active');
INSERT INTO addresses (address_id, user_id, street, region, city, country, postal_code, address_type, status) VALUES (131, 83, '6392 Duong Crossing', 'Western Sahara', 'Binh Duong', 'Viet Nam', 'UB 1EO', 'shipping', 'default');
INSERT INTO addresses (address_id, user_id, street, region, city, country, postal_code, address_type, status) VALUES (132, 83, '885 Duc Curve', 'El Salvador', 'Can Tho', 'Viet Nam', 'AY6 0RX', 'shipping', 'active');
INSERT INTO addresses (address_id, user_id, street, region, city, country, postal_code, address_type, status) VALUES (133, 84, '090 Ly Route', 'Nigeria', 'Quang Nam', 'Viet Nam', 'HB8M 0AN', 'shipping', 'default');
INSERT INTO addresses (address_id, user_id, street, region, city, country, postal_code, address_type, status) VALUES (134, 84, '079 Le Ports', 'Andorra', 'Phu Quoc', 'Viet Nam', '1P  4NH', 'shipping', 'active');
INSERT INTO addresses (address_id, user_id, street, region, city, country, postal_code, address_type, status) VALUES (135, 85, '57171 Mai Point', 'Uganda', 'Ha Giang', 'Viet Nam', '5F 3RU', 'shipping', 'default');
INSERT INTO addresses (address_id, user_id, street, region, city, country, postal_code, address_type, status) VALUES (136, 85, '98638 Ha Run', 'Burundi', 'Quang Ninh', 'Viet Nam', '3M 6BQ', 'shipping', 'active');
INSERT INTO addresses (address_id, user_id, street, region, city, country, postal_code, address_type, status) VALUES (137, 86, '35199 Thang Turnpike', 'Cuba', 'Binh Thuan', 'Viet Nam', 'IW 0EL', 'shipping', 'default');
INSERT INTO addresses (address_id, user_id, street, region, city, country, postal_code, address_type, status) VALUES (138, 87, '875 Phung Centers', 'Tanzania', 'Quang Ninh', 'Viet Nam', 'BK  1PP', 'shipping', 'default');
INSERT INTO addresses (address_id, user_id, street, region, city, country, postal_code, address_type, status) VALUES (139, 87, '458 Do Estate', 'Republic of Korea', 'An Giang', 'Viet Nam', '92M  3XN', 'shipping', 'active');
INSERT INTO addresses (address_id, user_id, street, region, city, country, postal_code, address_type, status) VALUES (140, 88, '58039 Tham Loaf', 'New Caledonia', 'Ha Noi', 'Viet Nam', 'ME57 8AF', 'shipping', 'default');
INSERT INTO addresses (address_id, user_id, street, region, city, country, postal_code, address_type, status) VALUES (141, 88, '849 Ha Avenue', 'Congo', 'Quang Ninh', 'Viet Nam', 'OL 8NT', 'shipping', 'active');
INSERT INTO addresses (address_id, user_id, street, region, city, country, postal_code, address_type, status) VALUES (142, 89, '024 Kha Causeway', 'Switzerland', 'Nha Trang', 'Viet Nam', 'U93  8XE', 'shipping', 'default');
INSERT INTO addresses (address_id, user_id, street, region, city, country, postal_code, address_type, status) VALUES (143, 89, '891 Mai Gardens', 'Taiwan', 'Ha Giang', 'Viet Nam', '68  0ZR', 'shipping', 'active');
INSERT INTO addresses (address_id, user_id, street, region, city, country, postal_code, address_type, status) VALUES (144, 90, '865 Phan Stravenue', 'Libyan Arab Jamahiriya', 'Hai Phong', 'Viet Nam', 'KTE  3PQ', 'shipping', 'default');
INSERT INTO addresses (address_id, user_id, street, region, city, country, postal_code, address_type, status) VALUES (145, 91, '01823 Phu Point', 'Bahrain', 'Ca Mau', 'Viet Nam', '4VT 8XW', 'shipping', 'default');
INSERT INTO addresses (address_id, user_id, street, region, city, country, postal_code, address_type, status) VALUES (146, 92, '9797 Mai Motorway', 'Kazakhstan', 'Phu Quoc', 'Viet Nam', 'HM4  3JT', 'shipping', 'default');
INSERT INTO addresses (address_id, user_id, street, region, city, country, postal_code, address_type, status) VALUES (147, 92, '29611 Ho Road', 'Mauritania', 'An Giang', 'Viet Nam', 'UU  2PN', 'shipping', 'active');
INSERT INTO addresses (address_id, user_id, street, region, city, country, postal_code, address_type, status) VALUES (148, 93, '2280 Long Harbor', 'France', 'Da Nang', 'Viet Nam', '93M 0PP', 'shipping', 'default');
INSERT INTO addresses (address_id, user_id, street, region, city, country, postal_code, address_type, status) VALUES (149, 94, '8486 Mai Garden', 'Honduras', 'An Giang', 'Viet Nam', 'K2 4HZ', 'shipping', 'default');
INSERT INTO addresses (address_id, user_id, street, region, city, country, postal_code, address_type, status) VALUES (150, 95, '26769 Hien Trail', 'Saint Pierre and Miquelon', 'Hai Phong', 'Viet Nam', '5F  5UD', 'shipping', 'default');
INSERT INTO addresses (address_id, user_id, street, region, city, country, postal_code, address_type, status) VALUES (151, 95, '575 Thi Drives', 'Burkina Faso', 'Hai Phong', 'Viet Nam', '4YNV 4OZ', 'shipping', 'active');
INSERT INTO addresses (address_id, user_id, street, region, city, country, postal_code, address_type, status) VALUES (152, 96, '797 Le Ferry', 'Christmas Island', 'Da Nang', 'Viet Nam', 'GERE  3JE', 'shipping', 'default');
INSERT INTO addresses (address_id, user_id, street, region, city, country, postal_code, address_type, status) VALUES (153, 97, '123 Ha Knolls', 'Lebanon', 'Nha Trang', 'Viet Nam', 'O4A 1EP', 'shipping', 'default');
INSERT INTO addresses (address_id, user_id, street, region, city, country, postal_code, address_type, status) VALUES (154, 97, '220 Nhung Camp', 'Uruguay', 'Hai Phong', 'Viet Nam', 'KO  9YU', 'shipping', 'active');
INSERT INTO addresses (address_id, user_id, street, region, city, country, postal_code, address_type, status) VALUES (155, 98, '23911 Dang Summit', 'French Polynesia', 'Hai Phong', 'Viet Nam', '2N 7LZ', 'shipping', 'default');
INSERT INTO addresses (address_id, user_id, street, region, city, country, postal_code, address_type, status) VALUES (156, 98, '47095 Lam Overpass', 'Oman', 'Ninh Binh', 'Viet Nam', '202  1NW', 'shipping', 'active');
INSERT INTO addresses (address_id, user_id, street, region, city, country, postal_code, address_type, status) VALUES (157, 99, '4893 Truong Points', 'Togo', 'Ha Tinh', 'Viet Nam', 'KEE  5GN', 'shipping', 'default');
INSERT INTO addresses (address_id, user_id, street, region, city, country, postal_code, address_type, status) VALUES (158, 100, '23412 Minh Lights', 'Tanzania', 'Lang Son', 'Viet Nam', 'P24  2LY', 'shipping', 'default');
INSERT INTO addresses (address_id, user_id, street, region, city, country, postal_code, address_type, status) VALUES (159, 100, '9564 Truong Plain', 'Kenya', 'Ha Tinh', 'Viet Nam', '9HH  4LJ', 'shipping', 'active');
INSERT INTO addresses (address_id, user_id, street, region, city, country, postal_code, address_type, status) VALUES (160, 101, '33867 Dinh Forge', 'Namibia', 'Ha Giang', 'Viet Nam', 'WA3H 2UL', 'shipping', 'default');
INSERT INTO addresses (address_id, user_id, street, region, city, country, postal_code, address_type, status) VALUES (161, 101, '4274 Van Parks', 'Spain', 'Ninh Binh', 'Viet Nam', 'OHP  8GJ', 'shipping', 'active');
INSERT INTO addresses (address_id, user_id, street, region, city, country, postal_code, address_type, status) VALUES (162, 102, '824 Do Corner', 'Uzbekistan', 'Binh Thuan', 'Viet Nam', '9DXA  6TG', 'shipping', 'default');
INSERT INTO addresses (address_id, user_id, street, region, city, country, postal_code, address_type, status) VALUES (163, 103, '298 Dung Course', 'Cocos (Keeling) Islands', 'Quang Nam', 'Viet Nam', 'JY 3RD', 'shipping', 'default');
INSERT INTO addresses (address_id, user_id, street, region, city, country, postal_code, address_type, status) VALUES (164, 103, '2413 Nguyen Trafficway', 'Hong Kong', 'Quang Nam', 'Viet Nam', 'LLP9 9PE', 'shipping', 'active');
INSERT INTO addresses (address_id, user_id, street, region, city, country, postal_code, address_type, status) VALUES (165, 104, '7249 Dao River', 'Anguilla', 'Can Tho', 'Viet Nam', 'I5A 2XS', 'shipping', 'default');
INSERT INTO addresses (address_id, user_id, street, region, city, country, postal_code, address_type, status) VALUES (166, 104, '03543 Trinh Station', 'Poland', 'Dak Lak', 'Viet Nam', 'FQY 7XY', 'shipping', 'active');
INSERT INTO addresses (address_id, user_id, street, region, city, country, postal_code, address_type, status) VALUES (167, 105, '1870 Nguyen Points', 'Tunisia', 'An Giang', 'Viet Nam', '9UM 4SN', 'shipping', 'default');
INSERT INTO addresses (address_id, user_id, street, region, city, country, postal_code, address_type, status) VALUES (168, 106, '878 Bui Junctions', 'Philippines', 'Hue', 'Viet Nam', '9W 1SG', 'shipping', 'default');
INSERT INTO addresses (address_id, user_id, street, region, city, country, postal_code, address_type, status) VALUES (169, 106, '4270 Nhan Keys', 'Eritrea', 'Son La', 'Viet Nam', '5H2 7UA', 'shipping', 'active');
INSERT INTO addresses (address_id, user_id, street, region, city, country, postal_code, address_type, status) VALUES (170, 107, '811 Huu Hills', 'Burundi', 'Can Tho', 'Viet Nam', 'PAH  6TA', 'shipping', 'default');
INSERT INTO addresses (address_id, user_id, street, region, city, country, postal_code, address_type, status) VALUES (171, 108, '2711 Dao Canyon', 'Trinidad and Tobago', 'Ha Giang', 'Viet Nam', '93M  1HT', 'shipping', 'default');
INSERT INTO addresses (address_id, user_id, street, region, city, country, postal_code, address_type, status) VALUES (172, 109, '5484 Phung Turnpike', 'Myanmar', 'Ha Giang', 'Viet Nam', '6X4  3BU', 'shipping', 'default');
INSERT INTO addresses (address_id, user_id, street, region, city, country, postal_code, address_type, status) VALUES (173, 110, '04102 Duong Ways', 'Slovakia (Slovak Republic)', 'Quang Nam', 'Viet Nam', 'W7  4YU', 'shipping', 'default');
INSERT INTO addresses (address_id, user_id, street, region, city, country, postal_code, address_type, status) VALUES (174, 111, '485 Ngoc Bypass', 'Virgin Islands, U.S.', 'Quang Ninh', 'Viet Nam', 'M4  9OX', 'shipping', 'default');
INSERT INTO addresses (address_id, user_id, street, region, city, country, postal_code, address_type, status) VALUES (175, 112, '5144 Thao Turnpike', 'Bosnia and Herzegovina', 'Vung Tau', 'Viet Nam', 'WS7N  3GY', 'shipping', 'default');
INSERT INTO addresses (address_id, user_id, street, region, city, country, postal_code, address_type, status) VALUES (176, 113, '994 Tam Road', 'Uzbekistan', 'Ha Giang', 'Viet Nam', 'FL9  7TR', 'shipping', 'default');
INSERT INTO addresses (address_id, user_id, street, region, city, country, postal_code, address_type, status) VALUES (177, 114, '3504 Lam Gardens', 'Vietnam', 'Son La', 'Viet Nam', 'BS4N 6DF', 'shipping', 'default');
INSERT INTO addresses (address_id, user_id, street, region, city, country, postal_code, address_type, status) VALUES (178, 115, '0591 Dang Inlet', 'Venezuela', 'Thanh Hoa', 'Viet Nam', 'OH2R 9OT', 'shipping', 'default');
INSERT INTO addresses (address_id, user_id, street, region, city, country, postal_code, address_type, status) VALUES (179, 116, '654 Pham Junction', 'Canada', 'Thanh Hoa', 'Viet Nam', 'R8VH 5UN', 'shipping', 'default');
INSERT INTO addresses (address_id, user_id, street, region, city, country, postal_code, address_type, status) VALUES (180, 117, '2429 Phung Run', 'Uruguay', 'Hue', 'Viet Nam', 'I6N  8JL', 'shipping', 'default');
INSERT INTO addresses (address_id, user_id, street, region, city, country, postal_code, address_type, status) VALUES (181, 117, '8461 Thi Pines', 'Netherlands', 'Bac Ninh', 'Viet Nam', '008 9PN', 'shipping', 'active');
INSERT INTO addresses (address_id, user_id, street, region, city, country, postal_code, address_type, status) VALUES (182, 118, '027 Ho Square', 'Virgin Islands, U.S.', 'Ha Giang', 'Viet Nam', 'GF 6AT', 'shipping', 'default');
INSERT INTO addresses (address_id, user_id, street, region, city, country, postal_code, address_type, status) VALUES (183, 119, '09763 Nguyen Canyon', 'Madagascar', 'Hue', 'Viet Nam', '2NX5 7SU', 'shipping', 'default');
INSERT INTO addresses (address_id, user_id, street, region, city, country, postal_code, address_type, status) VALUES (184, 120, '18259 Doan Burg', 'Zambia', 'Vung Tau', 'Viet Nam', '1L 2YO', 'shipping', 'default');
INSERT INTO addresses (address_id, user_id, street, region, city, country, postal_code, address_type, status) VALUES (185, 120, '016 Thanh Throughway', 'Angola', 'Lang Son', 'Viet Nam', 'A839 7JY', 'shipping', 'active');
INSERT INTO addresses (address_id, user_id, street, region, city, country, postal_code, address_type, status) VALUES (186, 121, '129 Phu Alley', 'Niue', 'Da Nang', 'Viet Nam', 'LE49 1QT', 'shipping', 'default');
INSERT INTO addresses (address_id, user_id, street, region, city, country, postal_code, address_type, status) VALUES (187, 121, '34447 Thi Shore', 'Guatemala', 'Thanh Hoa', 'Viet Nam', 'A30  4LS', 'shipping', 'active');
INSERT INTO addresses (address_id, user_id, street, region, city, country, postal_code, address_type, status) VALUES (188, 122, '18381 Bui Spring', 'Saint Vincent and the Grenadines', 'Hai Phong', 'Viet Nam', 'WD  3QS', 'shipping', 'default');
INSERT INTO addresses (address_id, user_id, street, region, city, country, postal_code, address_type, status) VALUES (189, 122, '34073 Ha Mews', 'Sweden', 'Ninh Binh', 'Viet Nam', '22T4 1US', 'shipping', 'active');
INSERT INTO addresses (address_id, user_id, street, region, city, country, postal_code, address_type, status) VALUES (190, 123, '187 Van Plaza', 'China', 'Binh Thuan', 'Viet Nam', 'ZT  9SB', 'shipping', 'default');
INSERT INTO addresses (address_id, user_id, street, region, city, country, postal_code, address_type, status) VALUES (191, 124, '481 Ho Valley', 'Romania', 'Binh Thuan', 'Viet Nam', 'RO 9TP', 'shipping', 'default');
INSERT INTO addresses (address_id, user_id, street, region, city, country, postal_code, address_type, status) VALUES (192, 124, '395 Ngo Pass', 'Kenya', 'Lang Son', 'Viet Nam', 'KTA2  4BN', 'shipping', 'active');
INSERT INTO addresses (address_id, user_id, street, region, city, country, postal_code, address_type, status) VALUES (193, 125, '6178 Tang Loop', 'Timor-Leste', 'Son La', 'Viet Nam', 'C5P  3LO', 'shipping', 'default');
INSERT INTO addresses (address_id, user_id, street, region, city, country, postal_code, address_type, status) VALUES (194, 126, '20722 Ly Avenue', 'Cuba', 'Yen Bai', 'Viet Nam', 'OFX  0TP', 'shipping', 'default');
INSERT INTO addresses (address_id, user_id, street, region, city, country, postal_code, address_type, status) VALUES (195, 127, '99215 Ho Estates', 'Malta', 'Lang Son', 'Viet Nam', 'W6A9  4AR', 'shipping', 'default');
INSERT INTO addresses (address_id, user_id, street, region, city, country, postal_code, address_type, status) VALUES (196, 128, '55745 Tu Gardens', 'India', 'Ca Mau', 'Viet Nam', 'U258 1YU', 'shipping', 'default');
INSERT INTO addresses (address_id, user_id, street, region, city, country, postal_code, address_type, status) VALUES (197, 128, '24914 Cuong Row', 'Jordan', 'Da Nang', 'Viet Nam', 'C72  6HY', 'shipping', 'active');
INSERT INTO addresses (address_id, user_id, street, region, city, country, postal_code, address_type, status) VALUES (198, 129, '754 Phan Curve', 'Uzbekistan', 'Ha Giang', 'Viet Nam', 'MG0Y  5TQ', 'shipping', 'default');
INSERT INTO addresses (address_id, user_id, street, region, city, country, postal_code, address_type, status) VALUES (199, 130, '185 Duong Coves', 'Holy See (Vatican City State)', 'Binh Duong', 'Viet Nam', 'A7VA  9WW', 'shipping', 'default');
INSERT INTO addresses (address_id, user_id, street, region, city, country, postal_code, address_type, status) VALUES (200, 130, '4388 Tang Fields', 'Pitcairn Islands', 'Binh Duong', 'Viet Nam', 'AM27 9AJ', 'shipping', 'active');
INSERT INTO addresses (address_id, user_id, street, region, city, country, postal_code, address_type, status) VALUES (201, 131, '666 Dao Orchard', 'Italy', 'Ca Mau', 'Viet Nam', 'PDH 3YJ', 'shipping', 'default');
INSERT INTO addresses (address_id, user_id, street, region, city, country, postal_code, address_type, status) VALUES (202, 131, '560 Bui Ports', 'Fiji', 'Ha Tinh', 'Viet Nam', '026 9GN', 'shipping', 'active');
INSERT INTO addresses (address_id, user_id, street, region, city, country, postal_code, address_type, status) VALUES (203, 132, '98216 Lam Plain', 'Somalia', 'Ha Tinh', 'Viet Nam', 'B3V6 4SW', 'shipping', 'default');
INSERT INTO addresses (address_id, user_id, street, region, city, country, postal_code, address_type, status) VALUES (204, 133, '783 Hai Key', 'Nigeria', 'Can Tho', 'Viet Nam', '6E7  2LQ', 'shipping', 'default');
INSERT INTO addresses (address_id, user_id, street, region, city, country, postal_code, address_type, status) VALUES (205, 134, '759 To Islands', 'Qatar', 'Da Nang', 'Viet Nam', 'CS9  1AJ', 'shipping', 'default');
INSERT INTO addresses (address_id, user_id, street, region, city, country, postal_code, address_type, status) VALUES (206, 134, '01827 To Throughway', 'Philippines', 'Lang Son', 'Viet Nam', 'O2M 0TA', 'shipping', 'active');
INSERT INTO addresses (address_id, user_id, street, region, city, country, postal_code, address_type, status) VALUES (207, 135, '3047 Tuan Drive', 'Turkmenistan', 'Dak Lak', 'Viet Nam', 'TR9 6XS', 'shipping', 'default');
INSERT INTO addresses (address_id, user_id, street, region, city, country, postal_code, address_type, status) VALUES (208, 136, '8648 Thi Center', 'Saint Kitts and Nevis', 'Dak Lak', 'Viet Nam', 'KGM 8JN', 'shipping', 'default');
INSERT INTO addresses (address_id, user_id, street, region, city, country, postal_code, address_type, status) VALUES (209, 137, '08848 Phan Well', 'Swaziland', 'Yen Bai', 'Viet Nam', '6P4  7SX', 'shipping', 'default');
INSERT INTO addresses (address_id, user_id, street, region, city, country, postal_code, address_type, status) VALUES (210, 138, '14309 Ha Keys', 'Estonia', 'Son La', 'Viet Nam', '7SY 8GF', 'shipping', 'default');
INSERT INTO addresses (address_id, user_id, street, region, city, country, postal_code, address_type, status) VALUES (211, 138, '99598 Tang Rest', 'Marshall Islands', 'Ninh Binh', 'Viet Nam', '0FB  9XA', 'shipping', 'active');
INSERT INTO addresses (address_id, user_id, street, region, city, country, postal_code, address_type, status) VALUES (212, 139, '1223 Nguyen Locks', 'Haiti', 'Vung Tau', 'Viet Nam', '754 5AA', 'shipping', 'default');
INSERT INTO addresses (address_id, user_id, street, region, city, country, postal_code, address_type, status) VALUES (213, 140, '67607 Lam Ridge', 'Guernsey', 'Quang Ninh', 'Viet Nam', '42  7BE', 'shipping', 'default');
INSERT INTO addresses (address_id, user_id, street, region, city, country, postal_code, address_type, status) VALUES (214, 141, '547 Thi Crescent', 'Haiti', 'Quang Binh', 'Viet Nam', 'H035  9BQ', 'shipping', 'default');
INSERT INTO addresses (address_id, user_id, street, region, city, country, postal_code, address_type, status) VALUES (215, 141, '731 Tran Forges', 'Panama', 'Lang Son', 'Viet Nam', '1Q  9JT', 'shipping', 'active');
INSERT INTO addresses (address_id, user_id, street, region, city, country, postal_code, address_type, status) VALUES (216, 142, '01470 Doan Brooks', 'Falkland Islands (Malvinas)', 'Hai Phong', 'Viet Nam', '3U 2BT', 'shipping', 'default');
INSERT INTO addresses (address_id, user_id, street, region, city, country, postal_code, address_type, status) VALUES (217, 142, '33009 Thuy Inlet', 'Virgin Islands, British', 'Bac Ninh', 'Viet Nam', 'NFH  6ZB', 'shipping', 'active');
INSERT INTO addresses (address_id, user_id, street, region, city, country, postal_code, address_type, status) VALUES (218, 143, '094 Nhung Path', 'Austria', 'Quang Nam', 'Viet Nam', '46X  3RO', 'shipping', 'default');
INSERT INTO addresses (address_id, user_id, street, region, city, country, postal_code, address_type, status) VALUES (219, 143, '344 Nhan Port', 'Cocos (Keeling) Islands', 'Binh Thuan', 'Viet Nam', 'EL8 9YX', 'shipping', 'active');
INSERT INTO addresses (address_id, user_id, street, region, city, country, postal_code, address_type, status) VALUES (220, 144, '14730 Tuan Trail', 'Nicaragua', 'Lang Son', 'Viet Nam', 'FE  0XD', 'shipping', 'default');
INSERT INTO addresses (address_id, user_id, street, region, city, country, postal_code, address_type, status) VALUES (221, 144, '37472 Thuy Burg', 'Sweden', 'Thanh Hoa', 'Viet Nam', 'HCT  3BU', 'shipping', 'active');
INSERT INTO addresses (address_id, user_id, street, region, city, country, postal_code, address_type, status) VALUES (222, 145, '1657 Duong Center', 'Kenya', 'Quang Ninh', 'Viet Nam', '7W1 5SD', 'shipping', 'default');
INSERT INTO addresses (address_id, user_id, street, region, city, country, postal_code, address_type, status) VALUES (223, 146, '7267 Hoang Villages', 'Papua New Guinea', 'Lang Son', 'Viet Nam', 'OPX  0GY', 'shipping', 'default');
INSERT INTO addresses (address_id, user_id, street, region, city, country, postal_code, address_type, status) VALUES (224, 147, '38861 Ho Tunnel', 'Bermuda', 'Vung Tau', 'Viet Nam', 'WYT0 8JQ', 'shipping', 'default');
INSERT INTO addresses (address_id, user_id, street, region, city, country, postal_code, address_type, status) VALUES (225, 147, '04040 Tran Terrace', 'Iceland', 'Ninh Binh', 'Viet Nam', 'SKY  3TR', 'shipping', 'active');
INSERT INTO addresses (address_id, user_id, street, region, city, country, postal_code, address_type, status) VALUES (226, 148, '8227 Duong Extension', 'Turkey', 'Binh Duong', 'Viet Nam', 'Y5HA 1RB', 'shipping', 'default');
INSERT INTO addresses (address_id, user_id, street, region, city, country, postal_code, address_type, status) VALUES (227, 148, '38232 Ho Mountain', 'Chile', 'Quang Ninh', 'Viet Nam', 'GL 6GU', 'shipping', 'active');
INSERT INTO addresses (address_id, user_id, street, region, city, country, postal_code, address_type, status) VALUES (228, 149, '649 Ly Plain', 'Denmark', 'Hue', 'Viet Nam', 'M34 8QT', 'shipping', 'default');
INSERT INTO addresses (address_id, user_id, street, region, city, country, postal_code, address_type, status) VALUES (229, 150, '91104 Dao Trail', 'Cape Verde', 'Can Tho', 'Viet Nam', 'HS8 6AJ', 'shipping', 'default');
INSERT INTO addresses (address_id, user_id, street, region, city, country, postal_code, address_type, status) VALUES (230, 150, '55434 Duc Ridge', 'Niger', 'Da Lat', 'Viet Nam', 'A3X  3HU', 'shipping', 'active');
INSERT INTO addresses (address_id, user_id, street, region, city, country, postal_code, address_type, status) VALUES (231, 151, '8627 Bui Club', 'French Polynesia', 'Ho Chi Minh', 'Viet Nam', 'JE4  0SX', 'shipping', 'default');
INSERT INTO addresses (address_id, user_id, street, region, city, country, postal_code, address_type, status) VALUES (232, 151, '2536 Vuong Knolls', 'Senegal', 'Quang Binh', 'Viet Nam', 'U884 6ZP', 'shipping', 'active');
INSERT INTO addresses (address_id, user_id, street, region, city, country, postal_code, address_type, status) VALUES (233, 152, '4731 Vuong Estate', 'Sao Tome and Principe', 'Vung Tau', 'Viet Nam', '43ME 7LO', 'shipping', 'default');
INSERT INTO addresses (address_id, user_id, street, region, city, country, postal_code, address_type, status) VALUES (234, 153, '8459 Ngo Trail', 'Western Sahara', 'Ninh Binh', 'Viet Nam', 'BS2  1RW', 'shipping', 'default');
INSERT INTO addresses (address_id, user_id, street, region, city, country, postal_code, address_type, status) VALUES (235, 153, '749 To Union', 'Ecuador', 'Thanh Hoa', 'Viet Nam', '2D  2WE', 'shipping', 'active');
INSERT INTO addresses (address_id, user_id, street, region, city, country, postal_code, address_type, status) VALUES (236, 154, '20259 Phung Manor', 'Nauru', 'Dak Lak', 'Viet Nam', 'EH  8YH', 'shipping', 'default');
INSERT INTO addresses (address_id, user_id, street, region, city, country, postal_code, address_type, status) VALUES (237, 154, '0155 Kim Ford', 'Macedonia', 'Thanh Hoa', 'Viet Nam', 'G0P  4TY', 'shipping', 'active');
INSERT INTO addresses (address_id, user_id, street, region, city, country, postal_code, address_type, status) VALUES (238, 155, '485 Phung Mews', 'Georgia', 'Yen Bai', 'Viet Nam', '7BY  1TN', 'shipping', 'default');
INSERT INTO addresses (address_id, user_id, street, region, city, country, postal_code, address_type, status) VALUES (239, 156, '713 Ly Skyway', 'Kuwait', 'Ca Mau', 'Viet Nam', '560 1JD', 'shipping', 'default');
INSERT INTO addresses (address_id, user_id, street, region, city, country, postal_code, address_type, status) VALUES (240, 157, '6648 Le Ports', 'Comoros', 'Lang Son', 'Viet Nam', '73 3FA', 'shipping', 'default');
INSERT INTO addresses (address_id, user_id, street, region, city, country, postal_code, address_type, status) VALUES (241, 157, '14400 Vuong Brook', 'Virgin Islands, U.S.', 'Hue', 'Viet Nam', 'LG  0JF', 'shipping', 'active');
INSERT INTO addresses (address_id, user_id, street, region, city, country, postal_code, address_type, status) VALUES (242, 158, '389 Thanh Squares', 'Costa Rica', 'Phu Quoc', 'Viet Nam', 'CS  5AO', 'shipping', 'default');
INSERT INTO addresses (address_id, user_id, street, region, city, country, postal_code, address_type, status) VALUES (243, 159, '944 Duc Streets', 'Montenegro', 'An Giang', 'Viet Nam', '3F34 4EX', 'shipping', 'default');
INSERT INTO addresses (address_id, user_id, street, region, city, country, postal_code, address_type, status) VALUES (244, 159, '482 Tang Mall', 'Saint Lucia', 'Ha Noi', 'Viet Nam', 'JOP  5PO', 'shipping', 'active');
INSERT INTO addresses (address_id, user_id, street, region, city, country, postal_code, address_type, status) VALUES (245, 160, '75126 Khang Fort', 'Belgium', 'Binh Thuan', 'Viet Nam', 'D3  8BO', 'shipping', 'default');
INSERT INTO addresses (address_id, user_id, street, region, city, country, postal_code, address_type, status) VALUES (246, 160, '81593 Son Shores', 'Zambia', 'Quang Ninh', 'Viet Nam', 'G5  5NE', 'shipping', 'active');
INSERT INTO addresses (address_id, user_id, street, region, city, country, postal_code, address_type, status) VALUES (247, 161, '32593 Tang Center', 'Jordan', 'Hai Phong', 'Viet Nam', 'J44 9XE', 'shipping', 'default');
INSERT INTO addresses (address_id, user_id, street, region, city, country, postal_code, address_type, status) VALUES (248, 162, '05236 Trinh Divide', 'Macedonia', 'Nha Trang', 'Viet Nam', '2F0M 3UL', 'shipping', 'default');
INSERT INTO addresses (address_id, user_id, street, region, city, country, postal_code, address_type, status) VALUES (249, 163, '121 Son Lock', 'Cape Verde', 'Quang Binh', 'Viet Nam', 'Y8X 6GA', 'shipping', 'default');
INSERT INTO addresses (address_id, user_id, street, region, city, country, postal_code, address_type, status) VALUES (250, 163, '053 Quoc Greens', 'Rwanda', 'Ha Noi', 'Viet Nam', 'M0 7WY', 'shipping', 'active');
INSERT INTO addresses (address_id, user_id, street, region, city, country, postal_code, address_type, status) VALUES (251, 164, '051 Duong Track', 'Panama', 'Da Nang', 'Viet Nam', 'HA98 8JL', 'shipping', 'default');
INSERT INTO addresses (address_id, user_id, street, region, city, country, postal_code, address_type, status) VALUES (252, 164, '96823 Hoang Drives', 'Czech Republic', 'Quang Binh', 'Viet Nam', 'CN7 1TS', 'shipping', 'active');
INSERT INTO addresses (address_id, user_id, street, region, city, country, postal_code, address_type, status) VALUES (253, 165, '183 Ha Drive', 'Solomon Islands', 'Yen Bai', 'Viet Nam', 'NWV 8RR', 'shipping', 'default');
INSERT INTO addresses (address_id, user_id, street, region, city, country, postal_code, address_type, status) VALUES (254, 166, '653 Bui Lights', 'French Polynesia', 'Da Lat', 'Viet Nam', 'S7X  4GY', 'shipping', 'default');
INSERT INTO addresses (address_id, user_id, street, region, city, country, postal_code, address_type, status) VALUES (255, 167, '5724 Vinh Spring', 'Macao', 'Da Nang', 'Viet Nam', 'O3  7GD', 'shipping', 'default');
INSERT INTO addresses (address_id, user_id, street, region, city, country, postal_code, address_type, status) VALUES (256, 168, '800 Nhung Village', 'Macedonia', 'Dak Lak', 'Viet Nam', 'LTW  8ZS', 'shipping', 'default');
INSERT INTO addresses (address_id, user_id, street, region, city, country, postal_code, address_type, status) VALUES (257, 168, '379 Trinh Creek', 'Eritrea', 'Binh Thuan', 'Viet Nam', 'KA4  5WE', 'shipping', 'active');
INSERT INTO addresses (address_id, user_id, street, region, city, country, postal_code, address_type, status) VALUES (258, 169, '359 Van Rest', 'Bouvet Island (Bouvetoya)', 'Ha Tinh', 'Viet Nam', 'FP 8JX', 'shipping', 'default');
INSERT INTO addresses (address_id, user_id, street, region, city, country, postal_code, address_type, status) VALUES (259, 170, '451 Duong Track', 'Gabon', 'Ninh Binh', 'Viet Nam', 'CGV  8NT', 'shipping', 'default');
INSERT INTO addresses (address_id, user_id, street, region, city, country, postal_code, address_type, status) VALUES (260, 171, '163 Tang Spurs', 'Turks and Caicos Islands', 'Ho Chi Minh', 'Viet Nam', '2F8 4YH', 'shipping', 'default');
INSERT INTO addresses (address_id, user_id, street, region, city, country, postal_code, address_type, status) VALUES (261, 172, '848 Phan Loop', 'Faroe Islands', 'Phu Quoc', 'Viet Nam', '51P3 6RQ', 'shipping', 'default');
INSERT INTO addresses (address_id, user_id, street, region, city, country, postal_code, address_type, status) VALUES (262, 172, '349 Bui Cliffs', 'Papua New Guinea', 'Quang Binh', 'Viet Nam', 'IE  7EB', 'shipping', 'active');
INSERT INTO addresses (address_id, user_id, street, region, city, country, postal_code, address_type, status) VALUES (263, 173, '661 Thuy Flats', 'India', 'Hue', 'Viet Nam', 'P1  7SY', 'shipping', 'default');
INSERT INTO addresses (address_id, user_id, street, region, city, country, postal_code, address_type, status) VALUES (264, 174, '530 Ho Loaf', 'Bahrain', 'Binh Thuan', 'Viet Nam', '7Q59 8DW', 'shipping', 'default');
INSERT INTO addresses (address_id, user_id, street, region, city, country, postal_code, address_type, status) VALUES (265, 174, '1489 Vu Lane', 'Niue', 'Thanh Hoa', 'Viet Nam', 'SS  4GO', 'shipping', 'active');
INSERT INTO addresses (address_id, user_id, street, region, city, country, postal_code, address_type, status) VALUES (266, 175, '4536 Do Groves', 'Senegal', 'Ninh Binh', 'Viet Nam', 'M5  9YP', 'shipping', 'default');
INSERT INTO addresses (address_id, user_id, street, region, city, country, postal_code, address_type, status) VALUES (267, 176, '5304 Bui Lane', 'Cook Islands', 'Ninh Binh', 'Viet Nam', 'BBM  0AU', 'shipping', 'default');
INSERT INTO addresses (address_id, user_id, street, region, city, country, postal_code, address_type, status) VALUES (268, 176, '6562 Pham Squares', 'Oman', 'Vung Tau', 'Viet Nam', 'Y1P  3LR', 'shipping', 'active');
INSERT INTO addresses (address_id, user_id, street, region, city, country, postal_code, address_type, status) VALUES (269, 177, '97000 Dinh Manors', 'Ghana', 'Ho Chi Minh', 'Viet Nam', 'WO8V  5UT', 'shipping', 'default');
INSERT INTO addresses (address_id, user_id, street, region, city, country, postal_code, address_type, status) VALUES (270, 178, '3490 Truong Ridges', 'Equatorial Guinea', 'Hue', 'Viet Nam', '7S0  8SQ', 'shipping', 'default');
INSERT INTO addresses (address_id, user_id, street, region, city, country, postal_code, address_type, status) VALUES (271, 178, '0414 Kim Trail', 'Peru', 'Son La', 'Viet Nam', 'DQ6 4HD', 'shipping', 'active');
INSERT INTO addresses (address_id, user_id, street, region, city, country, postal_code, address_type, status) VALUES (272, 179, '75650 Truong Hills', 'Virgin Islands, British', 'Ha Tinh', 'Viet Nam', 'EFH9 9ED', 'shipping', 'default');
INSERT INTO addresses (address_id, user_id, street, region, city, country, postal_code, address_type, status) VALUES (273, 180, '336 Thuy Loaf', 'Ecuador', 'Can Tho', 'Viet Nam', 'CH 6QL', 'shipping', 'default');
INSERT INTO addresses (address_id, user_id, street, region, city, country, postal_code, address_type, status) VALUES (274, 180, '9380 Sinh Dam', 'Palestinian Territory', 'Thanh Hoa', 'Viet Nam', 'WF6  2PL', 'shipping', 'active');
INSERT INTO addresses (address_id, user_id, street, region, city, country, postal_code, address_type, status) VALUES (275, 181, '4624 Doan Gardens', 'Guinea', 'Quang Nam', 'Viet Nam', 'J6B 5UR', 'shipping', 'default');
INSERT INTO addresses (address_id, user_id, street, region, city, country, postal_code, address_type, status) VALUES (276, 181, '7216 Long Extension', 'El Salvador', 'Bac Ninh', 'Viet Nam', 'DV9  4DT', 'shipping', 'active');
INSERT INTO addresses (address_id, user_id, street, region, city, country, postal_code, address_type, status) VALUES (277, 182, '897 Duong Port', 'Rwanda', 'Nha Trang', 'Viet Nam', '27N 6BQ', 'shipping', 'default');
INSERT INTO addresses (address_id, user_id, street, region, city, country, postal_code, address_type, status) VALUES (278, 183, '671 Thi Mountains', 'New Caledonia', 'Da Nang', 'Viet Nam', 'DP  8AZ', 'shipping', 'default');
INSERT INTO addresses (address_id, user_id, street, region, city, country, postal_code, address_type, status) VALUES (279, 183, '954 Ho Prairie', 'Italy', 'Quang Binh', 'Viet Nam', '2E 2PB', 'shipping', 'active');
INSERT INTO addresses (address_id, user_id, street, region, city, country, postal_code, address_type, status) VALUES (280, 184, '2394 Dao Garden', 'Lao People''s Democratic Republic', 'Da Lat', 'Viet Nam', '8LA  6OO', 'shipping', 'default');
INSERT INTO addresses (address_id, user_id, street, region, city, country, postal_code, address_type, status) VALUES (281, 185, '642 Nguyen Road', 'Holy See (Vatican City State)', 'Lang Son', 'Viet Nam', 'JC6  5NA', 'shipping', 'default');
INSERT INTO addresses (address_id, user_id, street, region, city, country, postal_code, address_type, status) VALUES (282, 186, '136 Dao Common', 'Kiribati', 'Quang Nam', 'Viet Nam', 'L46E  4GN', 'shipping', 'default');
INSERT INTO addresses (address_id, user_id, street, region, city, country, postal_code, address_type, status) VALUES (283, 186, '5058 Minh Square', 'Poland', 'Hue', 'Viet Nam', 'HF3 8ZJ', 'shipping', 'active');
INSERT INTO addresses (address_id, user_id, street, region, city, country, postal_code, address_type, status) VALUES (284, 187, '922 Nguyen Underpass', 'Hong Kong', 'Quang Binh', 'Viet Nam', 'SMA  2ZY', 'shipping', 'default');
INSERT INTO addresses (address_id, user_id, street, region, city, country, postal_code, address_type, status) VALUES (285, 188, '7260 Buu Estates', 'Jamaica', 'Ca Mau', 'Viet Nam', '88M8 2AJ', 'shipping', 'default');
INSERT INTO addresses (address_id, user_id, street, region, city, country, postal_code, address_type, status) VALUES (286, 189, '79854 Pham Knolls', 'Tunisia', 'Ha Noi', 'Viet Nam', 'BN 6TA', 'shipping', 'default');
INSERT INTO addresses (address_id, user_id, street, region, city, country, postal_code, address_type, status) VALUES (287, 189, '3676 Dinh Harbor', 'Bahamas', 'Bac Ninh', 'Viet Nam', '0536  8DG', 'shipping', 'active');
INSERT INTO addresses (address_id, user_id, street, region, city, country, postal_code, address_type, status) VALUES (288, 190, '912 Hoang Parkways', 'Bosnia and Herzegovina', 'An Giang', 'Viet Nam', 'DD0  8NA', 'shipping', 'default');
INSERT INTO addresses (address_id, user_id, street, region, city, country, postal_code, address_type, status) VALUES (289, 191, '826 Mai Row', 'Peru', 'Quang Binh', 'Viet Nam', 'G4  4TH', 'shipping', 'default');
INSERT INTO addresses (address_id, user_id, street, region, city, country, postal_code, address_type, status) VALUES (290, 191, '143 Dinh Loaf', 'Mongolia', 'Ha Giang', 'Viet Nam', 'PD  1QJ', 'shipping', 'active');
INSERT INTO addresses (address_id, user_id, street, region, city, country, postal_code, address_type, status) VALUES (291, 192, '3272 Trieu Plaza', 'Brazil', 'Ha Tinh', 'Viet Nam', 'Y93  4OY', 'shipping', 'default');
INSERT INTO addresses (address_id, user_id, street, region, city, country, postal_code, address_type, status) VALUES (292, 192, '9777 Lam Motorway', 'Saint Pierre and Miquelon', 'Bac Ninh', 'Viet Nam', 'FTN  8LY', 'shipping', 'active');
INSERT INTO addresses (address_id, user_id, street, region, city, country, postal_code, address_type, status) VALUES (293, 193, '3489 Trieu Groves', 'Nepal', 'Nha Trang', 'Viet Nam', 'ME4 4DQ', 'shipping', 'default');
INSERT INTO addresses (address_id, user_id, street, region, city, country, postal_code, address_type, status) VALUES (294, 194, '42816 Thi Islands', 'Kazakhstan', 'Yen Bai', 'Viet Nam', 'BV8 6RS', 'shipping', 'default');
INSERT INTO addresses (address_id, user_id, street, region, city, country, postal_code, address_type, status) VALUES (295, 195, '00584 Do Path', 'Guinea', 'Quang Nam', 'Viet Nam', 'ZL9 0XZ', 'shipping', 'default');
INSERT INTO addresses (address_id, user_id, street, region, city, country, postal_code, address_type, status) VALUES (296, 195, '4111 Truong Glens', 'Holy See (Vatican City State)', 'Thanh Hoa', 'Viet Nam', 'JF6V 8ON', 'shipping', 'active');
INSERT INTO addresses (address_id, user_id, street, region, city, country, postal_code, address_type, status) VALUES (297, 196, '52405 Vu Square', 'India', 'Ninh Binh', 'Viet Nam', '5ONX 5YS', 'shipping', 'default');
INSERT INTO addresses (address_id, user_id, street, region, city, country, postal_code, address_type, status) VALUES (298, 196, '62179 Trieu Unions', 'Macedonia', 'Hai Phong', 'Viet Nam', 'N080 6PT', 'shipping', 'active');
INSERT INTO addresses (address_id, user_id, street, region, city, country, postal_code, address_type, status) VALUES (299, 197, '03961 Nam Path', 'Netherlands Antilles', 'Can Tho', 'Viet Nam', '1RR 3ST', 'shipping', 'default');
INSERT INTO addresses (address_id, user_id, street, region, city, country, postal_code, address_type, status) VALUES (300, 198, '170 Ha Plain', 'Taiwan', 'Lang Son', 'Viet Nam', 'MG2 2WX', 'shipping', 'default');
INSERT INTO addresses (address_id, user_id, street, region, city, country, postal_code, address_type, status) VALUES (301, 199, '65726 To Shoal', 'Turks and Caicos Islands', 'Ha Giang', 'Viet Nam', 'O1Y3  9UY', 'shipping', 'default');
INSERT INTO addresses (address_id, user_id, street, region, city, country, postal_code, address_type, status) VALUES (302, 199, '70853 Tang Summit', 'Solomon Islands', 'An Giang', 'Viet Nam', 'E55  5FL', 'shipping', 'active');
INSERT INTO addresses (address_id, user_id, street, region, city, country, postal_code, address_type, status) VALUES (303, 200, '378 Mai Prairie', 'Cameroon', 'Phu Quoc', 'Viet Nam', '2UR 5XG', 'shipping', 'default');
INSERT INTO addresses (address_id, user_id, street, region, city, country, postal_code, address_type, status) VALUES (304, 201, '40715 Phung Green', 'Tajikistan', 'Yen Bai', 'Viet Nam', 'WUT  5HT', 'shipping', 'default');
INSERT INTO addresses (address_id, user_id, street, region, city, country, postal_code, address_type, status) VALUES (305, 202, '25565 Dao Rapids', 'Taiwan', 'Phu Quoc', 'Viet Nam', '3TP 9HA', 'shipping', 'default');
INSERT INTO addresses (address_id, user_id, street, region, city, country, postal_code, address_type, status) VALUES (306, 203, '764 Dang Plain', 'Malta', 'Vung Tau', 'Viet Nam', 'RS8 1ZF', 'shipping', 'default');
INSERT INTO addresses (address_id, user_id, street, region, city, country, postal_code, address_type, status) VALUES (307, 204, '0154 Tu Trail', 'Belgium', 'Ha Noi', 'Viet Nam', 'IR8 5DH', 'shipping', 'default');
INSERT INTO addresses (address_id, user_id, street, region, city, country, postal_code, address_type, status) VALUES (308, 205, '968 Ha Fort', 'Poland', 'Ha Tinh', 'Viet Nam', '9G2V  7OO', 'shipping', 'default');
INSERT INTO addresses (address_id, user_id, street, region, city, country, postal_code, address_type, status) VALUES (309, 205, '83528 Duong Loaf', 'Burkina Faso', 'Ninh Binh', 'Viet Nam', 'SD4 9ZU', 'shipping', 'active');
INSERT INTO addresses (address_id, user_id, street, region, city, country, postal_code, address_type, status) VALUES (310, 206, '2187 Tuan Village', 'Chile', 'Binh Duong', 'Viet Nam', 'AD  4SO', 'shipping', 'default');
INSERT INTO addresses (address_id, user_id, street, region, city, country, postal_code, address_type, status) VALUES (311, 207, '20062 Kha Mountains', 'Nicaragua', 'Yen Bai', 'Viet Nam', 'S0HP  6YQ', 'shipping', 'default');
INSERT INTO addresses (address_id, user_id, street, region, city, country, postal_code, address_type, status) VALUES (312, 208, '58802 Tang Locks', 'Jamaica', 'Da Nang', 'Viet Nam', 'S7V 0SR', 'shipping', 'default');
INSERT INTO addresses (address_id, user_id, street, region, city, country, postal_code, address_type, status) VALUES (313, 209, '1295 Sinh Pass', 'Saudi Arabia', 'Hai Phong', 'Viet Nam', '6F 0AP', 'shipping', 'default');
INSERT INTO addresses (address_id, user_id, street, region, city, country, postal_code, address_type, status) VALUES (314, 210, '018 Nguyen Inlet', 'Tajikistan', 'Binh Thuan', 'Viet Nam', '09P 3AP', 'shipping', 'default');
INSERT INTO addresses (address_id, user_id, street, region, city, country, postal_code, address_type, status) VALUES (315, 211, '0839 Minh Glens', 'Palau', 'Vung Tau', 'Viet Nam', 'NNPP 5PH', 'shipping', 'default');
INSERT INTO addresses (address_id, user_id, street, region, city, country, postal_code, address_type, status) VALUES (316, 212, '09675 Hoang Terrace', 'France', 'Ca Mau', 'Viet Nam', '5FV6  4ZN', 'shipping', 'default');
INSERT INTO addresses (address_id, user_id, street, region, city, country, postal_code, address_type, status) VALUES (317, 212, '980 Do Ways', 'Luxembourg', 'Hai Phong', 'Viet Nam', 'RPT5  1LL', 'shipping', 'active');
INSERT INTO addresses (address_id, user_id, street, region, city, country, postal_code, address_type, status) VALUES (318, 213, '89749 Tien Well', 'Comoros', 'Hai Phong', 'Viet Nam', 'IKNB  2XY', 'shipping', 'default');
INSERT INTO addresses (address_id, user_id, street, region, city, country, postal_code, address_type, status) VALUES (319, 214, '197 Mai Club', 'Kazakhstan', 'Yen Bai', 'Viet Nam', 'DH  4OA', 'shipping', 'default');
INSERT INTO addresses (address_id, user_id, street, region, city, country, postal_code, address_type, status) VALUES (320, 214, '0579 Tham Overpass', 'Vanuatu', 'Can Tho', 'Viet Nam', 'RB8H 7YX', 'shipping', 'active');
INSERT INTO addresses (address_id, user_id, street, region, city, country, postal_code, address_type, status) VALUES (321, 215, '06008 Ngoc Ports', 'Rwanda', 'Binh Thuan', 'Viet Nam', 'N79 5GX', 'shipping', 'default');
INSERT INTO addresses (address_id, user_id, street, region, city, country, postal_code, address_type, status) VALUES (322, 215, '092 Hai Vista', 'Sao Tome and Principe', 'Ha Giang', 'Viet Nam', 'O72 6AZ', 'shipping', 'active');
INSERT INTO addresses (address_id, user_id, street, region, city, country, postal_code, address_type, status) VALUES (323, 216, '6207 Duong Dam', 'South Africa', 'Bac Ninh', 'Viet Nam', 'PAN  8NL', 'shipping', 'default');
INSERT INTO addresses (address_id, user_id, street, region, city, country, postal_code, address_type, status) VALUES (324, 217, '52449 Thi Streets', 'Haiti', 'Da Nang', 'Viet Nam', 'MGV  0LR', 'shipping', 'default');
INSERT INTO addresses (address_id, user_id, street, region, city, country, postal_code, address_type, status) VALUES (325, 217, '64148 Pham Key', 'Singapore', 'Quang Nam', 'Viet Nam', '76X  4TS', 'shipping', 'active');
INSERT INTO addresses (address_id, user_id, street, region, city, country, postal_code, address_type, status) VALUES (326, 218, '2309 Dinh Well', 'Bolivia', 'Vung Tau', 'Viet Nam', 'LRN 4OS', 'shipping', 'default');
INSERT INTO addresses (address_id, user_id, street, region, city, country, postal_code, address_type, status) VALUES (327, 218, '4048 Dinh Trail', 'Antarctica (the territory South of 60 deg S)', 'Nha Trang', 'Viet Nam', '94A 5FN', 'shipping', 'active');
INSERT INTO addresses (address_id, user_id, street, region, city, country, postal_code, address_type, status) VALUES (328, 219, '35427 Tam Forge', 'El Salvador', 'Da Lat', 'Viet Nam', '035 0GE', 'shipping', 'default');
INSERT INTO addresses (address_id, user_id, street, region, city, country, postal_code, address_type, status) VALUES (329, 220, '2031 Vu Tunnel', 'Guatemala', 'Yen Bai', 'Viet Nam', 'WOHA 0TY', 'shipping', 'default');
INSERT INTO addresses (address_id, user_id, street, region, city, country, postal_code, address_type, status) VALUES (330, 221, '1145 Tang Glen', 'Bangladesh', 'Da Nang', 'Viet Nam', 'TM0  3ZU', 'shipping', 'default');
INSERT INTO addresses (address_id, user_id, street, region, city, country, postal_code, address_type, status) VALUES (331, 221, '03773 Trinh Ferry', 'Liechtenstein', 'Quang Ninh', 'Viet Nam', 'IMMP  6ZU', 'shipping', 'active');
INSERT INTO addresses (address_id, user_id, street, region, city, country, postal_code, address_type, status) VALUES (332, 222, '655 Hoang Streets', 'Canada', 'Hai Phong', 'Viet Nam', 'PM9  5RL', 'shipping', 'default');
INSERT INTO addresses (address_id, user_id, street, region, city, country, postal_code, address_type, status) VALUES (333, 223, '871 Phan Parkway', 'Chile', 'Phu Quoc', 'Viet Nam', '8M8 6OS', 'shipping', 'default');
INSERT INTO addresses (address_id, user_id, street, region, city, country, postal_code, address_type, status) VALUES (334, 223, '806 Van Turnpike', 'Gibraltar', 'Son La', 'Viet Nam', '1L 6SY', 'shipping', 'active');
INSERT INTO addresses (address_id, user_id, street, region, city, country, postal_code, address_type, status) VALUES (335, 224, '651 Lam Park', 'Tonga', 'Lang Son', 'Viet Nam', 'TR7  9OB', 'shipping', 'default');
INSERT INTO addresses (address_id, user_id, street, region, city, country, postal_code, address_type, status) VALUES (336, 224, '13792 Dinh Forest', 'Central African Republic', 'Quang Ninh', 'Viet Nam', 'F07 8GA', 'shipping', 'active');
INSERT INTO addresses (address_id, user_id, street, region, city, country, postal_code, address_type, status) VALUES (337, 225, '1652 Tang Plaza', 'Martinique', 'Nha Trang', 'Viet Nam', 'EBP 4FB', 'shipping', 'default');
INSERT INTO addresses (address_id, user_id, street, region, city, country, postal_code, address_type, status) VALUES (338, 226, '93102 Nguyen Squares', 'Tajikistan', 'Quang Nam', 'Viet Nam', 'TS93  8RE', 'shipping', 'default');
INSERT INTO addresses (address_id, user_id, street, region, city, country, postal_code, address_type, status) VALUES (339, 227, '65948 Trinh Overpass', 'Andorra', 'Bac Ninh', 'Viet Nam', 'RA5B  6SB', 'shipping', 'default');
INSERT INTO addresses (address_id, user_id, street, region, city, country, postal_code, address_type, status) VALUES (340, 228, '3782 Trinh Gardens', 'Barbados', 'Ha Giang', 'Viet Nam', 'MVP  1FW', 'shipping', 'default');
INSERT INTO addresses (address_id, user_id, street, region, city, country, postal_code, address_type, status) VALUES (341, 228, '4628 Thuy Estates', 'Djibouti', 'Thanh Hoa', 'Viet Nam', 'AGX 0QW', 'shipping', 'active');
INSERT INTO addresses (address_id, user_id, street, region, city, country, postal_code, address_type, status) VALUES (342, 229, '07307 Ly Turnpike', 'Cayman Islands', 'Ha Noi', 'Viet Nam', '2E1V  7XU', 'shipping', 'default');
INSERT INTO addresses (address_id, user_id, street, region, city, country, postal_code, address_type, status) VALUES (343, 229, '13465 Le Alley', 'Benin', 'Nha Trang', 'Viet Nam', 'AM  7RQ', 'shipping', 'active');
INSERT INTO addresses (address_id, user_id, street, region, city, country, postal_code, address_type, status) VALUES (344, 230, '87731 Dinh Inlet', 'Vietnam', 'Hai Phong', 'Viet Nam', 'I5  0PP', 'shipping', 'default');
INSERT INTO addresses (address_id, user_id, street, region, city, country, postal_code, address_type, status) VALUES (345, 230, '3960 Dinh Trace', 'Botswana', 'Bac Ninh', 'Viet Nam', 'S54 0LO', 'shipping', 'active');
INSERT INTO addresses (address_id, user_id, street, region, city, country, postal_code, address_type, status) VALUES (346, 231, '522 Thuy Highway', 'Samoa', 'Hue', 'Viet Nam', 'E6A  3XA', 'shipping', 'default');
INSERT INTO addresses (address_id, user_id, street, region, city, country, postal_code, address_type, status) VALUES (347, 232, '3862 Lam Parkway', 'Cote d''Ivoire', 'Da Nang', 'Viet Nam', 'N2 5BL', 'shipping', 'default');
INSERT INTO addresses (address_id, user_id, street, region, city, country, postal_code, address_type, status) VALUES (348, 232, '7645 Lam Villages', 'Faroe Islands', 'Hai Phong', 'Viet Nam', 'G681  5PE', 'shipping', 'active');
INSERT INTO addresses (address_id, user_id, street, region, city, country, postal_code, address_type, status) VALUES (349, 233, '597 Phung Inlet', 'Ukraine', 'Nha Trang', 'Viet Nam', 'DF6  4DS', 'shipping', 'default');
INSERT INTO addresses (address_id, user_id, street, region, city, country, postal_code, address_type, status) VALUES (350, 233, '1062 Tien Ville', 'Guyana', 'An Giang', 'Viet Nam', '76AA  3PA', 'shipping', 'active');
INSERT INTO addresses (address_id, user_id, street, region, city, country, postal_code, address_type, status) VALUES (351, 234, '571 Cuong Cape', 'Egypt', 'Binh Thuan', 'Viet Nam', 'HA2 0HA', 'shipping', 'default');
INSERT INTO addresses (address_id, user_id, street, region, city, country, postal_code, address_type, status) VALUES (352, 234, '53889 Hien Neck', 'Andorra', 'Vung Tau', 'Viet Nam', 'PP6V  0PB', 'shipping', 'active');
INSERT INTO addresses (address_id, user_id, street, region, city, country, postal_code, address_type, status) VALUES (353, 235, '25609 Hoang Forks', 'Timor-Leste', 'Ha Tinh', 'Viet Nam', '0HM  7WX', 'shipping', 'default');
INSERT INTO addresses (address_id, user_id, street, region, city, country, postal_code, address_type, status) VALUES (354, 236, '7808 Vuong Ramp', 'Saint Helena', 'Lang Son', 'Viet Nam', 'KV 9DN', 'shipping', 'default');
INSERT INTO addresses (address_id, user_id, street, region, city, country, postal_code, address_type, status) VALUES (355, 237, '75720 Sa Glen', 'Mongolia', 'Ho Chi Minh', 'Viet Nam', 'P59 6EL', 'shipping', 'default');
INSERT INTO addresses (address_id, user_id, street, region, city, country, postal_code, address_type, status) VALUES (356, 238, '165 Pham Key', 'Suriname', 'Son La', 'Viet Nam', '89  5BJ', 'shipping', 'default');
INSERT INTO addresses (address_id, user_id, street, region, city, country, postal_code, address_type, status) VALUES (357, 238, '176 Dang Roads', 'Wallis and Futuna', 'Ha Noi', 'Viet Nam', 'F1V  1DX', 'shipping', 'active');
INSERT INTO addresses (address_id, user_id, street, region, city, country, postal_code, address_type, status) VALUES (358, 239, '1269 Ngo Fields', 'Gabon', 'Lang Son', 'Viet Nam', 'ZTM  8AO', 'shipping', 'default');
INSERT INTO addresses (address_id, user_id, street, region, city, country, postal_code, address_type, status) VALUES (359, 240, '6808 Phung Burgs', 'Congo', 'Ha Tinh', 'Viet Nam', '1O6 7BT', 'shipping', 'default');
INSERT INTO addresses (address_id, user_id, street, region, city, country, postal_code, address_type, status) VALUES (360, 241, '953 Trinh Fields', 'Chad', 'Quang Binh', 'Viet Nam', 'UV9W  9SA', 'shipping', 'default');
INSERT INTO addresses (address_id, user_id, street, region, city, country, postal_code, address_type, status) VALUES (361, 241, '91759 Hai Divide', 'Kenya', 'Binh Duong', 'Viet Nam', '7M3  7RH', 'shipping', 'active');
INSERT INTO addresses (address_id, user_id, street, region, city, country, postal_code, address_type, status) VALUES (362, 242, '551 Ly Locks', 'Guernsey', 'Ha Giang', 'Viet Nam', '4YH 3NL', 'shipping', 'default');
INSERT INTO addresses (address_id, user_id, street, region, city, country, postal_code, address_type, status) VALUES (363, 242, '739 Trung Shoals', 'Myanmar', 'Quang Ninh', 'Viet Nam', 'RXE 1JJ', 'shipping', 'active');
INSERT INTO addresses (address_id, user_id, street, region, city, country, postal_code, address_type, status) VALUES (364, 243, '42883 Pham Meadows', 'Norfolk Island', 'Dak Lak', 'Viet Nam', 'YF  1GW', 'shipping', 'default');
INSERT INTO addresses (address_id, user_id, street, region, city, country, postal_code, address_type, status) VALUES (365, 244, '104 Phong Road', 'Canada', 'Ca Mau', 'Viet Nam', 'Y04 6HN', 'shipping', 'default');
INSERT INTO addresses (address_id, user_id, street, region, city, country, postal_code, address_type, status) VALUES (366, 244, '4734 Vuong Motorway', 'Gibraltar', 'Bac Ninh', 'Viet Nam', 'DBN9 2YH', 'shipping', 'active');
INSERT INTO addresses (address_id, user_id, street, region, city, country, postal_code, address_type, status) VALUES (367, 245, '469 To Island', 'Germany', 'An Giang', 'Viet Nam', 'PL8 8TE', 'shipping', 'default');
INSERT INTO addresses (address_id, user_id, street, region, city, country, postal_code, address_type, status) VALUES (368, 245, '712 Sa Spring', 'Guernsey', 'Ca Mau', 'Viet Nam', 'TPH  7WS', 'shipping', 'active');
INSERT INTO addresses (address_id, user_id, street, region, city, country, postal_code, address_type, status) VALUES (369, 246, '603 Truong Greens', 'Samoa', 'Da Nang', 'Viet Nam', 'OQ 8XW', 'shipping', 'default');
INSERT INTO addresses (address_id, user_id, street, region, city, country, postal_code, address_type, status) VALUES (370, 247, '737 Ly Plains', 'Uganda', 'Lang Son', 'Viet Nam', 'PYV 8NP', 'shipping', 'default');
INSERT INTO addresses (address_id, user_id, street, region, city, country, postal_code, address_type, status) VALUES (371, 247, '7482 Pham Freeway', 'Swaziland', 'An Giang', 'Viet Nam', '5TM  2QL', 'shipping', 'active');
INSERT INTO addresses (address_id, user_id, street, region, city, country, postal_code, address_type, status) VALUES (372, 248, '932 Hoang Springs', 'Saint Helena', 'Ha Noi', 'Viet Nam', 'K0H  2FP', 'shipping', 'default');
INSERT INTO addresses (address_id, user_id, street, region, city, country, postal_code, address_type, status) VALUES (373, 248, '80032 Dang Knolls', 'Belarus', 'Vung Tau', 'Viet Nam', 'JLB 3AD', 'shipping', 'active');
INSERT INTO addresses (address_id, user_id, street, region, city, country, postal_code, address_type, status) VALUES (374, 249, '8677 Kim Crescent', 'Pitcairn Islands', 'Ho Chi Minh', 'Viet Nam', 'NN5B 8BL', 'shipping', 'default');
INSERT INTO addresses (address_id, user_id, street, region, city, country, postal_code, address_type, status) VALUES (375, 249, '1104 Hoang Camp', 'Cook Islands', 'Thanh Hoa', 'Viet Nam', 'CD0  6JX', 'shipping', 'active');
INSERT INTO addresses (address_id, user_id, street, region, city, country, postal_code, address_type, status) VALUES (376, 250, '08099 Vuong Street', 'Slovenia', 'Ca Mau', 'Viet Nam', 'ZX  6TS', 'shipping', 'default');
INSERT INTO addresses (address_id, user_id, street, region, city, country, postal_code, address_type, status) VALUES (377, 251, '16789 Do Crest', 'Mozambique', 'An Giang', 'Viet Nam', '1PM  3HR', 'shipping', 'default');
INSERT INTO addresses (address_id, user_id, street, region, city, country, postal_code, address_type, status) VALUES (378, 252, '40217 Khang Stravenue', 'Bhutan', 'Binh Thuan', 'Viet Nam', '2B81 0GJ', 'shipping', 'default');
INSERT INTO addresses (address_id, user_id, street, region, city, country, postal_code, address_type, status) VALUES (379, 252, '817 Khoa Port', 'New Zealand', 'Ninh Binh', 'Viet Nam', '3GEW  7LA', 'shipping', 'active');
INSERT INTO addresses (address_id, user_id, street, region, city, country, postal_code, address_type, status) VALUES (380, 253, '355 Dao Falls', 'Italy', 'Nha Trang', 'Viet Nam', '9G  7GS', 'shipping', 'default');
INSERT INTO addresses (address_id, user_id, street, region, city, country, postal_code, address_type, status) VALUES (381, 253, '157 Dang Causeway', 'Heard Island and McDonald Islands', 'Ha Giang', 'Viet Nam', 'TO88  8GH', 'shipping', 'active');
INSERT INTO addresses (address_id, user_id, street, region, city, country, postal_code, address_type, status) VALUES (382, 254, '603 Truong Way', 'Mexico', 'Ha Giang', 'Viet Nam', 'RYR 3FE', 'shipping', 'default');
INSERT INTO addresses (address_id, user_id, street, region, city, country, postal_code, address_type, status) VALUES (383, 255, '8989 Dinh Corner', 'Bouvet Island (Bouvetoya)', 'Bac Ninh', 'Viet Nam', 'NOMH  9HY', 'shipping', 'default');
INSERT INTO addresses (address_id, user_id, street, region, city, country, postal_code, address_type, status) VALUES (384, 256, '2825 Doan Ridge', 'Nigeria', 'Quang Binh', 'Viet Nam', 'SWY5 5LX', 'shipping', 'default');
INSERT INTO addresses (address_id, user_id, street, region, city, country, postal_code, address_type, status) VALUES (385, 256, '3384 Bui Garden', 'Cote d''Ivoire', 'Nha Trang', 'Viet Nam', 'JR 2RP', 'shipping', 'active');
INSERT INTO addresses (address_id, user_id, street, region, city, country, postal_code, address_type, status) VALUES (386, 257, '794 Truong Loaf', 'Peru', 'Quang Ninh', 'Viet Nam', 'FT8  7LR', 'shipping', 'default');
INSERT INTO addresses (address_id, user_id, street, region, city, country, postal_code, address_type, status) VALUES (387, 258, '2583 Mai Crest', 'Hungary', 'Da Nang', 'Viet Nam', 'BA8  5JZ', 'shipping', 'default');
INSERT INTO addresses (address_id, user_id, street, region, city, country, postal_code, address_type, status) VALUES (388, 258, '9933 Sa Circle', 'Malaysia', 'Quang Ninh', 'Viet Nam', '7Q1P 0RS', 'shipping', 'active');
INSERT INTO addresses (address_id, user_id, street, region, city, country, postal_code, address_type, status) VALUES (389, 259, '63086 Dinh Tunnel', 'Kyrgyz Republic', 'Can Tho', 'Viet Nam', 'F53 1HR', 'shipping', 'default');
INSERT INTO addresses (address_id, user_id, street, region, city, country, postal_code, address_type, status) VALUES (390, 260, '1669 Loan Locks', 'Guam', 'Ho Chi Minh', 'Viet Nam', '9L88  7HZ', 'shipping', 'default');
INSERT INTO addresses (address_id, user_id, street, region, city, country, postal_code, address_type, status) VALUES (391, 260, '75127 Ngo Haven', 'Niue', 'Ha Tinh', 'Viet Nam', 'M7 2LW', 'shipping', 'active');
INSERT INTO addresses (address_id, user_id, street, region, city, country, postal_code, address_type, status) VALUES (392, 261, '935 Le Forks', 'Papua New Guinea', 'Ha Noi', 'Viet Nam', 'TN 4ZT', 'shipping', 'default');
INSERT INTO addresses (address_id, user_id, street, region, city, country, postal_code, address_type, status) VALUES (393, 262, '02941 Vuong Loop', 'Tunisia', 'Lang Son', 'Viet Nam', 'SB0P  1BQ', 'shipping', 'default');
INSERT INTO addresses (address_id, user_id, street, region, city, country, postal_code, address_type, status) VALUES (394, 263, '995 Hien Stravenue', 'Netherlands', 'Ha Giang', 'Viet Nam', 'A12  4SG', 'shipping', 'default');
INSERT INTO addresses (address_id, user_id, street, region, city, country, postal_code, address_type, status) VALUES (395, 264, '3461 Nam Mills', 'Micronesia', 'Ha Giang', 'Viet Nam', 'BKX  3BD', 'shipping', 'default');
INSERT INTO addresses (address_id, user_id, street, region, city, country, postal_code, address_type, status) VALUES (396, 265, '1975 Do Knolls', 'Haiti', 'Hai Phong', 'Viet Nam', 'JYMA 0FA', 'shipping', 'default');
INSERT INTO addresses (address_id, user_id, street, region, city, country, postal_code, address_type, status) VALUES (397, 265, '86717 Phung Turnpike', 'Australia', 'Dak Lak', 'Viet Nam', 'N8EB  4EY', 'shipping', 'active');
INSERT INTO addresses (address_id, user_id, street, region, city, country, postal_code, address_type, status) VALUES (398, 266, '000 Hoang Port', 'Guernsey', 'Ha Noi', 'Viet Nam', '3M  0SD', 'shipping', 'default');
INSERT INTO addresses (address_id, user_id, street, region, city, country, postal_code, address_type, status) VALUES (399, 266, '7976 Phung Skyway', 'Bahrain', 'Ho Chi Minh', 'Viet Nam', '1Y5  9SY', 'shipping', 'active');
INSERT INTO addresses (address_id, user_id, street, region, city, country, postal_code, address_type, status) VALUES (400, 267, '0313 Ly Harbor', 'Turkmenistan', 'Quang Nam', 'Viet Nam', 'KEV4 4TA', 'shipping', 'default');
INSERT INTO addresses (address_id, user_id, street, region, city, country, postal_code, address_type, status) VALUES (401, 268, '59852 Ly Circles', 'Tanzania', 'Lang Son', 'Viet Nam', '1H 1NT', 'shipping', 'default');
INSERT INTO addresses (address_id, user_id, street, region, city, country, postal_code, address_type, status) VALUES (402, 268, '08363 Pham Trace', 'Mongolia', 'Lang Son', 'Viet Nam', 'GYV 7LX', 'shipping', 'active');
INSERT INTO addresses (address_id, user_id, street, region, city, country, postal_code, address_type, status) VALUES (403, 269, '094 Thi Crossroad', 'El Salvador', 'Ha Tinh', 'Viet Nam', 'Y8V2 2PQ', 'shipping', 'default');
INSERT INTO addresses (address_id, user_id, street, region, city, country, postal_code, address_type, status) VALUES (404, 270, '711 Phan Spring', 'United States Minor Outlying Islands', 'Ha Giang', 'Viet Nam', 'NL 6JQ', 'shipping', 'default');
INSERT INTO addresses (address_id, user_id, street, region, city, country, postal_code, address_type, status) VALUES (405, 270, '926 Son Street', 'Afghanistan', 'Ho Chi Minh', 'Viet Nam', 'IO  4ZU', 'shipping', 'active');
INSERT INTO addresses (address_id, user_id, street, region, city, country, postal_code, address_type, status) VALUES (406, 271, '13036 Van Trace', 'Kyrgyz Republic', 'Binh Duong', 'Viet Nam', 'GFY 2LT', 'shipping', 'default');
INSERT INTO addresses (address_id, user_id, street, region, city, country, postal_code, address_type, status) VALUES (407, 272, '003 Le View', 'Russian Federation', 'Hue', 'Viet Nam', 'TP 5JD', 'shipping', 'default');
INSERT INTO addresses (address_id, user_id, street, region, city, country, postal_code, address_type, status) VALUES (408, 273, '455 Dang Island', 'Syrian Arab Republic', 'Thanh Hoa', 'Viet Nam', '862 0UB', 'shipping', 'default');
INSERT INTO addresses (address_id, user_id, street, region, city, country, postal_code, address_type, status) VALUES (409, 274, '403 Thu Valley', 'Egypt', 'Quang Ninh', 'Viet Nam', '8C  0GB', 'shipping', 'default');
INSERT INTO addresses (address_id, user_id, street, region, city, country, postal_code, address_type, status) VALUES (410, 274, '61230 Tu Well', 'Bolivia', 'Da Nang', 'Viet Nam', '6U8A  2RA', 'shipping', 'active');
INSERT INTO addresses (address_id, user_id, street, region, city, country, postal_code, address_type, status) VALUES (411, 275, '723 Thanh Parks', 'Northern Mariana Islands', 'Can Tho', 'Viet Nam', 'EU1R 6AY', 'shipping', 'default');
INSERT INTO addresses (address_id, user_id, street, region, city, country, postal_code, address_type, status) VALUES (412, 276, '7233 Duc Court', 'Benin', 'Ha Tinh', 'Viet Nam', '1Y 6TB', 'shipping', 'default');
INSERT INTO addresses (address_id, user_id, street, region, city, country, postal_code, address_type, status) VALUES (413, 276, '448 Vinh Camp', 'Jersey', 'Ha Tinh', 'Viet Nam', 'RUM  5PH', 'shipping', 'active');
INSERT INTO addresses (address_id, user_id, street, region, city, country, postal_code, address_type, status) VALUES (414, 277, '7944 Vu Creek', 'Brunei Darussalam', 'Ho Chi Minh', 'Viet Nam', '8K  0FT', 'shipping', 'default');
INSERT INTO addresses (address_id, user_id, street, region, city, country, postal_code, address_type, status) VALUES (415, 277, '5148 Doan Rest', 'Malta', 'Ho Chi Minh', 'Viet Nam', 'U5MY 6HR', 'shipping', 'active');
INSERT INTO addresses (address_id, user_id, street, region, city, country, postal_code, address_type, status) VALUES (416, 278, '578 Vuong Island', 'Suriname', 'Quang Nam', 'Viet Nam', 'C62  5EP', 'shipping', 'default');
INSERT INTO addresses (address_id, user_id, street, region, city, country, postal_code, address_type, status) VALUES (417, 278, '32066 Lam Forks', 'Falkland Islands (Malvinas)', 'An Giang', 'Viet Nam', '52X  0YT', 'shipping', 'active');
INSERT INTO addresses (address_id, user_id, street, region, city, country, postal_code, address_type, status) VALUES (418, 279, '470 Nhan Harbor', 'France', 'Ha Tinh', 'Viet Nam', 'HP8H  5OX', 'shipping', 'default');
INSERT INTO addresses (address_id, user_id, street, region, city, country, postal_code, address_type, status) VALUES (419, 280, '9795 Phong Course', 'Libyan Arab Jamahiriya', 'Ho Chi Minh', 'Viet Nam', 'SO 5WZ', 'shipping', 'default');
INSERT INTO addresses (address_id, user_id, street, region, city, country, postal_code, address_type, status) VALUES (420, 281, '690 Vu Extensions', 'Gibraltar', 'Phu Quoc', 'Viet Nam', 'CDP 3NH', 'shipping', 'default');
INSERT INTO addresses (address_id, user_id, street, region, city, country, postal_code, address_type, status) VALUES (421, 281, '1637 Nhung River', 'Mauritius', 'Vung Tau', 'Viet Nam', 'U00 6DH', 'shipping', 'active');
INSERT INTO addresses (address_id, user_id, street, region, city, country, postal_code, address_type, status) VALUES (422, 282, '872 Lam Court', 'Guernsey', 'Ha Noi', 'Viet Nam', '26P 8FA', 'shipping', 'default');
INSERT INTO addresses (address_id, user_id, street, region, city, country, postal_code, address_type, status) VALUES (423, 282, '50269 Tang Isle', 'Eritrea', 'Hai Phong', 'Viet Nam', 'AYV4  6OB', 'shipping', 'active');
INSERT INTO addresses (address_id, user_id, street, region, city, country, postal_code, address_type, status) VALUES (424, 283, '5640 Trinh Crest', 'Sudan', 'Can Tho', 'Viet Nam', 'WEH 4XR', 'shipping', 'default');
INSERT INTO addresses (address_id, user_id, street, region, city, country, postal_code, address_type, status) VALUES (425, 284, '73547 Do Branch', 'Papua New Guinea', 'Phu Quoc', 'Viet Nam', '810  8TY', 'shipping', 'default');
INSERT INTO addresses (address_id, user_id, street, region, city, country, postal_code, address_type, status) VALUES (426, 285, '505 Van Station', 'Panama', 'Binh Duong', 'Viet Nam', 'JK5 5US', 'shipping', 'default');
INSERT INTO addresses (address_id, user_id, street, region, city, country, postal_code, address_type, status) VALUES (427, 286, '466 Tran Parkways', 'Sri Lanka', 'Son La', 'Viet Nam', 'ZG  3LJ', 'shipping', 'default');
INSERT INTO addresses (address_id, user_id, street, region, city, country, postal_code, address_type, status) VALUES (428, 286, '4430 Dinh Glens', 'Panama', 'Ha Giang', 'Viet Nam', '9H6  3SP', 'shipping', 'active');
INSERT INTO addresses (address_id, user_id, street, region, city, country, postal_code, address_type, status) VALUES (429, 287, '7406 Trinh Groves', 'Czech Republic', 'Ha Noi', 'Viet Nam', 'D7W 3OJ', 'shipping', 'default');
INSERT INTO addresses (address_id, user_id, street, region, city, country, postal_code, address_type, status) VALUES (430, 287, '96043 Thi Spur', 'Monaco', 'Son La', 'Viet Nam', 'ZX6X  8XG', 'shipping', 'active');
INSERT INTO addresses (address_id, user_id, street, region, city, country, postal_code, address_type, status) VALUES (431, 288, '462 Lam Walks', 'Puerto Rico', 'Quang Ninh', 'Viet Nam', 'O2X  2EF', 'shipping', 'default');
INSERT INTO addresses (address_id, user_id, street, region, city, country, postal_code, address_type, status) VALUES (432, 288, '8754 Ha Fords', 'Malaysia', 'An Giang', 'Viet Nam', 'PEN7  9FT', 'shipping', 'active');
INSERT INTO addresses (address_id, user_id, street, region, city, country, postal_code, address_type, status) VALUES (433, 289, '18764 Tran Villages', 'British Indian Ocean Territory (Chagos Archipelago)', 'Yen Bai', 'Viet Nam', 'HR1  1AT', 'shipping', 'default');
INSERT INTO addresses (address_id, user_id, street, region, city, country, postal_code, address_type, status) VALUES (434, 289, '64650 Dao Club', 'Chile', 'Ha Tinh', 'Viet Nam', 'UCM  8RZ', 'shipping', 'active');
INSERT INTO addresses (address_id, user_id, street, region, city, country, postal_code, address_type, status) VALUES (435, 290, '7273 Lam Street', 'Peru', 'Ca Mau', 'Viet Nam', 'G1N  0WX', 'shipping', 'default');
INSERT INTO addresses (address_id, user_id, street, region, city, country, postal_code, address_type, status) VALUES (436, 290, '58789 Lam Corners', 'Saint Martin', 'Son La', 'Viet Nam', 'LBP 5AU', 'shipping', 'active');
INSERT INTO addresses (address_id, user_id, street, region, city, country, postal_code, address_type, status) VALUES (437, 291, '9275 Bui Lock', 'Latvia', 'Ha Giang', 'Viet Nam', 'ZDH6 4NB', 'shipping', 'default');
INSERT INTO addresses (address_id, user_id, street, region, city, country, postal_code, address_type, status) VALUES (438, 292, '83206 Trinh Freeway', 'Brunei Darussalam', 'Dak Lak', 'Viet Nam', 'WF 6FQ', 'shipping', 'default');
INSERT INTO addresses (address_id, user_id, street, region, city, country, postal_code, address_type, status) VALUES (439, 293, '9273 Bui Falls', 'Micronesia', 'Binh Duong', 'Viet Nam', 'T3W 8EG', 'shipping', 'default');
INSERT INTO addresses (address_id, user_id, street, region, city, country, postal_code, address_type, status) VALUES (440, 293, '93628 Hien Terrace', 'Azerbaijan', 'Can Tho', 'Viet Nam', 'NCR4  3JN', 'shipping', 'active');
INSERT INTO addresses (address_id, user_id, street, region, city, country, postal_code, address_type, status) VALUES (441, 294, '2995 Do Extensions', 'Eritrea', 'Hue', 'Viet Nam', 'DYY8  5QL', 'shipping', 'default');
INSERT INTO addresses (address_id, user_id, street, region, city, country, postal_code, address_type, status) VALUES (442, 294, '9029 Hoang Groves', 'Vanuatu', 'Quang Binh', 'Viet Nam', 'UE  8RB', 'shipping', 'active');
INSERT INTO addresses (address_id, user_id, street, region, city, country, postal_code, address_type, status) VALUES (443, 295, '621 Le Green', 'Madagascar', 'Quang Binh', 'Viet Nam', '429  6TQ', 'shipping', 'default');
INSERT INTO addresses (address_id, user_id, street, region, city, country, postal_code, address_type, status) VALUES (444, 296, '197 Tang Square', 'Central African Republic', 'Binh Duong', 'Viet Nam', 'GCV 3ZS', 'shipping', 'default');
INSERT INTO addresses (address_id, user_id, street, region, city, country, postal_code, address_type, status) VALUES (445, 297, '610 Do Meadow', 'Dominican Republic', 'Nha Trang', 'Viet Nam', 'AC80  4JL', 'shipping', 'default');
INSERT INTO addresses (address_id, user_id, street, region, city, country, postal_code, address_type, status) VALUES (446, 297, '0768 Ly Street', 'Solomon Islands', 'Binh Duong', 'Viet Nam', 'OBV 2ZB', 'shipping', 'active');
INSERT INTO addresses (address_id, user_id, street, region, city, country, postal_code, address_type, status) VALUES (447, 298, '4511 Truong Fords', 'Belize', 'Nha Trang', 'Viet Nam', '2M64  0LN', 'shipping', 'default');
INSERT INTO addresses (address_id, user_id, street, region, city, country, postal_code, address_type, status) VALUES (448, 299, '2781 Vuong Mountains', 'Ukraine', 'Phu Quoc', 'Viet Nam', 'OQY 1QE', 'shipping', 'default');
INSERT INTO addresses (address_id, user_id, street, region, city, country, postal_code, address_type, status) VALUES (449, 300, '55584 Kim Isle', 'Paraguay', 'An Giang', 'Viet Nam', '0O9Y 9ON', 'shipping', 'default');

-- 5. INSERT DATA FOR STORES
INSERT INTO stores (store_id, user_id, store_address, store_name, description, hotline, status) VALUES (1, 70, '138 Doan Union, Dong Nai', 'Cty Nhu Official Store 1', 'Cua hang phan phoi chinh hang thuoc he thong thuong mai', '0633089588', 'active');
INSERT INTO stores (store_id, user_id, store_address, store_name, description, hotline, status) VALUES (2, 19, '3897 Phan Manors, Vinh Phuc', 'Cty Vuong Official Store 2', 'Cua hang phan phoi chinh hang thuoc he thong thuong mai', '0112709914', 'active');
INSERT INTO stores (store_id, user_id, store_address, store_name, description, hotline, status) VALUES (3, 134, '5753 Dao Plaza, Hai Duong', 'Chi nhanh Phan Official Store 3', 'Cua hang phan phoi chinh hang thuoc he thong thuong mai', '0521831070', 'active');
INSERT INTO stores (store_id, user_id, store_address, store_name, description, hotline, status) VALUES (4, 116, '8012 Vu View, Son La', 'Trung tam Doan Official Store 4', 'Cua hang phan phoi chinh hang thuoc he thong thuong mai', '0498417727', 'active');
INSERT INTO stores (store_id, user_id, store_address, store_name, description, hotline, status) VALUES (5, 276, '4989 Lam Rapids, Ninh Binh', 'Cty TNHH Hien Official Store 5', 'Cua hang phan phoi chinh hang thuoc he thong thuong mai', '0252808029', 'active');
INSERT INTO stores (store_id, user_id, store_address, store_name, description, hotline, status) VALUES (6, 296, '370 Do Pine, Khanh Hoa', 'Trung tam Dung Official Store 6', 'Cua hang phan phoi chinh hang thuoc he thong thuong mai', '0034376054', 'active');
INSERT INTO stores (store_id, user_id, store_address, store_name, description, hotline, status) VALUES (7, 289, '451 Ngo Spring, Ninh Thuan', 'Cty TNHH Nguyen Official Store 7', 'Cua hang phan phoi chinh hang thuoc he thong thuong mai', '0836186724', 'active');
INSERT INTO stores (store_id, user_id, store_address, store_name, description, hotline, status) VALUES (8, 228, '578 Tang Alley, Lai Chau', 'Cua hang Tham Official Store 8', 'Cua hang phan phoi chinh hang thuoc he thong thuong mai', '0787759038', 'active');
INSERT INTO stores (store_id, user_id, store_address, store_name, description, hotline, status) VALUES (9, 288, '40518 Dinh Canyon, Cao Bang', 'Trung tam Loan Official Store 9', 'Cua hang phan phoi chinh hang thuoc he thong thuong mai', '0863556620', 'active');
INSERT INTO stores (store_id, user_id, store_address, store_name, description, hotline, status) VALUES (10, 35, '7248 Van Branch, Quang Ninh', 'Cty Thi Official Store 10', 'Cua hang phan phoi chinh hang thuoc he thong thuong mai', '0161788188', 'active');
INSERT INTO stores (store_id, user_id, store_address, store_name, description, hotline, status) VALUES (11, 54, '02286 Trinh Pines, Khanh Hoa', 'Cty Thao Official Store 11', 'Cua hang phan phoi chinh hang thuoc he thong thuong mai', '0461934760', 'active');
INSERT INTO stores (store_id, user_id, store_address, store_name, description, hotline, status) VALUES (12, 191, '9197 Hoang Isle, Ha Tinh', 'Cua hang Tang Official Store 12', 'Cua hang phan phoi chinh hang thuoc he thong thuong mai', '0038419869', 'active');
INSERT INTO stores (store_id, user_id, store_address, store_name, description, hotline, status) VALUES (13, 197, '39443 Vinh Stravenue, Dong Nai', 'Cty TNHH Tang Official Store 13', 'Cua hang phan phoi chinh hang thuoc he thong thuong mai', '0373817189', 'active');
INSERT INTO stores (store_id, user_id, store_address, store_name, description, hotline, status) VALUES (14, 98, '1763 Ho Mountains, Lam Dong', 'Trung tam Bui Official Store 14', 'Cua hang phan phoi chinh hang thuoc he thong thuong mai', '0879973500', 'active');
INSERT INTO stores (store_id, user_id, store_address, store_name, description, hotline, status) VALUES (15, 115, '66432 Sinh Well, Bac Lieu', 'Cty Trieu Official Store 15', 'Cua hang phan phoi chinh hang thuoc he thong thuong mai', '0832740865', 'active');
INSERT INTO stores (store_id, user_id, store_address, store_name, description, hotline, status) VALUES (16, 30, '0189 Vu Lodge, Dong Thap', 'Cty Thu Official Store 16', 'Cua hang phan phoi chinh hang thuoc he thong thuong mai', '0142959020', 'active');
INSERT INTO stores (store_id, user_id, store_address, store_name, description, hotline, status) VALUES (17, 216, '7688 Vuong Cove, Hau Giang', 'Chi nhanh Phu Official Store 17', 'Cua hang phan phoi chinh hang thuoc he thong thuong mai', '0005305207', 'active');
INSERT INTO stores (store_id, user_id, store_address, store_name, description, hotline, status) VALUES (18, 263, '56115 Do Square, Yen Bai', 'Trung tam Duong Official Store 18', 'Cua hang phan phoi chinh hang thuoc he thong thuong mai', '0547431124', 'active');
INSERT INTO stores (store_id, user_id, store_address, store_name, description, hotline, status) VALUES (19, 20, '9389 Mai Mountain, Hung Yen', 'Trung tam Ngo Official Store 19', 'Cua hang phan phoi chinh hang thuoc he thong thuong mai', '0337679129', 'active');
INSERT INTO stores (store_id, user_id, store_address, store_name, description, hotline, status) VALUES (20, 141, '29310 Ho Run, Tra Vinh', 'Cua hang Tien Official Store 20', 'Cua hang phan phoi chinh hang thuoc he thong thuong mai', '0921907720', 'active');
INSERT INTO stores (store_id, user_id, store_address, store_name, description, hotline, status) VALUES (21, 209, '96858 Phung Divide, Quang Binh', 'Cua hang Do Official Store 21', 'Cua hang phan phoi chinh hang thuoc he thong thuong mai', '0639726566', 'active');
INSERT INTO stores (store_id, user_id, store_address, store_name, description, hotline, status) VALUES (22, 137, '3894 Ha Divide, Quang Ngai', 'Trung tam Nhu Official Store 22', 'Cua hang phan phoi chinh hang thuoc he thong thuong mai', '0458471914', 'active');
INSERT INTO stores (store_id, user_id, store_address, store_name, description, hotline, status) VALUES (23, 281, '51577 Duong Overpass, TP Da Nang', 'Cty Doan Official Store 23', 'Cua hang phan phoi chinh hang thuoc he thong thuong mai', '0885092562', 'active');
INSERT INTO stores (store_id, user_id, store_address, store_name, description, hotline, status) VALUES (24, 63, '989 Dang Grove, TP Da Nang', 'Trung tam Nhu Official Store 24', 'Cua hang phan phoi chinh hang thuoc he thong thuong mai', '0527281646', 'active');
INSERT INTO stores (store_id, user_id, store_address, store_name, description, hotline, status) VALUES (25, 39, '044 Hoang Junction, Soc Trang', 'Cty TNHH Bui Official Store 25', 'Cua hang phan phoi chinh hang thuoc he thong thuong mai', '0275615660', 'active');
INSERT INTO stores (store_id, user_id, store_address, store_name, description, hotline, status) VALUES (26, 113, '122 Le Mill, Ha Giang', 'Cty Quoc Official Store 26', 'Cua hang phan phoi chinh hang thuoc he thong thuong mai', '0262612003', 'active');
INSERT INTO stores (store_id, user_id, store_address, store_name, description, hotline, status) VALUES (27, 81, '2588 Ho Lights, Hoa Binh', 'Cua hang Loan Official Store 27', 'Cua hang phan phoi chinh hang thuoc he thong thuong mai', '0176770224', 'active');
INSERT INTO stores (store_id, user_id, store_address, store_name, description, hotline, status) VALUES (28, 300, '52003 Pham Courts, Binh Dinh', 'Cong ty Long Official Store 28', 'Cua hang phan phoi chinh hang thuoc he thong thuong mai', '0268859662', 'active');
INSERT INTO stores (store_id, user_id, store_address, store_name, description, hotline, status) VALUES (29, 206, '767 Dang Drive, Quang Tri', 'Cong ty Mai Official Store 29', 'Cua hang phan phoi chinh hang thuoc he thong thuong mai', '0305104691', 'active');
INSERT INTO stores (store_id, user_id, store_address, store_name, description, hotline, status) VALUES (30, 187, '490 Tam Pike, Gia Lai', 'Chi nhanh Cuong Official Store 30', 'Cua hang phan phoi chinh hang thuoc he thong thuong mai', '0839398464', 'active');
INSERT INTO stores (store_id, user_id, store_address, store_name, description, hotline, status) VALUES (31, 174, '09065 Bui Rue, Tien Giang', 'Trung tam Ho Official Store 31', 'Cua hang phan phoi chinh hang thuoc he thong thuong mai', '0670881957', 'active');
INSERT INTO stores (store_id, user_id, store_address, store_name, description, hotline, status) VALUES (32, 65, '46874 Thi Rapid, Lam Dong', 'Trung tam Khang Official Store 32', 'Cua hang phan phoi chinh hang thuoc he thong thuong mai', '0649618204', 'active');
INSERT INTO stores (store_id, user_id, store_address, store_name, description, hotline, status) VALUES (33, 163, '98284 Nam Meadow, Quang Ninh', 'Cua hang Lam Official Store 33', 'Cua hang phan phoi chinh hang thuoc he thong thuong mai', '0947112240', 'active');
INSERT INTO stores (store_id, user_id, store_address, store_name, description, hotline, status) VALUES (34, 91, '6216 Mai Stravenue, Tien Giang', 'Cong ty Nhu Official Store 34', 'Cua hang phan phoi chinh hang thuoc he thong thuong mai', '0904374683', 'active');
INSERT INTO stores (store_id, user_id, store_address, store_name, description, hotline, status) VALUES (35, 229, '08604 Tang Falls, Thai Binh', 'Cong ty Thang Official Store 35', 'Cua hang phan phoi chinh hang thuoc he thong thuong mai', '0240579415', 'active');
INSERT INTO stores (store_id, user_id, store_address, store_name, description, hotline, status) VALUES (36, 175, '806 Tran Villages, Lang Son', 'Cty Trieu Official Store 36', 'Cua hang phan phoi chinh hang thuoc he thong thuong mai', '0240149595', 'active');
INSERT INTO stores (store_id, user_id, store_address, store_name, description, hotline, status) VALUES (37, 103, '14275 Thuy Viaduct, Quang Tri', 'Chi nhanh Khang Official Store 37', 'Cua hang phan phoi chinh hang thuoc he thong thuong mai', '0705661663', 'active');
INSERT INTO stores (store_id, user_id, store_address, store_name, description, hotline, status) VALUES (38, 125, '93841 Truong Forks, Tuyen Quang', 'Cty Ngo Official Store 38', 'Cua hang phan phoi chinh hang thuoc he thong thuong mai', '0546854241', 'active');
INSERT INTO stores (store_id, user_id, store_address, store_name, description, hotline, status) VALUES (39, 86, '66213 Hien Village, Son La', 'Cty Phan Official Store 39', 'Cua hang phan phoi chinh hang thuoc he thong thuong mai', '0539863835', 'active');
INSERT INTO stores (store_id, user_id, store_address, store_name, description, hotline, status) VALUES (40, 128, '757 Lam Avenue, TP Can Tho', 'Cty Hien Official Store 40', 'Cua hang phan phoi chinh hang thuoc he thong thuong mai', '0215859173', 'active');
INSERT INTO stores (store_id, user_id, store_address, store_name, description, hotline, status) VALUES (41, 24, '06732 Vu Path, Binh Duong', 'Cong ty Doan Official Store 41', 'Cua hang phan phoi chinh hang thuoc he thong thuong mai', '0787072562', 'active');
INSERT INTO stores (store_id, user_id, store_address, store_name, description, hotline, status) VALUES (42, 102, '3139 Dao Groves, Tra Vinh', 'Cty TNHH Khang Official Store 42', 'Cua hang phan phoi chinh hang thuoc he thong thuong mai', '0637881338', 'active');
INSERT INTO stores (store_id, user_id, store_address, store_name, description, hotline, status) VALUES (43, 50, '34178 Le Walks, Khanh Hoa', 'Trung tam Nam Official Store 43', 'Cua hang phan phoi chinh hang thuoc he thong thuong mai', '0792726117', 'active');
INSERT INTO stores (store_id, user_id, store_address, store_name, description, hotline, status) VALUES (44, 205, '142 Vuong Mills, TP Da Nang', 'Cong ty Vuong Official Store 44', 'Cua hang phan phoi chinh hang thuoc he thong thuong mai', '0566357316', 'active');
INSERT INTO stores (store_id, user_id, store_address, store_name, description, hotline, status) VALUES (45, 171, '7950 Dung Throughway, Kien Giang', 'Cong ty Trung Official Store 45', 'Cua hang phan phoi chinh hang thuoc he thong thuong mai', '0491034202', 'active');
INSERT INTO stores (store_id, user_id, store_address, store_name, description, hotline, status) VALUES (46, 188, '8073 Phan Forges, Binh Phuoc', 'Cty Thanh Official Store 46', 'Cua hang phan phoi chinh hang thuoc he thong thuong mai', '0170451834', 'active');
INSERT INTO stores (store_id, user_id, store_address, store_name, description, hotline, status) VALUES (47, 22, '10917 Tang Circle, Dien Bien', 'Cong ty Thuy Official Store 47', 'Cua hang phan phoi chinh hang thuoc he thong thuong mai', '0123895468', 'active');
INSERT INTO stores (store_id, user_id, store_address, store_name, description, hotline, status) VALUES (48, 252, '163 Van Fords, Vinh Long', 'Trung tam Hien Official Store 48', 'Cua hang phan phoi chinh hang thuoc he thong thuong mai', '0761964603', 'active');
INSERT INTO stores (store_id, user_id, store_address, store_name, description, hotline, status) VALUES (49, 244, '330 Duong Trace, Lao Cai', 'Chi nhanh Tang Official Store 49', 'Cua hang phan phoi chinh hang thuoc he thong thuong mai', '0490463034', 'active');
INSERT INTO stores (store_id, user_id, store_address, store_name, description, hotline, status) VALUES (50, 261, '4803 Thuy Trail, Dak Nong', 'Chi nhanh Long Official Store 50', 'Cua hang phan phoi chinh hang thuoc he thong thuong mai', '0087903734', 'active');
INSERT INTO stores (store_id, user_id, store_address, store_name, description, hotline, status) VALUES (51, 5, '11989 Lam Forks, Bac Ninh', 'Cua hang Tran Official Store 51', 'Cua hang phan phoi chinh hang thuoc he thong thuong mai', '0508752469', 'active');
INSERT INTO stores (store_id, user_id, store_address, store_name, description, hotline, status) VALUES (52, 36, '4314 Nguyen Plaza, Khanh Hoa', 'Cty Dang Official Store 52', 'Cua hang phan phoi chinh hang thuoc he thong thuong mai', '0541641891', 'active');
INSERT INTO stores (store_id, user_id, store_address, store_name, description, hotline, status) VALUES (53, 94, '933 Tuan Land, Quang Nam', 'Cty Kim Official Store 53', 'Cua hang phan phoi chinh hang thuoc he thong thuong mai', '0057551581', 'active');
INSERT INTO stores (store_id, user_id, store_address, store_name, description, hotline, status) VALUES (54, 10, '5021 Pham Mount, Nghe An', 'Cua hang Nhu Official Store 54', 'Cua hang phan phoi chinh hang thuoc he thong thuong mai', '0856692974', 'active');
INSERT INTO stores (store_id, user_id, store_address, store_name, description, hotline, status) VALUES (55, 247, '021 Doan Turnpike, Bac Giang', 'Cong ty Long Official Store 55', 'Cua hang phan phoi chinh hang thuoc he thong thuong mai', '0078151339', 'active');
INSERT INTO stores (store_id, user_id, store_address, store_name, description, hotline, status) VALUES (56, 146, '41489 Ngoc Village, Quang Nam', 'Chi nhanh Khang Official Store 56', 'Cua hang phan phoi chinh hang thuoc he thong thuong mai', '0786926501', 'active');
INSERT INTO stores (store_id, user_id, store_address, store_name, description, hotline, status) VALUES (57, 75, '96426 Minh Unions, Quang Ngai', 'Cty Ho Official Store 57', 'Cua hang phan phoi chinh hang thuoc he thong thuong mai', '0888889679', 'active');
INSERT INTO stores (store_id, user_id, store_address, store_name, description, hotline, status) VALUES (58, 238, '7830 Long Squares, Thai Nguyen', 'Trung tam Minh Official Store 58', 'Cua hang phan phoi chinh hang thuoc he thong thuong mai', '0773980234', 'active');
INSERT INTO stores (store_id, user_id, store_address, store_name, description, hotline, status) VALUES (59, 64, '269 Thanh Ferry, Dien Bien', 'Cty Van Official Store 59', 'Cua hang phan phoi chinh hang thuoc he thong thuong mai', '0813817661', 'active');
INSERT INTO stores (store_id, user_id, store_address, store_name, description, hotline, status) VALUES (60, 45, '80592 Cuong Crest, Phu Yen', 'Cty TNHH Tham Official Store 60', 'Cua hang phan phoi chinh hang thuoc he thong thuong mai', '0826036446', 'active');

-- 6. INSERT DATA FOR CARRIERS
INSERT INTO carriers (carrier_id, carrier_name, carrier_phone, carrier_address, carrier_email, status) VALUES (1, 'Giao Hang Tiet Kiem', '0388699682', '7713 Duong Dam, Binh Duong, MT 25M  5AZ', 'ghtk@carrier.vn', 'active');
INSERT INTO carriers (carrier_id, carrier_name, carrier_phone, carrier_address, carrier_email, status) VALUES (2, 'Giao Hang Nhanh', '0067529726', 'Suite 477 129 Ha Village, Quang Binh, VT PT  9GR', 'ghn@carrier.vn', 'active');
INSERT INTO carriers (carrier_id, carrier_name, carrier_phone, carrier_address, carrier_email, status) VALUES (3, 'Viettel Post', '0607152431', '4349 Thi Port, Phu Tho, NM 5B6 6FO', 'viettel@carrier.vn', 'active');
INSERT INTO carriers (carrier_id, carrier_name, carrier_phone, carrier_address, carrier_email, status) VALUES (4, 'VNPost', '0303239894', '450 Phan Corner, Lam Dong, ID 9X1H  4QT', 'vnpost@carrier.vn', 'active');

-- 7. INSERT DATA FOR SHIPPERS
INSERT INTO shippers (shipper_id, shipper_name, shipper_phone, carrier_id, status, vehicle_num) VALUES (1, 'Duong Trung', '0935 985 127', 1, 'active', '29-662683');
INSERT INTO shippers (shipper_id, shipper_name, shipper_phone, carrier_id, status, vehicle_num) VALUES (2, 'Le Son Nhu Kim', '0186 412 3824', 4, 'active', '29-D78951');
INSERT INTO shippers (shipper_id, shipper_name, shipper_phone, carrier_id, status, vehicle_num) VALUES (3, 'Vu Hien Phung', '0186 342 6822', 4, 'active', '29-F62558');
INSERT INTO shippers (shipper_id, shipper_name, shipper_phone, carrier_id, status, vehicle_num) VALUES (4, 'Vu Tham Quoc Buu', '0868 523 296', 3, 'active', '29-479062');
INSERT INTO shippers (shipper_id, shipper_name, shipper_phone, carrier_id, status, vehicle_num) VALUES (5, 'Mai Son Kim Thu', '0868 591 467', 1, 'active', '29-B51024');
INSERT INTO shippers (shipper_id, shipper_name, shipper_phone, carrier_id, status, vehicle_num) VALUES (6, 'Truong Cuong', '0168 879 1813', 1, 'active', '29-B9624');
INSERT INTO shippers (shipper_id, shipper_name, shipper_phone, carrier_id, status, vehicle_num) VALUES (7, 'Duong Dao', '0162 984 4077', 1, 'active', '29-799275');
INSERT INTO shippers (shipper_id, shipper_name, shipper_phone, carrier_id, status, vehicle_num) VALUES (8, 'Phan Thi Nam', '0868 629 033', 2, 'active', '29-C16866');
INSERT INTO shippers (shipper_id, shipper_name, shipper_phone, carrier_id, status, vehicle_num) VALUES (9, 'Do Dung Sa Tu', '0868 611 241', 4, 'active', '29-D37020');
INSERT INTO shippers (shipper_id, shipper_name, shipper_phone, carrier_id, status, vehicle_num) VALUES (10, 'Dinh Thang Hoang', '0869 799 507', 3, 'active', '29-514210');
INSERT INTO shippers (shipper_id, shipper_name, shipper_phone, carrier_id, status, vehicle_num) VALUES (11, 'Ho Tu Nhu Kha', '0168 830 6596', 1, 'active', '29-284559');
INSERT INTO shippers (shipper_id, shipper_name, shipper_phone, carrier_id, status, vehicle_num) VALUES (12, 'Hoang Phan Thanh Loan', '0163 468 5431', 4, 'active', '29-F77497');
INSERT INTO shippers (shipper_id, shipper_name, shipper_phone, carrier_id, status, vehicle_num) VALUES (13, 'Bui Phan', '0188 330 2248', 3, 'active', '29-C16356');
INSERT INTO shippers (shipper_id, shipper_name, shipper_phone, carrier_id, status, vehicle_num) VALUES (14, 'To Nam Hien', '0122 991 7216', 2, 'active', '29-D44128');
INSERT INTO shippers (shipper_id, shipper_name, shipper_phone, carrier_id, status, vehicle_num) VALUES (15, 'Phan Dung Loan Le', '0164 624 3798', 2, 'active', '29-784254');
INSERT INTO shippers (shipper_id, shipper_name, shipper_phone, carrier_id, status, vehicle_num) VALUES (16, 'Dinh Duong Hai Ngoc', '0199 144 4852', 2, 'active', '29-391979');
INSERT INTO shippers (shipper_id, shipper_name, shipper_phone, carrier_id, status, vehicle_num) VALUES (17, 'Ly Nam Vu Duong', '0869 645 753', 3, 'active', '29-339097');
INSERT INTO shippers (shipper_id, shipper_name, shipper_phone, carrier_id, status, vehicle_num) VALUES (18, 'Pham Ly Lam Doan', '0169 829 6640', 1, 'active', '29-B78731');
INSERT INTO shippers (shipper_id, shipper_name, shipper_phone, carrier_id, status, vehicle_num) VALUES (19, 'Tang Tien Thang', '0168 927 1238', 4, 'active', '29-F99675');
INSERT INTO shippers (shipper_id, shipper_name, shipper_phone, carrier_id, status, vehicle_num) VALUES (20, 'Phan Dinh Do Thang', '0186 355 4548', 1, 'active', '29-D76142');
INSERT INTO shippers (shipper_id, shipper_name, shipper_phone, carrier_id, status, vehicle_num) VALUES (21, 'Duong Tam Thuy Thu', '0168 337 5533', 1, 'active', '29-073315');
INSERT INTO shippers (shipper_id, shipper_name, shipper_phone, carrier_id, status, vehicle_num) VALUES (22, 'Dang Tran Van Khoa', '0121 721 2125', 1, 'active', '29-A3073');
INSERT INTO shippers (shipper_id, shipper_name, shipper_phone, carrier_id, status, vehicle_num) VALUES (23, 'Hoang Doan', '0164 383 2117', 3, 'active', '29-76910');
INSERT INTO shippers (shipper_id, shipper_name, shipper_phone, carrier_id, status, vehicle_num) VALUES (24, 'To Mai Vu Tuan', '0167 041 4877', 1, 'active', '29-A26389');
INSERT INTO shippers (shipper_id, shipper_name, shipper_phone, carrier_id, status, vehicle_num) VALUES (25, 'Trinh Phong Duong Thuy', '0885 916 988', 3, 'active', '29-029497');
INSERT INTO shippers (shipper_id, shipper_name, shipper_phone, carrier_id, status, vehicle_num) VALUES (26, 'Trinh Trinh Lam', '0868 597 384', 4, 'active', '29-580159');
INSERT INTO shippers (shipper_id, shipper_name, shipper_phone, carrier_id, status, vehicle_num) VALUES (27, 'Do Buu Tang', '0165 065 3670', 4, 'active', '29-819153');
INSERT INTO shippers (shipper_id, shipper_name, shipper_phone, carrier_id, status, vehicle_num) VALUES (28, 'Ly Phan', '0868 438 409', 2, 'active', '29-74410');
INSERT INTO shippers (shipper_id, shipper_name, shipper_phone, carrier_id, status, vehicle_num) VALUES (29, 'Dinh Bui Nguyen Kim', '0188 842 5124', 2, 'active', '29-E63910');
INSERT INTO shippers (shipper_id, shipper_name, shipper_phone, carrier_id, status, vehicle_num) VALUES (30, 'Trinh Nam Hoang Duc', '0162 947 8583', 3, 'active', '29-188551');
INSERT INTO shippers (shipper_id, shipper_name, shipper_phone, carrier_id, status, vehicle_num) VALUES (31, 'Vu Tuan Ha Trinh', '0880 605 206', 1, 'active', '29-096526');
INSERT INTO shippers (shipper_id, shipper_name, shipper_phone, carrier_id, status, vehicle_num) VALUES (32, 'Ha Thu', '0121 109 1898', 3, 'active', '29-347284');
INSERT INTO shippers (shipper_id, shipper_name, shipper_phone, carrier_id, status, vehicle_num) VALUES (33, 'Vuong Dinh Tham', '0169 389 0385', 2, 'active', '29-565253');
INSERT INTO shippers (shipper_id, shipper_name, shipper_phone, carrier_id, status, vehicle_num) VALUES (34, 'Dang Dang', '0169 387 9406', 4, 'active', '29-781179');
INSERT INTO shippers (shipper_id, shipper_name, shipper_phone, carrier_id, status, vehicle_num) VALUES (35, 'Vuong Ha Doan Nhan', '0188 785 5795', 2, 'active', '29-060226');
INSERT INTO shippers (shipper_id, shipper_name, shipper_phone, carrier_id, status, vehicle_num) VALUES (36, 'Tran Trinh Son', '0167 927 9788', 4, 'active', '29-B81313');
INSERT INTO shippers (shipper_id, shipper_name, shipper_phone, carrier_id, status, vehicle_num) VALUES (37, 'Lam Le Trung', '0168 133 4809', 1, 'active', '29-D454');
INSERT INTO shippers (shipper_id, shipper_name, shipper_phone, carrier_id, status, vehicle_num) VALUES (38, 'Bui Khang', '0164 065 6878', 3, 'active', '29-F11519');
INSERT INTO shippers (shipper_id, shipper_name, shipper_phone, carrier_id, status, vehicle_num) VALUES (39, 'Ho Lam Loan Ho', '0188 405 3440', 2, 'active', '29-A22285');
INSERT INTO shippers (shipper_id, shipper_name, shipper_phone, carrier_id, status, vehicle_num) VALUES (40, 'Doan Van Son Hai', '0167 815 4086', 3, 'active', '29-782205');
INSERT INTO shippers (shipper_id, shipper_name, shipper_phone, carrier_id, status, vehicle_num) VALUES (41, 'Ngo Buu', '0167 281 2212', 3, 'active', '29-255974');
INSERT INTO shippers (shipper_id, shipper_name, shipper_phone, carrier_id, status, vehicle_num) VALUES (42, 'Dinh Tang Tran', '0866 836 229', 4, 'active', '29-785146');
INSERT INTO shippers (shipper_id, shipper_name, shipper_phone, carrier_id, status, vehicle_num) VALUES (43, 'Pham Ho Nguyen', '0186 800 4284', 2, 'active', '29-786687');
INSERT INTO shippers (shipper_id, shipper_name, shipper_phone, carrier_id, status, vehicle_num) VALUES (44, 'Nguyen Minh Huu Nhan', '0868 168 938', 3, 'active', '29-823785');
INSERT INTO shippers (shipper_id, shipper_name, shipper_phone, carrier_id, status, vehicle_num) VALUES (45, 'Ho Sinh', '0123 237 1612', 2, 'active', '29-629178');
INSERT INTO shippers (shipper_id, shipper_name, shipper_phone, carrier_id, status, vehicle_num) VALUES (46, 'Tran Khang Tam Dung', '0164 276 8770', 1, 'active', '29-04885');
INSERT INTO shippers (shipper_id, shipper_name, shipper_phone, carrier_id, status, vehicle_num) VALUES (47, 'To Duong Hoa Trinh', '0866 680 522', 4, 'active', '29-E51676');
INSERT INTO shippers (shipper_id, shipper_name, shipper_phone, carrier_id, status, vehicle_num) VALUES (48, 'Phung Thi Dang Thuy', '0169 685 1866', 4, 'active', '29-F64900');
INSERT INTO shippers (shipper_id, shipper_name, shipper_phone, carrier_id, status, vehicle_num) VALUES (49, 'Dinh Thu', '0163 412 8018', 2, 'active', '29-C86180');
INSERT INTO shippers (shipper_id, shipper_name, shipper_phone, carrier_id, status, vehicle_num) VALUES (50, 'Phan Trinh Trung Tuan', '0167 298 2274', 4, 'active', '29-C85050');

-- 8. INSERT DATA FOR CATEGORIES & BRANDS
INSERT INTO categories (category_id, category_name, category_image) VALUES (1, 'Dien thoai & May tinh', 'cat_1.png');
INSERT INTO categories (category_id, category_name, category_image) VALUES (2, 'Thoi trang', 'cat_2.png');
INSERT INTO categories (category_id, category_name, category_image) VALUES (3, 'Giay dep', 'cat_3.png');
INSERT INTO categories (category_id, category_name, category_image) VALUES (4, 'Sach & Thiet bi hoc tap', 'cat_4.png');
INSERT INTO categories (category_id, category_name, category_image) VALUES (5, 'My pham', 'cat_5.png');
INSERT INTO categories (category_id, category_name, category_image) VALUES (6, 'Do gia dung', 'cat_6.png');
INSERT INTO categories (category_id, category_name, category_image) VALUES (7, 'The thao & Du lich', 'cat_7.png');
INSERT INTO categories (category_id, category_name, category_image) VALUES (8, 'Do choi & Me va be', 'cat_8.png');
INSERT INTO categories (category_id, category_name, category_image) VALUES (9, 'O to & Xe may', 'cat_9.png');
INSERT INTO categories (category_id, category_name, category_image) VALUES (10, 'Dien gia dung', 'cat_10.png');
INSERT INTO categories (category_id, category_name, category_image) VALUES (11, 'Thiet bi dien tu', 'cat_11.png');
INSERT INTO categories (category_id, category_name, category_image) VALUES (12, 'Noi that & Ngoai that', 'cat_12.png');
INSERT INTO categories (category_id, category_name, category_image) VALUES (13, 'Thuc pham & Do uong', 'cat_13.png');
INSERT INTO categories (category_id, category_name, category_image) VALUES (14, 'Van phong pham', 'cat_14.png');
INSERT INTO categories (category_id, category_name, category_image) VALUES (15, 'Dich vu & The thao', 'cat_15.png');
INSERT INTO brands (brand_id, brand_name, brand_image) VALUES (1, 'Apple', 'brand_1.png');
INSERT INTO brands (brand_id, brand_name, brand_image) VALUES (2, 'Samsung', 'brand_2.png');
INSERT INTO brands (brand_id, brand_name, brand_image) VALUES (3, 'Sony', 'brand_3.png');
INSERT INTO brands (brand_id, brand_name, brand_image) VALUES (4, 'Nike', 'brand_4.png');
INSERT INTO brands (brand_id, brand_name, brand_image) VALUES (5, 'Adidas', 'brand_5.png');
INSERT INTO brands (brand_id, brand_name, brand_image) VALUES (6, 'Xuka Book', 'brand_6.png');
INSERT INTO brands (brand_id, brand_name, brand_image) VALUES (7, 'Uniqlo', 'brand_7.png');
INSERT INTO brands (brand_id, brand_name, brand_image) VALUES (8, 'Logitech', 'brand_8.png');
INSERT INTO brands (brand_id, brand_name, brand_image) VALUES (9, 'Lopito', 'brand_9.png');
INSERT INTO brands (brand_id, brand_name, brand_image) VALUES (10, 'Yody', 'brand_10.png');
INSERT INTO brands (brand_id, brand_name, brand_image) VALUES (11, 'LG', 'brand_11.png');
INSERT INTO brands (brand_id, brand_name, brand_image) VALUES (12, 'Candid', 'brand_12.png');
INSERT INTO brands (brand_id, brand_name, brand_image) VALUES (13, 'Puma', 'brand_13.png');
INSERT INTO brands (brand_id, brand_name, brand_image) VALUES (14, 'Dior', 'brand_14.png');
INSERT INTO brands (brand_id, brand_name, brand_image) VALUES (15, 'Chanel', 'brand_15.png');
INSERT INTO brands (brand_id, brand_name, brand_image) VALUES (16, 'YSL', 'brand_16.png');

-- 9. INSERT DATA FOR PRODUCTS
INSERT INTO products (product_id, product_name, store_id, category_id, brand_id, price, old_price, quantity, discontinued, description, buy_turn, specification) VALUES (1, 'Rustic Paper Bag', 23, 15, 4, 10993204.00, 12642184.60, 269, FALSE, 'Dau nha da thue leo. Hang tim tau. Tim to thuyen nghi boi gi dong xanh. The chi het doc pha nha thi.', 6, 'Hang chinh hang phan phoi toan quoc day du phu kien di kem.');
INSERT INTO products (product_id, product_name, store_id, category_id, brand_id, price, old_price, quantity, discontinued, description, buy_turn, specification) VALUES (2, 'Mediocre Iron Coat', 22, 13, 4, 7815514.00, 8987841.10, 222, FALSE, 'Tam non boi chin nghi ghet may. Kim con hang khong duoc doc nha.', 85, 'Hang chinh hang phan phoi toan quoc day du phu kien di kem.');
INSERT INTO products (product_id, product_name, store_id, category_id, brand_id, price, old_price, quantity, discontinued, description, buy_turn, specification) VALUES (3, 'Incredible Granite Hat', 36, 8, 9, 9850074.00, 11327585.10, 320, FALSE, 'Chim hoa ghet. Cua tim khoan con giet hai tam.', 41, 'Hang chinh hang phan phoi toan quoc day du phu kien di kem.');
INSERT INTO products (product_id, product_name, store_id, category_id, brand_id, price, old_price, quantity, discontinued, description, buy_turn, specification) VALUES (4, 'Enormous Bronze Computer', 5, 7, 14, 14081023.00, 16193176.45, 422, FALSE, 'Que danh may dau. Tui kim da viec gi khoan o. Chet may non be huong. Muoi lam troi the ao be boi chi.', 84, 'Hang chinh hang phan phoi toan quoc day du phu kien di kem.');
INSERT INTO products (product_id, product_name, store_id, category_id, brand_id, price, old_price, quantity, discontinued, description, buy_turn, specification) VALUES (5, 'Mediocre Concrete Knife', 1, 8, 4, 11984682.00, 13782384.30, 483, FALSE, 'Ban cai con nghi thuyen nui nam. Thich tim lam khoang dong.', 70, 'Hang chinh hang phan phoi toan quoc day du phu kien di kem.');
INSERT INTO products (product_id, product_name, store_id, category_id, brand_id, price, old_price, quantity, discontinued, description, buy_turn, specification) VALUES (6, 'Ergonomic Silk Watch', 47, 9, 11, 12018603.00, 13821393.45, 493, FALSE, 'Xe thich nuoc. Hang huong hai may ruong the.', 28, 'Hang chinh hang phan phoi toan quoc day du phu kien di kem.');
INSERT INTO products (product_id, product_name, store_id, category_id, brand_id, price, old_price, quantity, discontinued, description, buy_turn, specification) VALUES (7, 'Incredible Linen Clock', 19, 1, 11, 14144540.00, 16266221.00, 324, FALSE, 'Da troi hai mot. Ghet em khau giet. Lam xuong thue.', 70, 'Hang chinh hang phan phoi toan quoc day du phu kien di kem.');
INSERT INTO products (product_id, product_name, store_id, category_id, brand_id, price, old_price, quantity, discontinued, description, buy_turn, specification) VALUES (8, 'Lightweight Cotton Plate', 56, 2, 1, 12554374.00, 14437530.10, 182, FALSE, 'Tam khong ban tim ve chin. Anh dap dap. Nam khong hoa ghet do bon bon kim. Non giay viec thoi ghet loi.', 26, 'Hang chinh hang phan phoi toan quoc day du phu kien di kem.');
INSERT INTO products (product_id, product_name, store_id, category_id, brand_id, price, old_price, quantity, discontinued, description, buy_turn, specification) VALUES (9, 'Rustic Marble Keyboard', 8, 8, 4, 12201052.00, 14031209.80, 53, FALSE, 'Muon khoan da khau khoang. O thoi lau chim chin muon mua viet. Gio bay a. Bay cai hang.', 40, 'Hang chinh hang phan phoi toan quoc day du phu kien di kem.');
INSERT INTO products (product_id, product_name, store_id, category_id, brand_id, price, old_price, quantity, discontinued, description, buy_turn, specification) VALUES (10, 'Enormous Linen Clock', 49, 6, 14, 837025.00, 962578.75, 316, FALSE, 'Kim tui dang toi hang kim xuong chin. Be nha chet. Tui dau gi xe.', 60, 'Hang chinh hang phan phoi toan quoc day du phu kien di kem.');
INSERT INTO products (product_id, product_name, store_id, category_id, brand_id, price, old_price, quantity, discontinued, description, buy_turn, specification) VALUES (11, 'Heavy Duty Silk Table', 35, 4, 2, 11270946.00, 12961587.90, 177, FALSE, 'Em muoi em nuoc. Lau biet viec. Troi a vang que loi.', 73, 'Hang chinh hang phan phoi toan quoc day du phu kien di kem.');
INSERT INTO products (product_id, product_name, store_id, category_id, brand_id, price, old_price, quantity, discontinued, description, buy_turn, specification) VALUES (12, 'Gorgeous Copper Hat', 23, 9, 12, 387073.00, 445133.95, 358, FALSE, 'Bien nha biet bay giay anh lam. Be loi danh tui het giay boi ghet. Loi lau dap. Muon dep ac kim tui.', 73, 'Hang chinh hang phan phoi toan quoc day du phu kien di kem.');
INSERT INTO products (product_id, product_name, store_id, category_id, brand_id, price, old_price, quantity, discontinued, description, buy_turn, specification) VALUES (13, 'Synergistic Bronze Bag', 15, 9, 5, 7124029.00, 8192633.35, 419, FALSE, 'Dang duoc nha may pha mot loi. O het thich. Ba khong tam.', 93, 'Hang chinh hang phan phoi toan quoc day du phu kien di kem.');
INSERT INTO products (product_id, product_name, store_id, category_id, brand_id, price, old_price, quantity, discontinued, description, buy_turn, specification) VALUES (14, 'Awesome Paper Shoes', 45, 13, 9, 8956509.00, 10299985.35, 338, FALSE, 'Ghet troi ghe lau tam sau. Dau xe viet muoi. Pha vang tim lam cai may o.', 16, 'Hang chinh hang phan phoi toan quoc day du phu kien di kem.');
INSERT INTO products (product_id, product_name, store_id, category_id, brand_id, price, old_price, quantity, discontinued, description, buy_turn, specification) VALUES (15, 'Heavy Duty Plastic Lamp', 37, 12, 16, 11340277.00, 13041318.55, 297, FALSE, 'Hang gi khoan ngot da the. Cai muoi ao lam giet.', 57, 'Hang chinh hang phan phoi toan quoc day du phu kien di kem.');
INSERT INTO products (product_id, product_name, store_id, category_id, brand_id, price, old_price, quantity, discontinued, description, buy_turn, specification) VALUES (16, 'Rustic Copper Watch', 30, 4, 3, 12989329.00, 14937728.35, 427, FALSE, 'Pha chim thi hoa mot danh bay. U nghi vang dang tui do.', 55, 'Hang chinh hang phan phoi toan quoc day du phu kien di kem.');
INSERT INTO products (product_id, product_name, store_id, category_id, brand_id, price, old_price, quantity, discontinued, description, buy_turn, specification) VALUES (17, 'Intelligent Leather Bag', 60, 7, 13, 13770464.00, 15836033.60, 124, FALSE, 'Anh nghi non ac chi be. Chin tam may gio nui con. Doc muoi muon het ba. Biet hoa viet lam cai que.', 66, 'Hang chinh hang phan phoi toan quoc day du phu kien di kem.');
INSERT INTO products (product_id, product_name, store_id, category_id, brand_id, price, old_price, quantity, discontinued, description, buy_turn, specification) VALUES (18, 'Heavy Duty Granite Knife', 21, 2, 5, 10721942.00, 12330233.30, 277, FALSE, 'Khoan ac mua biet ban con ngot la. Tui non hang mua thuong khau biet la. Va xuong kim lam thuong xanh em viet. To boi viet xanh con danh.', 50, 'Hang chinh hang phan phoi toan quoc day du phu kien di kem.');
INSERT INTO products (product_id, product_name, store_id, category_id, brand_id, price, old_price, quantity, discontinued, description, buy_turn, specification) VALUES (19, 'Practical Concrete Gloves', 50, 1, 8, 2522121.00, 2900439.15, 472, FALSE, 'Loi yeu non hoa. Nam muoi tim hang duoc khoang u da. Con gio va thue non con chim may.', 43, 'Hang chinh hang phan phoi toan quoc day du phu kien di kem.');
INSERT INTO products (product_id, product_name, store_id, category_id, brand_id, price, old_price, quantity, discontinued, description, buy_turn, specification) VALUES (20, 'Gorgeous Concrete Plate', 59, 8, 11, 14628913.00, 16823249.95, 315, FALSE, 'Thuong thuyen nuoc u viet dong con que. Gi khoang thuong xe yeu em chin cua. Da cua muon.', 98, 'Hang chinh hang phan phoi toan quoc day du phu kien di kem.');
INSERT INTO products (product_id, product_name, store_id, category_id, brand_id, price, old_price, quantity, discontinued, description, buy_turn, specification) VALUES (21, 'Awesome Bronze Bench', 15, 3, 11, 1220223.00, 1403256.45, 317, FALSE, 'Thuyen xe tau giet. Non biet ba non ban.', 15, 'Hang chinh hang phan phoi toan quoc day du phu kien di kem.');
INSERT INTO products (product_id, product_name, store_id, category_id, brand_id, price, old_price, quantity, discontinued, description, buy_turn, specification) VALUES (22, 'Enormous Iron Coat', 55, 8, 16, 6196601.00, 7126091.15, 278, FALSE, 'Thich nha tui. Toi tu to biet nuoc boi anh lau. Tam a ngot to thue.', 57, 'Hang chinh hang phan phoi toan quoc day du phu kien di kem.');
INSERT INTO products (product_id, product_name, store_id, category_id, brand_id, price, old_price, quantity, discontinued, description, buy_turn, specification) VALUES (23, 'Lightweight Granite Coat', 40, 2, 2, 8940884.00, 10282016.60, 395, FALSE, 'Mua hang trang dap gi khong tu. Lam da be. May em da dang viet con may. Xanh gi thoi.', 22, 'Hang chinh hang phan phoi toan quoc day du phu kien di kem.');
INSERT INTO products (product_id, product_name, store_id, category_id, brand_id, price, old_price, quantity, discontinued, description, buy_turn, specification) VALUES (24, 'Practical Copper Bag', 26, 14, 1, 6450030.00, 7417534.50, 182, FALSE, 'Giay xanh danh em loi may em. Chet chim bien. Que ngot yeu muon dau. Dau non ruong.', 81, 'Hang chinh hang phan phoi toan quoc day du phu kien di kem.');
INSERT INTO products (product_id, product_name, store_id, category_id, brand_id, price, old_price, quantity, discontinued, description, buy_turn, specification) VALUES (25, 'Awesome Plastic Coat', 49, 3, 4, 8948538.00, 10290818.70, 56, FALSE, 'Huong dap nam cai bay ban viec. Hang bien khoan bay huong thich yeu.', 81, 'Hang chinh hang phan phoi toan quoc day du phu kien di kem.');
INSERT INTO products (product_id, product_name, store_id, category_id, brand_id, price, old_price, quantity, discontinued, description, buy_turn, specification) VALUES (26, 'Incredible Cotton Lamp', 45, 1, 11, 2250436.00, 2588001.40, 111, FALSE, 'Lam quan duoc gio danh ba. The muon tau vang. Yeu gi dang.', 34, 'Hang chinh hang phan phoi toan quoc day du phu kien di kem.');
INSERT INTO products (product_id, product_name, store_id, category_id, brand_id, price, old_price, quantity, discontinued, description, buy_turn, specification) VALUES (27, 'Awesome Steel Wallet', 43, 9, 12, 9514465.00, 10941634.75, 243, FALSE, 'Khau chin muoi ve chim leo ve mot. Giay danh to ba nha em. Toi ruong muoi o viec leo biet. Nuoc ruong ao va tui.', 67, 'Hang chinh hang phan phoi toan quoc day du phu kien di kem.');
INSERT INTO products (product_id, product_name, store_id, category_id, brand_id, price, old_price, quantity, discontinued, description, buy_turn, specification) VALUES (28, 'Awesome Copper Keyboard', 40, 15, 2, 6604820.00, 7595543.00, 430, FALSE, 'Ghet thoi khau leo ngot thich thuyen giet. Da ghet khoan u tau. A non cai mot ghet kim. Thue may ba thuong lau hai.', 44, 'Hang chinh hang phan phoi toan quoc day du phu kien di kem.');
INSERT INTO products (product_id, product_name, store_id, category_id, brand_id, price, old_price, quantity, discontinued, description, buy_turn, specification) VALUES (29, 'Enormous Marble Watch', 37, 14, 14, 1911766.00, 2198530.90, 225, FALSE, 'Thuong khau dau xe the leo vang. Ruong lam chi non chi.', 71, 'Hang chinh hang phan phoi toan quoc day du phu kien di kem.');
INSERT INTO products (product_id, product_name, store_id, category_id, brand_id, price, old_price, quantity, discontinued, description, buy_turn, specification) VALUES (30, 'Heavy Duty Leather Pants', 10, 11, 14, 7477041.00, 8598597.15, 394, FALSE, 'Do biet duoc. Thich da muoi giay nghi. Hang leo da. Cai nuoc o dang chi.', 64, 'Hang chinh hang phan phoi toan quoc day du phu kien di kem.');
INSERT INTO products (product_id, product_name, store_id, category_id, brand_id, price, old_price, quantity, discontinued, description, buy_turn, specification) VALUES (31, 'Sleek Bronze Shirt', 31, 13, 8, 3417792.00, 3930460.80, 210, FALSE, 'Tu thi nghi kim loi. Mot dau toi hai gi may to. Hang nha hoa da thue con tu thich. Chim thuong ba xe.', 92, 'Hang chinh hang phan phoi toan quoc day du phu kien di kem.');
INSERT INTO products (product_id, product_name, store_id, category_id, brand_id, price, old_price, quantity, discontinued, description, buy_turn, specification) VALUES (32, 'Fantastic Granite Pants', 55, 12, 12, 14683128.00, 16885597.20, 413, FALSE, 'Khong may het dap leo tu bay troi. O may da muon da quan.', 75, 'Hang chinh hang phan phoi toan quoc day du phu kien di kem.');
INSERT INTO products (product_id, product_name, store_id, category_id, brand_id, price, old_price, quantity, discontinued, description, buy_turn, specification) VALUES (33, 'Heavy Duty Cotton Plate', 26, 10, 3, 3582209.00, 4119540.35, 203, FALSE, 'Xuong may thi giet anh be. Boi xanh viet hoa ba ban cua dau. Thoi ban ngot the troi chet.', 14, 'Hang chinh hang phan phoi toan quoc day du phu kien di kem.');
INSERT INTO products (product_id, product_name, store_id, category_id, brand_id, price, old_price, quantity, discontinued, description, buy_turn, specification) VALUES (34, 'Lightweight Cotton Plate', 28, 10, 10, 8363754.00, 9618317.10, 78, FALSE, 'Ghet nha to muon may xe tim. Ba het viec lau lam may xe muon.', 82, 'Hang chinh hang phan phoi toan quoc day du phu kien di kem.');
INSERT INTO products (product_id, product_name, store_id, category_id, brand_id, price, old_price, quantity, discontinued, description, buy_turn, specification) VALUES (35, 'Sleek Wooden Lamp', 49, 7, 12, 14129969.00, 16249464.35, 330, FALSE, 'Toi xuong ba nui. Em hoa to the chim ban muoi tam.', 72, 'Hang chinh hang phan phoi toan quoc day du phu kien di kem.');
INSERT INTO products (product_id, product_name, store_id, category_id, brand_id, price, old_price, quantity, discontinued, description, buy_turn, specification) VALUES (36, 'Aerodynamic Linen Shirt', 15, 5, 11, 12752632.00, 14665526.80, 221, FALSE, 'Dong leo dep thue chi. Ghe duoc to xe thoi kim tu boi. Danh tam ac. A quan boi muon ban a.', 88, 'Hang chinh hang phan phoi toan quoc day du phu kien di kem.');
INSERT INTO products (product_id, product_name, store_id, category_id, brand_id, price, old_price, quantity, discontinued, description, buy_turn, specification) VALUES (37, 'Awesome Granite Wallet', 56, 5, 1, 4254332.00, 4892481.80, 467, FALSE, 'Tam danh bay. Thue tu muon da ba ghe bon.', 18, 'Hang chinh hang phan phoi toan quoc day du phu kien di kem.');
INSERT INTO products (product_id, product_name, store_id, category_id, brand_id, price, old_price, quantity, discontinued, description, buy_turn, specification) VALUES (38, 'Small Concrete Pants', 37, 3, 10, 143706.00, 165261.90, 140, FALSE, 'Duoc pha a. Hai the bien a doc lau may. To ve xuong la.', 8, 'Hang chinh hang phan phoi toan quoc day du phu kien di kem.');
INSERT INTO products (product_id, product_name, store_id, category_id, brand_id, price, old_price, quantity, discontinued, description, buy_turn, specification) VALUES (39, 'Rustic Paper Computer', 16, 2, 9, 3921035.00, 4509190.25, 361, FALSE, 'Nui may giet xe giet cua. Viec pha bien ban tau muon o. Boi gi het the trang. May thue chi que nghi the dap.', 22, 'Hang chinh hang phan phoi toan quoc day du phu kien di kem.');
INSERT INTO products (product_id, product_name, store_id, category_id, brand_id, price, old_price, quantity, discontinued, description, buy_turn, specification) VALUES (40, 'Lightweight Iron Plate', 43, 11, 1, 5771401.00, 6637111.15, 450, FALSE, 'Mua ruong hoa troi ban thuong. Cua ngot giet boi.', 85, 'Hang chinh hang phan phoi toan quoc day du phu kien di kem.');
INSERT INTO products (product_id, product_name, store_id, category_id, brand_id, price, old_price, quantity, discontinued, description, buy_turn, specification) VALUES (41, 'Sleek Steel Pants', 57, 3, 5, 9962815.00, 11457237.25, 319, FALSE, 'Pha non be. Vang biet huong vang thich tam sau xanh. Hai danh muon nghi vang dep.', 67, 'Hang chinh hang phan phoi toan quoc day du phu kien di kem.');
INSERT INTO products (product_id, product_name, store_id, category_id, brand_id, price, old_price, quantity, discontinued, description, buy_turn, specification) VALUES (42, 'Intelligent Plastic Chair', 44, 2, 10, 6756003.00, 7769403.45, 463, FALSE, 'Dep tam duoc dap thoi u het chim. Cua da may nha be.', 14, 'Hang chinh hang phan phoi toan quoc day du phu kien di kem.');
INSERT INTO products (product_id, product_name, store_id, category_id, brand_id, price, old_price, quantity, discontinued, description, buy_turn, specification) VALUES (43, 'Ergonomic Leather Gloves', 8, 13, 10, 9323197.00, 10721676.55, 378, FALSE, 'Do danh thue nha viec nghi tam danh. Xuong troi con. Chet nghi anh dap. To dang dap toi.', 37, 'Hang chinh hang phan phoi toan quoc day du phu kien di kem.');
INSERT INTO products (product_id, product_name, store_id, category_id, brand_id, price, old_price, quantity, discontinued, description, buy_turn, specification) VALUES (44, 'Rustic Silk Bag', 7, 4, 4, 3728878.00, 4288209.70, 416, FALSE, 'Do bay muoi ngot. Viet ban hoa lau trang giet.', 91, 'Hang chinh hang phan phoi toan quoc day du phu kien di kem.');
INSERT INTO products (product_id, product_name, store_id, category_id, brand_id, price, old_price, quantity, discontinued, description, buy_turn, specification) VALUES (45, 'Practical Copper Knife', 8, 9, 16, 11118472.00, 12786242.80, 70, FALSE, 'Kim la dang mot nuoc. Xe ban vang gi ba bon. Viet to xe thue nha. Loi ao kim dau.', 46, 'Hang chinh hang phan phoi toan quoc day du phu kien di kem.');
INSERT INTO products (product_id, product_name, store_id, category_id, brand_id, price, old_price, quantity, discontinued, description, buy_turn, specification) VALUES (46, 'Aerodynamic Iron Keyboard', 21, 7, 3, 8149319.00, 9371716.85, 15, FALSE, 'May mua lau bon ba. Trang u thi khau nui nam. Trang anh dang giay. Gi gio thue ao ao thue.', 18, 'Hang chinh hang phan phoi toan quoc day du phu kien di kem.');
INSERT INTO products (product_id, product_name, store_id, category_id, brand_id, price, old_price, quantity, discontinued, description, buy_turn, specification) VALUES (47, 'Rustic Steel Gloves', 22, 11, 12, 6624626.00, 7618319.90, 175, FALSE, 'Kim danh biet khau trang da lau ba. Huong hai thuong. Gio ngot may danh tim chi.', 86, 'Hang chinh hang phan phoi toan quoc day du phu kien di kem.');
INSERT INTO products (product_id, product_name, store_id, category_id, brand_id, price, old_price, quantity, discontinued, description, buy_turn, specification) VALUES (48, 'Heavy Duty Silk Shoes', 5, 1, 10, 9576977.00, 11013523.55, 425, FALSE, 'Bay muoi ban boi o ruong mua nui. Dep hai thich to ghet xanh. Anh thoi con con viet va gio ba. Tu giay tui dep.', 46, 'Hang chinh hang phan phoi toan quoc day du phu kien di kem.');
INSERT INTO products (product_id, product_name, store_id, category_id, brand_id, price, old_price, quantity, discontinued, description, buy_turn, specification) VALUES (49, 'Awesome Bronze Clock', 53, 10, 12, 14371681.00, 16527433.15, 417, FALSE, 'Loi nui bon muon la biet nuoc. Ruong nha troi chin gio gi khoang ba. Dong bien biet thich het ao may may. Khoan doc danh hang thich ban que.', 8, 'Hang chinh hang phan phoi toan quoc day du phu kien di kem.');
INSERT INTO products (product_id, product_name, store_id, category_id, brand_id, price, old_price, quantity, discontinued, description, buy_turn, specification) VALUES (50, 'Awesome Iron Chair', 51, 15, 14, 14634243.00, 16829379.45, 22, FALSE, 'Dang la khau hoa chim. La tau quan nghi.', 65, 'Hang chinh hang phan phoi toan quoc day du phu kien di kem.');
INSERT INTO products (product_id, product_name, store_id, category_id, brand_id, price, old_price, quantity, discontinued, description, buy_turn, specification) VALUES (51, 'Intelligent Wooden Shoes', 45, 3, 7, 8168126.00, 9393344.90, 162, FALSE, 'Toi em het. Nha khoan chim viec. Toi thuyen may.', 44, 'Hang chinh hang phan phoi toan quoc day du phu kien di kem.');
INSERT INTO products (product_id, product_name, store_id, category_id, brand_id, price, old_price, quantity, discontinued, description, buy_turn, specification) VALUES (52, 'Durable Steel Lamp', 59, 14, 5, 11803883.00, 13574465.45, 375, FALSE, 'Tim ac que thue. Thi be nghi troi nha be xe chim.', 26, 'Hang chinh hang phan phoi toan quoc day du phu kien di kem.');
INSERT INTO products (product_id, product_name, store_id, category_id, brand_id, price, old_price, quantity, discontinued, description, buy_turn, specification) VALUES (53, 'Small Marble Wallet', 3, 6, 1, 9519208.00, 10947089.20, 75, FALSE, 'Ao thi danh. Dang doc ghet chim bien viec hoa.', 25, 'Hang chinh hang phan phoi toan quoc day du phu kien di kem.');
INSERT INTO products (product_id, product_name, store_id, category_id, brand_id, price, old_price, quantity, discontinued, description, buy_turn, specification) VALUES (54, 'Incredible Copper Table', 18, 6, 8, 12556361.00, 14439815.15, 482, FALSE, 'Thich chet chim nuoc khong hang. Thich chi khong dap ve la tu. May muon tau be. To giay thich loi.', 60, 'Hang chinh hang phan phoi toan quoc day du phu kien di kem.');
INSERT INTO products (product_id, product_name, store_id, category_id, brand_id, price, old_price, quantity, discontinued, description, buy_turn, specification) VALUES (55, 'Ergonomic Paper Knife', 9, 4, 5, 2986889.00, 3434922.35, 230, FALSE, 'Chet da dap muon. Chi thi dap gio khong.', 23, 'Hang chinh hang phan phoi toan quoc day du phu kien di kem.');
INSERT INTO products (product_id, product_name, store_id, category_id, brand_id, price, old_price, quantity, discontinued, description, buy_turn, specification) VALUES (56, 'Heavy Duty Wool Shoes', 47, 11, 9, 807071.00, 928131.65, 124, FALSE, 'Khoan mot dong huong khau em. Ban nghi dep loi toi va dau. Ruong tu khau tui danh yeu tu.', 91, 'Hang chinh hang phan phoi toan quoc day du phu kien di kem.');
INSERT INTO products (product_id, product_name, store_id, category_id, brand_id, price, old_price, quantity, discontinued, description, buy_turn, specification) VALUES (57, 'Synergistic Linen Clock', 8, 2, 9, 11005045.00, 12655801.75, 352, FALSE, 'Thi ac nghi u. Chin tui xuong xuong leo viec tim. Sau nghi thuyen khong chet.', 6, 'Hang chinh hang phan phoi toan quoc day du phu kien di kem.');
INSERT INTO products (product_id, product_name, store_id, category_id, brand_id, price, old_price, quantity, discontinued, description, buy_turn, specification) VALUES (58, 'Durable Cotton Computer', 40, 1, 12, 8740206.00, 10051236.90, 392, FALSE, 'Viet dep u la khau. May khau ghe.', 74, 'Hang chinh hang phan phoi toan quoc day du phu kien di kem.');
INSERT INTO products (product_id, product_name, store_id, category_id, brand_id, price, old_price, quantity, discontinued, description, buy_turn, specification) VALUES (59, 'Practical Iron Pants', 9, 12, 9, 1990326.00, 2288874.90, 284, FALSE, 'Hoa em u nha thuong toi ruong. Ban ban dau tui loi khau duoc thi. Hai giay em boi thue ve may danh.', 75, 'Hang chinh hang phan phoi toan quoc day du phu kien di kem.');
INSERT INTO products (product_id, product_name, store_id, category_id, brand_id, price, old_price, quantity, discontinued, description, buy_turn, specification) VALUES (60, 'Lightweight Granite Wallet', 15, 7, 5, 13614150.00, 15656272.50, 153, FALSE, 'Giay tu va may. Thich ac nghi nha cua hai boi ve. Thi la be ban mua sau. Thi xanh tui mot hai to chet dep.', 30, 'Hang chinh hang phan phoi toan quoc day du phu kien di kem.');
INSERT INTO products (product_id, product_name, store_id, category_id, brand_id, price, old_price, quantity, discontinued, description, buy_turn, specification) VALUES (61, 'Incredible Wool Knife', 52, 7, 10, 4752233.00, 5465067.95, 171, FALSE, 'Chin dong ban ruong la duoc thuyen dau. Nghi chet dong.', 80, 'Hang chinh hang phan phoi toan quoc day du phu kien di kem.');
INSERT INTO products (product_id, product_name, store_id, category_id, brand_id, price, old_price, quantity, discontinued, description, buy_turn, specification) VALUES (62, 'Durable Wooden Clock', 41, 2, 7, 12636115.00, 14531532.25, 274, FALSE, 'Gio hang xuong sau ac xuong. Chin khau ghet tim ruong.', 97, 'Hang chinh hang phan phoi toan quoc day du phu kien di kem.');
INSERT INTO products (product_id, product_name, store_id, category_id, brand_id, price, old_price, quantity, discontinued, description, buy_turn, specification) VALUES (63, 'Durable Rubber Hat', 40, 10, 6, 13280548.00, 15272630.20, 99, FALSE, 'Dau het bien. Ghet ghet bien mot hoa thuyen chim.', 34, 'Hang chinh hang phan phoi toan quoc day du phu kien di kem.');
INSERT INTO products (product_id, product_name, store_id, category_id, brand_id, price, old_price, quantity, discontinued, description, buy_turn, specification) VALUES (64, 'Durable Plastic Shirt', 53, 7, 7, 10265579.00, 11805415.85, 456, FALSE, 'Quan thuyen anh giay to muoi. Chet tam biet muoi viec nha trang. Khoang gio may khong.', 21, 'Hang chinh hang phan phoi toan quoc day du phu kien di kem.');
INSERT INTO products (product_id, product_name, store_id, category_id, brand_id, price, old_price, quantity, discontinued, description, buy_turn, specification) VALUES (65, 'Fantastic Linen Clock', 13, 4, 10, 11322851.00, 13021278.65, 495, FALSE, 'Mua may tim kim. Tau pha da toi u.', 91, 'Hang chinh hang phan phoi toan quoc day du phu kien di kem.');
INSERT INTO products (product_id, product_name, store_id, category_id, brand_id, price, old_price, quantity, discontinued, description, buy_turn, specification) VALUES (66, 'Sleek Steel Hat', 3, 14, 9, 5839157.00, 6715030.55, 21, FALSE, 'Gi thich ruong. Dap nam tui ba ban viec ghet mot.', 68, 'Hang chinh hang phan phoi toan quoc day du phu kien di kem.');
INSERT INTO products (product_id, product_name, store_id, category_id, brand_id, price, old_price, quantity, discontinued, description, buy_turn, specification) VALUES (67, 'Practical Rubber Wallet', 54, 14, 3, 3468821.00, 3989144.15, 424, FALSE, 'Khau lau thoi muon nha. May nha gi que may boi.', 1, 'Hang chinh hang phan phoi toan quoc day du phu kien di kem.');
INSERT INTO products (product_id, product_name, store_id, category_id, brand_id, price, old_price, quantity, discontinued, description, buy_turn, specification) VALUES (68, 'Incredible Bronze Clock', 16, 9, 8, 4847207.00, 5574288.05, 463, FALSE, 'Het ghe xanh. Gio lau muon mua ghet be duoc. The tim tim.', 78, 'Hang chinh hang phan phoi toan quoc day du phu kien di kem.');
INSERT INTO products (product_id, product_name, store_id, category_id, brand_id, price, old_price, quantity, discontinued, description, buy_turn, specification) VALUES (69, 'Durable Silk Lamp', 1, 15, 16, 1516483.00, 1743955.45, 303, FALSE, 'Mua hoa thuong may ve thuyen chi may. Ban quan thuong viec sau. Viec kim hoa vang may be. Khoang em lam.', 40, 'Hang chinh hang phan phoi toan quoc day du phu kien di kem.');
INSERT INTO products (product_id, product_name, store_id, category_id, brand_id, price, old_price, quantity, discontinued, description, buy_turn, specification) VALUES (70, 'Heavy Duty Bronze Coat', 41, 1, 4, 7049691.00, 8107144.65, 100, FALSE, 'Tim to dau. Hoa giay tu non. Anh nuoc do thuong muon.', 91, 'Hang chinh hang phan phoi toan quoc day du phu kien di kem.');
INSERT INTO products (product_id, product_name, store_id, category_id, brand_id, price, old_price, quantity, discontinued, description, buy_turn, specification) VALUES (71, 'Incredible Wool Watch', 32, 6, 8, 9364594.00, 10769283.10, 317, FALSE, 'Toi leo cai thue thuyen danh xuong. The nui chi hai non. Da dap leo nuoc nha giay.', 66, 'Hang chinh hang phan phoi toan quoc day du phu kien di kem.');
INSERT INTO products (product_id, product_name, store_id, category_id, brand_id, price, old_price, quantity, discontinued, description, buy_turn, specification) VALUES (72, 'Sleek Marble Shirt', 5, 6, 1, 3543032.00, 4074486.80, 442, FALSE, 'Anh thich chim thi khoan dong ngot. May va nha.', 81, 'Hang chinh hang phan phoi toan quoc day du phu kien di kem.');
INSERT INTO products (product_id, product_name, store_id, category_id, brand_id, price, old_price, quantity, discontinued, description, buy_turn, specification) VALUES (73, 'Rustic Iron Pants', 18, 11, 5, 9862497.00, 11341871.55, 237, FALSE, 'Muon toi bien ngot xanh viet. Ban nam mot cai tam tam nam. Nam la que thoi. Hang o thuyen tim mot.', 19, 'Hang chinh hang phan phoi toan quoc day du phu kien di kem.');
INSERT INTO products (product_id, product_name, store_id, category_id, brand_id, price, old_price, quantity, discontinued, description, buy_turn, specification) VALUES (74, 'Incredible Leather Bag', 39, 12, 5, 8662964.00, 9962408.60, 423, FALSE, 'Do toi hai. Boi viec thue nghi xanh may trang thuyen.', 27, 'Hang chinh hang phan phoi toan quoc day du phu kien di kem.');
INSERT INTO products (product_id, product_name, store_id, category_id, brand_id, price, old_price, quantity, discontinued, description, buy_turn, specification) VALUES (75, 'Sleek Linen Bag', 50, 15, 2, 9602364.00, 11042718.60, 497, FALSE, 'Dep giet chim con chi ban yeu troi. Sau ghe tam bien a. Khong viet chet khoang lau.', 9, 'Hang chinh hang phan phoi toan quoc day du phu kien di kem.');
INSERT INTO products (product_id, product_name, store_id, category_id, brand_id, price, old_price, quantity, discontinued, description, buy_turn, specification) VALUES (76, 'Practical Copper Coat', 56, 14, 16, 5206825.00, 5987848.75, 385, FALSE, 'Tim thuong to ban khong thoi. Xanh lam gio troi nam do may mot.', 63, 'Hang chinh hang phan phoi toan quoc day du phu kien di kem.');
INSERT INTO products (product_id, product_name, store_id, category_id, brand_id, price, old_price, quantity, discontinued, description, buy_turn, specification) VALUES (77, 'Synergistic Aluminum Clock', 47, 2, 6, 10466518.00, 12036495.70, 325, FALSE, 'Ban dang que cai dau ac ac. Yeu cai duoc. Lau to ngot chet hai pha.', 87, 'Hang chinh hang phan phoi toan quoc day du phu kien di kem.');
INSERT INTO products (product_id, product_name, store_id, category_id, brand_id, price, old_price, quantity, discontinued, description, buy_turn, specification) VALUES (78, 'Durable Plastic Shirt', 30, 4, 13, 10048462.00, 11555731.30, 247, FALSE, 'Anh nui boi ve tim. Bay thuyen a.', 78, 'Hang chinh hang phan phoi toan quoc day du phu kien di kem.');
INSERT INTO products (product_id, product_name, store_id, category_id, brand_id, price, old_price, quantity, discontinued, description, buy_turn, specification) VALUES (79, 'Small Plastic Table', 40, 8, 7, 11213363.00, 12895367.45, 152, FALSE, 'May trang yeu. Het yeu xuong mua ban. Toi chin hang anh dap. Ngot thuong da khoan leo thoi khoang ban.', 19, 'Hang chinh hang phan phoi toan quoc day du phu kien di kem.');
INSERT INTO products (product_id, product_name, store_id, category_id, brand_id, price, old_price, quantity, discontinued, description, buy_turn, specification) VALUES (80, 'Awesome Wool Keyboard', 14, 8, 10, 7252278.00, 8340119.70, 140, FALSE, 'May ban ruong em chet mot. Nam be con gi dap ngot thoi khong. Tam xe dep tau ban. Be hang biet ban.', 23, 'Hang chinh hang phan phoi toan quoc day du phu kien di kem.');
INSERT INTO products (product_id, product_name, store_id, category_id, brand_id, price, old_price, quantity, discontinued, description, buy_turn, specification) VALUES (81, 'Awesome Cotton Bag', 1, 1, 8, 8656865.00, 9955394.75, 441, FALSE, 'Giet u que chi. Mot khoang viec bien cai het. May giet vang. Non khau tu.', 92, 'Hang chinh hang phan phoi toan quoc day du phu kien di kem.');
INSERT INTO products (product_id, product_name, store_id, category_id, brand_id, price, old_price, quantity, discontinued, description, buy_turn, specification) VALUES (82, 'Practical Rubber Table', 34, 2, 1, 12029155.00, 13833528.25, 147, FALSE, 'Chi em dang leo do. Boi ba doc lam cai to. Muon yeu cai nam nghi pha loi quan.', 79, 'Hang chinh hang phan phoi toan quoc day du phu kien di kem.');
INSERT INTO products (product_id, product_name, store_id, category_id, brand_id, price, old_price, quantity, discontinued, description, buy_turn, specification) VALUES (83, 'Aerodynamic Leather Pants', 14, 13, 16, 9822758.00, 11296171.70, 41, FALSE, 'Thue nha u. Ghet hai khong dep muon nha que. Muon thue dau sau cua doc duoc.', 74, 'Hang chinh hang phan phoi toan quoc day du phu kien di kem.');
INSERT INTO products (product_id, product_name, store_id, category_id, brand_id, price, old_price, quantity, discontinued, description, buy_turn, specification) VALUES (84, 'Intelligent Marble Watch', 35, 8, 8, 13708372.00, 15764627.80, 268, FALSE, 'Nui thich dong ve boi. Mot dong ba nui con khau ruong. Ruong a viec toi khong troi mot.', 47, 'Hang chinh hang phan phoi toan quoc day du phu kien di kem.');
INSERT INTO products (product_id, product_name, store_id, category_id, brand_id, price, old_price, quantity, discontinued, description, buy_turn, specification) VALUES (85, 'Sleek Paper Gloves', 18, 1, 11, 10452816.00, 12020738.40, 370, FALSE, 'Chi hai chin ban xuong ve dau dang. Thuyen ban mua. U be thuong loi may bien. Tui xuong sau tam do.', 98, 'Hang chinh hang phan phoi toan quoc day du phu kien di kem.');
INSERT INTO products (product_id, product_name, store_id, category_id, brand_id, price, old_price, quantity, discontinued, description, buy_turn, specification) VALUES (86, 'Practical Cotton Gloves', 33, 9, 13, 5501353.00, 6326555.95, 333, FALSE, 'Danh ngot da ghe. The lam chim khau mot loi viet. Biet tau quan hang a sau.', 24, 'Hang chinh hang phan phoi toan quoc day du phu kien di kem.');
INSERT INTO products (product_id, product_name, store_id, category_id, brand_id, price, old_price, quantity, discontinued, description, buy_turn, specification) VALUES (87, 'Enormous Steel Watch', 2, 12, 16, 2223969.00, 2557564.35, 411, FALSE, 'Giay giet ruong anh tau. Biet het xuong.', 4, 'Hang chinh hang phan phoi toan quoc day du phu kien di kem.');
INSERT INTO products (product_id, product_name, store_id, category_id, brand_id, price, old_price, quantity, discontinued, description, buy_turn, specification) VALUES (88, 'Durable Concrete Knife', 10, 12, 5, 13442852.00, 15459279.80, 232, FALSE, 'Pha dap nui nha xuong. Non thoi toi viec. Do xanh sau duoc.', 38, 'Hang chinh hang phan phoi toan quoc day du phu kien di kem.');
INSERT INTO products (product_id, product_name, store_id, category_id, brand_id, price, old_price, quantity, discontinued, description, buy_turn, specification) VALUES (89, 'Small Iron Shirt', 21, 1, 16, 1696226.00, 1950659.90, 96, FALSE, 'Va em danh thi biet. Chet nghi hoa tu leo thuyen hang thue. Tam xanh xuong.', 29, 'Hang chinh hang phan phoi toan quoc day du phu kien di kem.');
INSERT INTO products (product_id, product_name, store_id, category_id, brand_id, price, old_price, quantity, discontinued, description, buy_turn, specification) VALUES (90, 'Durable Rubber Chair', 17, 7, 11, 12384351.00, 14242003.65, 294, FALSE, 'Ghe o thi ban khoan. Ba muoi nuoc the xe biet nam. Viet nuoc ve tim.', 2, 'Hang chinh hang phan phoi toan quoc day du phu kien di kem.');
INSERT INTO products (product_id, product_name, store_id, category_id, brand_id, price, old_price, quantity, discontinued, description, buy_turn, specification) VALUES (91, 'Sleek Steel Bottle', 27, 6, 6, 8808839.00, 10130164.85, 282, FALSE, 'Xuong muoi bien leo. Yeu ba ban muon mua dap dep hai.', 73, 'Hang chinh hang phan phoi toan quoc day du phu kien di kem.');
INSERT INTO products (product_id, product_name, store_id, category_id, brand_id, price, old_price, quantity, discontinued, description, buy_turn, specification) VALUES (92, 'Fantastic Leather Pants', 5, 8, 6, 3482512.00, 4004888.80, 351, FALSE, 'Sau bay em thuong cua. Hang muon em. Hang thue nghi viet thich dap dap.', 17, 'Hang chinh hang phan phoi toan quoc day du phu kien di kem.');
INSERT INTO products (product_id, product_name, store_id, category_id, brand_id, price, old_price, quantity, discontinued, description, buy_turn, specification) VALUES (93, 'Gorgeous Copper Plate', 43, 1, 4, 2249664.00, 2587113.60, 345, FALSE, 'Ban bien tam tu dap dang thue. Khong bay mua be. Ao anh ve dep hang het nghi loi. Thich chi la khau gio may.', 84, 'Hang chinh hang phan phoi toan quoc day du phu kien di kem.');
INSERT INTO products (product_id, product_name, store_id, category_id, brand_id, price, old_price, quantity, discontinued, description, buy_turn, specification) VALUES (94, 'Practical Aluminum Shirt', 55, 10, 6, 700974.00, 806120.10, 68, FALSE, 'Hang tam va thich. Ruong dap cai.', 28, 'Hang chinh hang phan phoi toan quoc day du phu kien di kem.');
INSERT INTO products (product_id, product_name, store_id, category_id, brand_id, price, old_price, quantity, discontinued, description, buy_turn, specification) VALUES (95, 'Rustic Leather Watch', 51, 2, 11, 4788645.00, 5506941.75, 188, FALSE, 'A chim hoa tau dang khong dap. Va anh boi. Dap em dap hoa toi khoang ngot. Danh duoc mua da thich.', 55, 'Hang chinh hang phan phoi toan quoc day du phu kien di kem.');
INSERT INTO products (product_id, product_name, store_id, category_id, brand_id, price, old_price, quantity, discontinued, description, buy_turn, specification) VALUES (96, 'Rustic Leather Keyboard', 60, 10, 15, 3948929.00, 4541268.35, 488, FALSE, 'Hai a quan. Hang ghe da. Khong kim o. Ban nuoc anh.', 5, 'Hang chinh hang phan phoi toan quoc day du phu kien di kem.');
INSERT INTO products (product_id, product_name, store_id, category_id, brand_id, price, old_price, quantity, discontinued, description, buy_turn, specification) VALUES (97, 'Small Wooden Pants', 20, 11, 5, 10693634.00, 12297679.10, 422, FALSE, 'Da to thi het. Kim muon ghe tu hoa chet be tam. Dang con dep.', 56, 'Hang chinh hang phan phoi toan quoc day du phu kien di kem.');
INSERT INTO products (product_id, product_name, store_id, category_id, brand_id, price, old_price, quantity, discontinued, description, buy_turn, specification) VALUES (98, 'Intelligent Iron Bench', 18, 14, 8, 7744705.00, 8906410.75, 99, FALSE, 'Vang biet ban ban em viet. La toi chet la ba.', 97, 'Hang chinh hang phan phoi toan quoc day du phu kien di kem.');
INSERT INTO products (product_id, product_name, store_id, category_id, brand_id, price, old_price, quantity, discontinued, description, buy_turn, specification) VALUES (99, 'Aerodynamic Steel Coat', 13, 14, 1, 4187865.00, 4816044.75, 407, FALSE, 'Em doc mua chet. Dau troi xuong do sau muon. U nha yeu bien to hoa kim. Gio to giet danh vang thuyen hang da.', 19, 'Hang chinh hang phan phoi toan quoc day du phu kien di kem.');
INSERT INTO products (product_id, product_name, store_id, category_id, brand_id, price, old_price, quantity, discontinued, description, buy_turn, specification) VALUES (100, 'Fantastic Iron Computer', 22, 3, 5, 12075640.00, 13886986.00, 146, FALSE, 'Chet giet khau. Toi tau be.', 34, 'Hang chinh hang phan phoi toan quoc day du phu kien di kem.');
INSERT INTO products (product_id, product_name, store_id, category_id, brand_id, price, old_price, quantity, discontinued, description, buy_turn, specification) VALUES (101, 'Rustic Bronze Bottle', 27, 5, 11, 14839167.00, 17065042.05, 59, FALSE, 'Thuyen do lam dep pha khong tu thuyen. Doc lau ac het tui viet.', 17, 'Hang chinh hang phan phoi toan quoc day du phu kien di kem.');
INSERT INTO products (product_id, product_name, store_id, category_id, brand_id, price, old_price, quantity, discontinued, description, buy_turn, specification) VALUES (102, 'Lightweight Copper Bag', 10, 3, 14, 1156315.00, 1329762.25, 273, FALSE, 'Muon ba ban leo muon muon. Nui doc nha mot dang vang. U gio hang dong. Ao tam va.', 90, 'Hang chinh hang phan phoi toan quoc day du phu kien di kem.');
INSERT INTO products (product_id, product_name, store_id, category_id, brand_id, price, old_price, quantity, discontinued, description, buy_turn, specification) VALUES (103, 'Gorgeous Cotton Table', 6, 15, 9, 14711335.00, 16918035.25, 94, FALSE, 'Lam muon o muon ban ba ngot. Khoan giet chin bon gio gi mua vang. Ngot doc nam non be hai. Cua da thi muon.', 30, 'Hang chinh hang phan phoi toan quoc day du phu kien di kem.');
INSERT INTO products (product_id, product_name, store_id, category_id, brand_id, price, old_price, quantity, discontinued, description, buy_turn, specification) VALUES (104, 'Enormous Paper Knife', 35, 6, 3, 14743202.00, 16954682.30, 136, FALSE, 'Mua pha trang lau tau. Het khong chin. Yeu thoi gi huong u lau.', 86, 'Hang chinh hang phan phoi toan quoc day du phu kien di kem.');
INSERT INTO products (product_id, product_name, store_id, category_id, brand_id, price, old_price, quantity, discontinued, description, buy_turn, specification) VALUES (105, 'Mediocre Leather Plate', 53, 3, 16, 13647909.00, 15695095.35, 391, FALSE, 'Lam kim nam o gio em khoan anh. Hoa bay nha may tim dep. Chin con danh danh. Da chi thuyen boi.', 61, 'Hang chinh hang phan phoi toan quoc day du phu kien di kem.');
INSERT INTO products (product_id, product_name, store_id, category_id, brand_id, price, old_price, quantity, discontinued, description, buy_turn, specification) VALUES (106, 'Gorgeous Steel Chair', 29, 12, 13, 14824586.00, 17048273.90, 30, FALSE, 'Het ban ve cua khoan. Em lam em dau thich nuoc. Leo tui non quan da con.', 43, 'Hang chinh hang phan phoi toan quoc day du phu kien di kem.');
INSERT INTO products (product_id, product_name, store_id, category_id, brand_id, price, old_price, quantity, discontinued, description, buy_turn, specification) VALUES (107, 'Incredible Wool Table', 35, 7, 13, 5763639.00, 6628184.85, 330, FALSE, 'Kim em ruong. Giet mua hoa trang kim tui dap.', 5, 'Hang chinh hang phan phoi toan quoc day du phu kien di kem.');
INSERT INTO products (product_id, product_name, store_id, category_id, brand_id, price, old_price, quantity, discontinued, description, buy_turn, specification) VALUES (108, 'Intelligent Linen Watch', 30, 2, 4, 12468003.00, 14338203.45, 187, FALSE, 'Tui ve bay doc tau. Tau nghi gio que ve. Hai thoi muon pha ban tui may.', 20, 'Hang chinh hang phan phoi toan quoc day du phu kien di kem.');
INSERT INTO products (product_id, product_name, store_id, category_id, brand_id, price, old_price, quantity, discontinued, description, buy_turn, specification) VALUES (109, 'Durable Steel Knife', 5, 4, 9, 6832463.00, 7857332.45, 366, FALSE, 'Mua biet khoang khoang ruong troi. Da do troi hai u tu trang. The nha va duoc dep. Do con nha thoi.', 86, 'Hang chinh hang phan phoi toan quoc day du phu kien di kem.');
INSERT INTO products (product_id, product_name, store_id, category_id, brand_id, price, old_price, quantity, discontinued, description, buy_turn, specification) VALUES (110, 'Rustic Cotton Chair', 36, 14, 14, 14600773.00, 16790888.95, 485, FALSE, 'May ghet tau leo mot bien muon muoi. Quan het dap may ao ghet pha toi. Doc to cua que. Nui tim a nha dang.', 73, 'Hang chinh hang phan phoi toan quoc day du phu kien di kem.');
INSERT INTO products (product_id, product_name, store_id, category_id, brand_id, price, old_price, quantity, discontinued, description, buy_turn, specification) VALUES (111, 'Mediocre Leather Car', 32, 1, 3, 9749794.00, 11212263.10, 219, FALSE, 'U con nha cua khoan do ghe ngot. Muon con gio chet o nghi va. A ngot khoang thoi leo.', 40, 'Hang chinh hang phan phoi toan quoc day du phu kien di kem.');
INSERT INTO products (product_id, product_name, store_id, category_id, brand_id, price, old_price, quantity, discontinued, description, buy_turn, specification) VALUES (112, 'Intelligent Concrete Keyboard', 22, 8, 13, 7766306.00, 8931251.90, 308, FALSE, 'Muon tu khoan. Dau kim chi het pha.', 53, 'Hang chinh hang phan phoi toan quoc day du phu kien di kem.');
INSERT INTO products (product_id, product_name, store_id, category_id, brand_id, price, old_price, quantity, discontinued, description, buy_turn, specification) VALUES (113, 'Rustic Plastic Watch', 51, 7, 5, 10524942.00, 12103683.30, 78, FALSE, 'Biet dau ruong. Va kim thich ghet doc con.', 41, 'Hang chinh hang phan phoi toan quoc day du phu kien di kem.');
INSERT INTO products (product_id, product_name, store_id, category_id, brand_id, price, old_price, quantity, discontinued, description, buy_turn, specification) VALUES (114, 'Sleek Marble Coat', 4, 3, 10, 4551538.00, 5234268.70, 17, FALSE, 'Trang dang nha may hoa la dau. Khoan ruong thue anh. Khoan viet to het hai.', 91, 'Hang chinh hang phan phoi toan quoc day du phu kien di kem.');
INSERT INTO products (product_id, product_name, store_id, category_id, brand_id, price, old_price, quantity, discontinued, description, buy_turn, specification) VALUES (115, 'Incredible Plastic Lamp', 15, 15, 8, 5651830.00, 6499604.50, 144, FALSE, 'Ba biet vang. Het nghi ba yeu xe. Tau va ghe giay ve trang do.', 65, 'Hang chinh hang phan phoi toan quoc day du phu kien di kem.');
INSERT INTO products (product_id, product_name, store_id, category_id, brand_id, price, old_price, quantity, discontinued, description, buy_turn, specification) VALUES (116, 'Rustic Silk Plate', 55, 13, 16, 8911879.00, 10248660.85, 361, FALSE, 'Thuong khau dang. Cai vang toi. Het o viec mot danh.', 81, 'Hang chinh hang phan phoi toan quoc day du phu kien di kem.');
INSERT INTO products (product_id, product_name, store_id, category_id, brand_id, price, old_price, quantity, discontinued, description, buy_turn, specification) VALUES (117, 'Heavy Duty Plastic Shirt', 54, 8, 6, 1183975.00, 1361571.25, 124, FALSE, 'Xanh lam nui the leo khong lam. Gi que ao tui pha. Sau the khoan may.', 3, 'Hang chinh hang phan phoi toan quoc day du phu kien di kem.');
INSERT INTO products (product_id, product_name, store_id, category_id, brand_id, price, old_price, quantity, discontinued, description, buy_turn, specification) VALUES (118, 'Mediocre Plastic Shirt', 36, 5, 14, 8619498.00, 9912422.70, 288, FALSE, 'Biet biet cua ghet non be chin khau. Nha to muon ve muon may.', 8, 'Hang chinh hang phan phoi toan quoc day du phu kien di kem.');
INSERT INTO products (product_id, product_name, store_id, category_id, brand_id, price, old_price, quantity, discontinued, description, buy_turn, specification) VALUES (119, 'Sleek Granite Watch', 20, 1, 15, 12336319.00, 14186766.85, 257, FALSE, 'Giet va la vang. Ba thi gi ba may. Xanh thue gi may lau cua. Dap muon non toi chet may giay khoang.', 47, 'Hang chinh hang phan phoi toan quoc day du phu kien di kem.');
INSERT INTO products (product_id, product_name, store_id, category_id, brand_id, price, old_price, quantity, discontinued, description, buy_turn, specification) VALUES (120, 'Practical Paper Hat', 10, 14, 9, 866589.00, 996577.35, 294, FALSE, 'Nam hang lau. Ao het to. Nuoc dong hang ngot ban.', 67, 'Hang chinh hang phan phoi toan quoc day du phu kien di kem.');
INSERT INTO products (product_id, product_name, store_id, category_id, brand_id, price, old_price, quantity, discontinued, description, buy_turn, specification) VALUES (121, 'Heavy Duty Bronze Knife', 42, 13, 12, 14257955.00, 16396648.25, 174, FALSE, 'Gio troi bien da la tau sau. Dang thue con.', 54, 'Hang chinh hang phan phoi toan quoc day du phu kien di kem.');
INSERT INTO products (product_id, product_name, store_id, category_id, brand_id, price, old_price, quantity, discontinued, description, buy_turn, specification) VALUES (122, 'Mediocre Rubber Computer', 27, 9, 15, 14856317.00, 17084764.55, 328, FALSE, 'Dep viec tui ruong thoi. Hang la ghet nghi chet. Giet to bay nghi dap may ban con. Do cai chim mot tui nha chin sau.', 12, 'Hang chinh hang phan phoi toan quoc day du phu kien di kem.');
INSERT INTO products (product_id, product_name, store_id, category_id, brand_id, price, old_price, quantity, discontinued, description, buy_turn, specification) VALUES (123, 'Incredible Wooden Pants', 1, 8, 9, 1651770.00, 1899535.50, 73, FALSE, 'Vang bon mot. Sau xanh ghe nha nuoc be muon dang.', 0, 'Hang chinh hang phan phoi toan quoc day du phu kien di kem.');
INSERT INTO products (product_id, product_name, store_id, category_id, brand_id, price, old_price, quantity, discontinued, description, buy_turn, specification) VALUES (124, 'Gorgeous Steel Shoes', 2, 9, 2, 8838498.00, 10164272.70, 413, FALSE, 'Boi nam nha bien doc ao the o. Huong may quan doc ban non may. Chin boi cua tui bay u ve. Thuong chi loi ngot boi thuong.', 73, 'Hang chinh hang phan phoi toan quoc day du phu kien di kem.');
INSERT INTO products (product_id, product_name, store_id, category_id, brand_id, price, old_price, quantity, discontinued, description, buy_turn, specification) VALUES (125, 'Heavy Duty Rubber Bottle', 42, 7, 5, 4909359.00, 5645762.85, 328, FALSE, 'Biet khoang duoc huong chet tau da nam. Chin khong dap bon thoi khong kim gi.', 73, 'Hang chinh hang phan phoi toan quoc day du phu kien di kem.');
INSERT INTO products (product_id, product_name, store_id, category_id, brand_id, price, old_price, quantity, discontinued, description, buy_turn, specification) VALUES (126, 'Gorgeous Granite Watch', 27, 8, 8, 3489505.00, 4012930.75, 64, FALSE, 'A thoi khau danh. May ghe troi mot o.', 92, 'Hang chinh hang phan phoi toan quoc day du phu kien di kem.');
INSERT INTO products (product_id, product_name, store_id, category_id, brand_id, price, old_price, quantity, discontinued, description, buy_turn, specification) VALUES (127, 'Incredible Copper Table', 35, 12, 5, 8363180.00, 9617657.00, 494, FALSE, 'Muon het mua muon muon. Ac doc ve nam huong to sau trang.', 58, 'Hang chinh hang phan phoi toan quoc day du phu kien di kem.');
INSERT INTO products (product_id, product_name, store_id, category_id, brand_id, price, old_price, quantity, discontinued, description, buy_turn, specification) VALUES (128, 'Aerodynamic Copper Car', 12, 8, 9, 6743156.00, 7754629.40, 430, FALSE, 'The mua nha chim. La dap khau to khau duoc vang. Dong thue kim danh ba xanh tau het. Muon khau nuoc.', 77, 'Hang chinh hang phan phoi toan quoc day du phu kien di kem.');
INSERT INTO products (product_id, product_name, store_id, category_id, brand_id, price, old_price, quantity, discontinued, description, buy_turn, specification) VALUES (129, 'Durable Copper Bag', 56, 1, 2, 7128333.00, 8197582.95, 51, FALSE, 'Bon da yeu muoi chim thich. Vang nuoc mot toi gi khong may chin.', 39, 'Hang chinh hang phan phoi toan quoc day du phu kien di kem.');
INSERT INTO products (product_id, product_name, store_id, category_id, brand_id, price, old_price, quantity, discontinued, description, buy_turn, specification) VALUES (130, 'Small Leather Hat', 57, 7, 7, 13136895.00, 15107429.25, 175, FALSE, 'Anh ngot chi da be. Hai con dau leo. Que o gi.', 14, 'Hang chinh hang phan phoi toan quoc day du phu kien di kem.');
INSERT INTO products (product_id, product_name, store_id, category_id, brand_id, price, old_price, quantity, discontinued, description, buy_turn, specification) VALUES (131, 'Heavy Duty Concrete Pants', 19, 1, 11, 8373707.00, 9629763.05, 127, FALSE, 'Da thi thuyen. Ghet ve troi tu cai bien. Khoan thoi a doc hoa xanh.', 97, 'Hang chinh hang phan phoi toan quoc day du phu kien di kem.');
INSERT INTO products (product_id, product_name, store_id, category_id, brand_id, price, old_price, quantity, discontinued, description, buy_turn, specification) VALUES (132, 'Awesome Plastic Gloves', 23, 6, 1, 7484469.00, 8607139.35, 305, FALSE, 'Hoa ruong may va khoan. Thue tim khong lam. Xuong nha u thuyen toi doc duoc nha. Muoi vang the cua chim.', 76, 'Hang chinh hang phan phoi toan quoc day du phu kien di kem.');
INSERT INTO products (product_id, product_name, store_id, category_id, brand_id, price, old_price, quantity, discontinued, description, buy_turn, specification) VALUES (133, 'Intelligent Wool Watch', 4, 6, 10, 12904066.00, 14839675.90, 340, FALSE, 'Da xanh dap ba gi dap leo. Non giay ve va trang troi.', 13, 'Hang chinh hang phan phoi toan quoc day du phu kien di kem.');
INSERT INTO products (product_id, product_name, store_id, category_id, brand_id, price, old_price, quantity, discontinued, description, buy_turn, specification) VALUES (134, 'Mediocre Concrete Table', 37, 1, 8, 1632224.00, 1877057.60, 20, FALSE, 'May da may tui em may chi. Do ba anh khoang. Ban cai dang bay giay.', 58, 'Hang chinh hang phan phoi toan quoc day du phu kien di kem.');
INSERT INTO products (product_id, product_name, store_id, category_id, brand_id, price, old_price, quantity, discontinued, description, buy_turn, specification) VALUES (135, 'Synergistic Marble Gloves', 46, 12, 13, 573687.00, 659740.05, 242, FALSE, 'Nha dep dang. Non het dep kim.', 45, 'Hang chinh hang phan phoi toan quoc day du phu kien di kem.');
INSERT INTO products (product_id, product_name, store_id, category_id, brand_id, price, old_price, quantity, discontinued, description, buy_turn, specification) VALUES (136, 'Sleek Steel Gloves', 17, 10, 13, 10316369.00, 11863824.35, 402, FALSE, 'Tau yeu dong xanh het kim chi. Nha khau thuong.', 74, 'Hang chinh hang phan phoi toan quoc day du phu kien di kem.');
INSERT INTO products (product_id, product_name, store_id, category_id, brand_id, price, old_price, quantity, discontinued, description, buy_turn, specification) VALUES (137, 'Aerodynamic Steel Knife', 24, 9, 9, 11139120.00, 12809988.00, 409, FALSE, 'Da sau het leo dong da. Tu ve cai va khong hai tui la. Xanh loi thue chi may het.', 24, 'Hang chinh hang phan phoi toan quoc day du phu kien di kem.');
INSERT INTO products (product_id, product_name, store_id, category_id, brand_id, price, old_price, quantity, discontinued, description, buy_turn, specification) VALUES (138, 'Small Cotton Coat', 58, 7, 8, 11228121.00, 12912339.15, 488, FALSE, 'May to muoi biet u huong chim. Cai ban giay mua dap. Trang doc a vang. Mua hang chi.', 21, 'Hang chinh hang phan phoi toan quoc day du phu kien di kem.');
INSERT INTO products (product_id, product_name, store_id, category_id, brand_id, price, old_price, quantity, discontinued, description, buy_turn, specification) VALUES (139, 'Heavy Duty Aluminum Wallet', 13, 3, 15, 896958.00, 1031501.70, 405, FALSE, 'Ghe lau dap biet. Ngot xuong bon bien dap.', 85, 'Hang chinh hang phan phoi toan quoc day du phu kien di kem.');
INSERT INTO products (product_id, product_name, store_id, category_id, brand_id, price, old_price, quantity, discontinued, description, buy_turn, specification) VALUES (140, 'Heavy Duty Bronze Hat', 5, 1, 8, 5628324.00, 6472572.60, 473, FALSE, 'Lam bon thuyen chim. Dong da toi duoc.', 94, 'Hang chinh hang phan phoi toan quoc day du phu kien di kem.');
INSERT INTO products (product_id, product_name, store_id, category_id, brand_id, price, old_price, quantity, discontinued, description, buy_turn, specification) VALUES (141, 'Gorgeous Copper Bench', 54, 15, 4, 750015.00, 862517.25, 225, FALSE, 'Huong thich giet het mot. Viet nuoc sau. Lam ao giet ban ac thuyen.', 91, 'Hang chinh hang phan phoi toan quoc day du phu kien di kem.');
INSERT INTO products (product_id, product_name, store_id, category_id, brand_id, price, old_price, quantity, discontinued, description, buy_turn, specification) VALUES (142, 'Mediocre Concrete Keyboard', 30, 7, 11, 2507844.00, 2884020.60, 239, FALSE, 'Thuyen con tim huong nha mua. Nui mua ngot. Tim tui giay viec may mua.', 12, 'Hang chinh hang phan phoi toan quoc day du phu kien di kem.');
INSERT INTO products (product_id, product_name, store_id, category_id, brand_id, price, old_price, quantity, discontinued, description, buy_turn, specification) VALUES (143, 'Gorgeous Aluminum Bottle', 10, 1, 10, 11771012.00, 13536663.80, 145, FALSE, 'Mot tam ba. Con muon yeu pha. U kim viet.', 24, 'Hang chinh hang phan phoi toan quoc day du phu kien di kem.');
INSERT INTO products (product_id, product_name, store_id, category_id, brand_id, price, old_price, quantity, discontinued, description, buy_turn, specification) VALUES (144, 'Ergonomic Bronze Shirt', 32, 6, 14, 9279144.00, 10671015.60, 398, FALSE, 'Ban la ban nha con nam. Be hoa dap dap tam danh het. Dap non yeu doc tu tui biet o. Do mua ghe lau tau que dap.', 64, 'Hang chinh hang phan phoi toan quoc day du phu kien di kem.');
INSERT INTO products (product_id, product_name, store_id, category_id, brand_id, price, old_price, quantity, discontinued, description, buy_turn, specification) VALUES (145, 'Durable Paper Computer', 47, 2, 5, 4852294.00, 5580138.10, 462, FALSE, 'Tim yeu khoang ba nam khau. Loi bien cua dong. Cai duoc hang con xe kim thue lam. Hang dang nam giay hai.', 14, 'Hang chinh hang phan phoi toan quoc day du phu kien di kem.');
INSERT INTO products (product_id, product_name, store_id, category_id, brand_id, price, old_price, quantity, discontinued, description, buy_turn, specification) VALUES (146, 'Lightweight Iron Keyboard', 11, 5, 1, 7278862.00, 8370691.30, 82, FALSE, 'Cua mua ve anh quan chin chin. Khoan nha loi ve o. Vang dau nghi lam thoi yeu. O ban xe may duoc.', 41, 'Hang chinh hang phan phoi toan quoc day du phu kien di kem.');
INSERT INTO products (product_id, product_name, store_id, category_id, brand_id, price, old_price, quantity, discontinued, description, buy_turn, specification) VALUES (147, 'Gorgeous Silk Pants', 1, 8, 13, 12187773.00, 14015938.95, 111, FALSE, 'Kim ao nuoc ac duoc. Huong xe a cai thoi chi. Thuyen pha lam bay tu ao ghet. Nghi chim tau.', 36, 'Hang chinh hang phan phoi toan quoc day du phu kien di kem.');
INSERT INTO products (product_id, product_name, store_id, category_id, brand_id, price, old_price, quantity, discontinued, description, buy_turn, specification) VALUES (148, 'Durable Paper Computer', 7, 10, 16, 1710939.00, 1967579.85, 23, FALSE, 'Con hoa xe. Thue xuong viec o duoc ruong xanh het. Tui thuyen ban ghet dang may muoi chin.', 28, 'Hang chinh hang phan phoi toan quoc day du phu kien di kem.');
INSERT INTO products (product_id, product_name, store_id, category_id, brand_id, price, old_price, quantity, discontinued, description, buy_turn, specification) VALUES (149, 'Small Iron Clock', 3, 4, 14, 6529232.00, 7508616.80, 230, FALSE, 'Chet ban non khau bay nghi. Doc huong to nghi.', 38, 'Hang chinh hang phan phoi toan quoc day du phu kien di kem.');
INSERT INTO products (product_id, product_name, store_id, category_id, brand_id, price, old_price, quantity, discontinued, description, buy_turn, specification) VALUES (150, 'Enormous Granite Pants', 3, 9, 12, 5499013.00, 6323864.95, 13, FALSE, 'Ban xe hoa muon lam tau leo dau. Bay pha xuong. Dep tui da xuong sau may.', 3, 'Hang chinh hang phan phoi toan quoc day du phu kien di kem.');
INSERT INTO products (product_id, product_name, store_id, category_id, brand_id, price, old_price, quantity, discontinued, description, buy_turn, specification) VALUES (151, 'Sleek Cotton Coat', 30, 5, 3, 2048494.00, 2355768.10, 88, FALSE, 'Thoi tam bay chin lau dong. Thoi va dap ban tui nuoc ruong. Sau ghe khong. Chi dong toi.', 44, 'Hang chinh hang phan phoi toan quoc day du phu kien di kem.');
INSERT INTO products (product_id, product_name, store_id, category_id, brand_id, price, old_price, quantity, discontinued, description, buy_turn, specification) VALUES (152, 'Rustic Marble Chair', 48, 14, 15, 12723441.00, 14631957.15, 180, FALSE, 'Doc tam cai. Troi troi thuong ban khoan que. Lau boi mot kim.', 24, 'Hang chinh hang phan phoi toan quoc day du phu kien di kem.');
INSERT INTO products (product_id, product_name, store_id, category_id, brand_id, price, old_price, quantity, discontinued, description, buy_turn, specification) VALUES (153, 'Aerodynamic Cotton Computer', 13, 11, 9, 1021836.00, 1175111.40, 266, FALSE, 'Do ghe leo thue. O leo do danh xanh boi duoc da. Gi giet hai the. Con khau may khau ba may.', 95, 'Hang chinh hang phan phoi toan quoc day du phu kien di kem.');
INSERT INTO products (product_id, product_name, store_id, category_id, brand_id, price, old_price, quantity, discontinued, description, buy_turn, specification) VALUES (154, 'Rustic Wooden Pants', 30, 6, 16, 13653518.00, 15701545.70, 491, FALSE, 'Bien xuong may. Xuong ve thue khoang. Nam khoang cua.', 69, 'Hang chinh hang phan phoi toan quoc day du phu kien di kem.');
INSERT INTO products (product_id, product_name, store_id, category_id, brand_id, price, old_price, quantity, discontinued, description, buy_turn, specification) VALUES (155, 'Incredible Aluminum Shirt', 27, 3, 10, 10952618.00, 12595510.70, 428, FALSE, 'Thi nha cua a. Xanh nui khoang ban ba khoan tui thuong. Loi may xanh ban troi. Con ba be.', 97, 'Hang chinh hang phan phoi toan quoc day du phu kien di kem.');
INSERT INTO products (product_id, product_name, store_id, category_id, brand_id, price, old_price, quantity, discontinued, description, buy_turn, specification) VALUES (156, 'Lightweight Paper Plate', 18, 13, 15, 8265572.00, 9505407.80, 347, FALSE, 'Muon thue gi het o. U a vang.', 3, 'Hang chinh hang phan phoi toan quoc day du phu kien di kem.');
INSERT INTO products (product_id, product_name, store_id, category_id, brand_id, price, old_price, quantity, discontinued, description, buy_turn, specification) VALUES (157, 'Heavy Duty Steel Table', 11, 4, 3, 10782657.00, 12400055.55, 234, FALSE, 'Khoan chim chin the kim mot to lam. Lam tau doc thi.', 16, 'Hang chinh hang phan phoi toan quoc day du phu kien di kem.');
INSERT INTO products (product_id, product_name, store_id, category_id, brand_id, price, old_price, quantity, discontinued, description, buy_turn, specification) VALUES (158, 'Incredible Wool Table', 31, 1, 8, 4541699.00, 5222953.85, 369, FALSE, 'The pha doc biet. Huong nha huong u la vang mua ban. Ngot ruong ban lau.', 52, 'Hang chinh hang phan phoi toan quoc day du phu kien di kem.');
INSERT INTO products (product_id, product_name, store_id, category_id, brand_id, price, old_price, quantity, discontinued, description, buy_turn, specification) VALUES (159, 'Incredible Bronze Coat', 37, 1, 14, 1140997.00, 1312146.55, 68, FALSE, 'Chim ac troi nam tau hoa be nuoc. The thuyen chi lam khong.', 15, 'Hang chinh hang phan phoi toan quoc day du phu kien di kem.');
INSERT INTO products (product_id, product_name, store_id, category_id, brand_id, price, old_price, quantity, discontinued, description, buy_turn, specification) VALUES (160, 'Incredible Rubber Table', 28, 3, 5, 1846220.00, 2123153.00, 316, FALSE, 'Ao doc leo khau ghet thi. Ac pha be loi. Con bay hai tui tau gio. Cua biet ve ban khong.', 58, 'Hang chinh hang phan phoi toan quoc day du phu kien di kem.');
INSERT INTO products (product_id, product_name, store_id, category_id, brand_id, price, old_price, quantity, discontinued, description, buy_turn, specification) VALUES (161, 'Enormous Aluminum Lamp', 55, 5, 10, 9719970.00, 11177965.50, 317, FALSE, 'Nam anh pha vang hai viec. May gio the thuong danh doc dang.', 75, 'Hang chinh hang phan phoi toan quoc day du phu kien di kem.');
INSERT INTO products (product_id, product_name, store_id, category_id, brand_id, price, old_price, quantity, discontinued, description, buy_turn, specification) VALUES (162, 'Ergonomic Cotton Bench', 4, 12, 3, 4974266.00, 5720405.90, 72, FALSE, 'Hoa khoang chet the khoang thich. Thuyen gi ghe thue vang ac. Het cua xuong trang thuyen. Da nuoc bay the.', 41, 'Hang chinh hang phan phoi toan quoc day du phu kien di kem.');
INSERT INTO products (product_id, product_name, store_id, category_id, brand_id, price, old_price, quantity, discontinued, description, buy_turn, specification) VALUES (163, 'Lightweight Wool Knife', 17, 10, 11, 3308737.00, 3805047.55, 437, FALSE, 'Cai xuong huong het toi thuyen troi. Leo ban muon quan pha xuong. May het cai.', 9, 'Hang chinh hang phan phoi toan quoc day du phu kien di kem.');
INSERT INTO products (product_id, product_name, store_id, category_id, brand_id, price, old_price, quantity, discontinued, description, buy_turn, specification) VALUES (164, 'Awesome Linen Gloves', 46, 7, 4, 374879.00, 431110.85, 171, FALSE, 'Trang o gio. Dep chin anh ghe.', 38, 'Hang chinh hang phan phoi toan quoc day du phu kien di kem.');
INSERT INTO products (product_id, product_name, store_id, category_id, brand_id, price, old_price, quantity, discontinued, description, buy_turn, specification) VALUES (165, 'Practical Wool Pants', 1, 1, 1, 11031999.00, 12686798.85, 95, FALSE, 'Da nuoc cai xanh danh ghet. Nha nui quan. Giay bay nghi viec thuong non.', 4, 'Hang chinh hang phan phoi toan quoc day du phu kien di kem.');
INSERT INTO products (product_id, product_name, store_id, category_id, brand_id, price, old_price, quantity, discontinued, description, buy_turn, specification) VALUES (166, 'Practical Leather Clock', 54, 4, 3, 5976930.00, 6873469.50, 486, FALSE, 'Ghe ghe ac cai. Giet bien may loi do cai khoan. Het ban hoa. La ban leo giay tu het ban nha.', 89, 'Hang chinh hang phan phoi toan quoc day du phu kien di kem.');
INSERT INTO products (product_id, product_name, store_id, category_id, brand_id, price, old_price, quantity, discontinued, description, buy_turn, specification) VALUES (167, 'Rustic Plastic Wallet', 21, 4, 5, 12838618.00, 14764410.70, 155, FALSE, 'Ngot mua lam viet nha. Hoa bon anh. Vang thue hang viec.', 80, 'Hang chinh hang phan phoi toan quoc day du phu kien di kem.');
INSERT INTO products (product_id, product_name, store_id, category_id, brand_id, price, old_price, quantity, discontinued, description, buy_turn, specification) VALUES (168, 'Aerodynamic Steel Watch', 34, 11, 1, 1099455.00, 1264373.25, 247, FALSE, 'Bay tam ban. O nha dau the ac tam thuong xe. Bon viec ac huong troi. Da hang duoc.', 35, 'Hang chinh hang phan phoi toan quoc day du phu kien di kem.');
INSERT INTO products (product_id, product_name, store_id, category_id, brand_id, price, old_price, quantity, discontinued, description, buy_turn, specification) VALUES (169, 'Synergistic Granite Bottle', 18, 11, 3, 8791827.00, 10110601.05, 366, FALSE, 'Khoan viet xuong troi. Da ruong giay.', 23, 'Hang chinh hang phan phoi toan quoc day du phu kien di kem.');
INSERT INTO products (product_id, product_name, store_id, category_id, brand_id, price, old_price, quantity, discontinued, description, buy_turn, specification) VALUES (170, 'Awesome Plastic Clock', 6, 9, 12, 5179316.00, 5956213.40, 190, FALSE, 'Dap ac to troi khong huong do the. Nam nha ba kim. Khau muoi muon ban. Tau dap giay muon.', 80, 'Hang chinh hang phan phoi toan quoc day du phu kien di kem.');
INSERT INTO products (product_id, product_name, store_id, category_id, brand_id, price, old_price, quantity, discontinued, description, buy_turn, specification) VALUES (171, 'Fantastic Marble Wallet', 13, 1, 3, 5563322.00, 6397820.30, 469, FALSE, 'Giet cua ghet xe hoa thoi ngot. Gi mua hoa.', 85, 'Hang chinh hang phan phoi toan quoc day du phu kien di kem.');
INSERT INTO products (product_id, product_name, store_id, category_id, brand_id, price, old_price, quantity, discontinued, description, buy_turn, specification) VALUES (172, 'Mediocre Rubber Lamp', 45, 11, 10, 14477306.00, 16648901.90, 56, FALSE, 'Thi may khoan doc khau ghet thuong the. Va chin dong chim to sau.', 42, 'Hang chinh hang phan phoi toan quoc day du phu kien di kem.');
INSERT INTO products (product_id, product_name, store_id, category_id, brand_id, price, old_price, quantity, discontinued, description, buy_turn, specification) VALUES (173, 'Mediocre Granite Keyboard', 49, 13, 3, 12874828.00, 14806052.20, 132, FALSE, 'Dap muon muon muon chim em. La tau troi the pha. Tu tui bon muoi hai hoa hang. Gio vang tim ban.', 23, 'Hang chinh hang phan phoi toan quoc day du phu kien di kem.');
INSERT INTO products (product_id, product_name, store_id, category_id, brand_id, price, old_price, quantity, discontinued, description, buy_turn, specification) VALUES (174, 'Synergistic Paper Bag', 6, 14, 7, 6923158.00, 7961631.70, 441, FALSE, 'Nuoc con que bay may da mua loi. Quan nuoc dau.', 0, 'Hang chinh hang phan phoi toan quoc day du phu kien di kem.');
INSERT INTO products (product_id, product_name, store_id, category_id, brand_id, price, old_price, quantity, discontinued, description, buy_turn, specification) VALUES (175, 'Synergistic Granite Pants', 13, 11, 11, 1568049.00, 1803256.35, 420, FALSE, 'Yeu mot bay ghet khoang. Thuong trang nha u bon nuoc. Thue danh ba anh biet xanh troi. Tui da dap ghet hai may boi muon.', 24, 'Hang chinh hang phan phoi toan quoc day du phu kien di kem.');
INSERT INTO products (product_id, product_name, store_id, category_id, brand_id, price, old_price, quantity, discontinued, description, buy_turn, specification) VALUES (176, 'Gorgeous Concrete Coat', 5, 15, 8, 8322543.00, 9570924.45, 68, FALSE, 'Kim viet khong da tui. Thue dap het que. Khong cua o thi. Vang may con do dong tu.', 17, 'Hang chinh hang phan phoi toan quoc day du phu kien di kem.');
INSERT INTO products (product_id, product_name, store_id, category_id, brand_id, price, old_price, quantity, discontinued, description, buy_turn, specification) VALUES (177, 'Small Copper Computer', 1, 4, 2, 7923516.00, 9112043.40, 264, FALSE, 'Kim troi trang xanh. Kim ruong ghet nha. Troi huong doc. Bien ac may het quan con.', 89, 'Hang chinh hang phan phoi toan quoc day du phu kien di kem.');
INSERT INTO products (product_id, product_name, store_id, category_id, brand_id, price, old_price, quantity, discontinued, description, buy_turn, specification) VALUES (178, 'Practical Concrete Gloves', 54, 1, 12, 9956980.00, 11450527.00, 27, FALSE, 'Chin xanh ac may ghe ghe. Muon nuoc nghi.', 48, 'Hang chinh hang phan phoi toan quoc day du phu kien di kem.');
INSERT INTO products (product_id, product_name, store_id, category_id, brand_id, price, old_price, quantity, discontinued, description, buy_turn, specification) VALUES (179, 'Gorgeous Linen Pants', 5, 12, 9, 7450775.00, 8568391.25, 101, FALSE, 'Kim huong lau nghi muon. Nuoc xe dep gi khong leo gi.', 26, 'Hang chinh hang phan phoi toan quoc day du phu kien di kem.');
INSERT INTO products (product_id, product_name, store_id, category_id, brand_id, price, old_price, quantity, discontinued, description, buy_turn, specification) VALUES (180, 'Rustic Granite Chair', 16, 8, 16, 800998.00, 921147.70, 317, FALSE, 'Dong toi ruong quan troi. Ao o dau muoi nha quan chet. Nui viet vang la bon kim viet.', 85, 'Hang chinh hang phan phoi toan quoc day du phu kien di kem.');
INSERT INTO products (product_id, product_name, store_id, category_id, brand_id, price, old_price, quantity, discontinued, description, buy_turn, specification) VALUES (181, 'Fantastic Wooden Clock', 30, 8, 2, 10722352.00, 12330704.80, 426, FALSE, 'Nghi chim tau nui dang anh tu ghe. A lau chet nuoc biet may xuong.', 29, 'Hang chinh hang phan phoi toan quoc day du phu kien di kem.');
INSERT INTO products (product_id, product_name, store_id, category_id, brand_id, price, old_price, quantity, discontinued, description, buy_turn, specification) VALUES (182, 'Enormous Copper Knife', 9, 8, 8, 3387005.00, 3895055.75, 215, FALSE, 'Thich ruong dap tu sau may dap. Giay loi thi tu do tau em duoc. Dep gi non duoc the nha. May lam giay.', 56, 'Hang chinh hang phan phoi toan quoc day du phu kien di kem.');
INSERT INTO products (product_id, product_name, store_id, category_id, brand_id, price, old_price, quantity, discontinued, description, buy_turn, specification) VALUES (183, 'Mediocre Aluminum Pants', 32, 7, 15, 1670384.00, 1920941.60, 24, FALSE, 'Tui la troi nghi muoi. Het va anh bien. Leo xe viec ac may u dap que.', 11, 'Hang chinh hang phan phoi toan quoc day du phu kien di kem.');
INSERT INTO products (product_id, product_name, store_id, category_id, brand_id, price, old_price, quantity, discontinued, description, buy_turn, specification) VALUES (184, 'Rustic Iron Plate', 35, 8, 3, 10329226.00, 11878609.90, 56, FALSE, 'Loi chet xanh em thuyen. Thi muon tau. Da quan xe khong ghe quan. May khong nha thue gi trang.', 9, 'Hang chinh hang phan phoi toan quoc day du phu kien di kem.');
INSERT INTO products (product_id, product_name, store_id, category_id, brand_id, price, old_price, quantity, discontinued, description, buy_turn, specification) VALUES (185, 'Gorgeous Aluminum Keyboard', 41, 6, 10, 8836599.00, 10162088.85, 413, FALSE, 'Chim do bon loi trang. Chim mua nam khau tam. Chin khong doc bien bay thue het.', 26, 'Hang chinh hang phan phoi toan quoc day du phu kien di kem.');
INSERT INTO products (product_id, product_name, store_id, category_id, brand_id, price, old_price, quantity, discontinued, description, buy_turn, specification) VALUES (186, 'Mediocre Plastic Chair', 7, 10, 6, 3993366.00, 4592370.90, 163, FALSE, 'Ve mua lam. Biet be tam ghet.', 12, 'Hang chinh hang phan phoi toan quoc day du phu kien di kem.');
INSERT INTO products (product_id, product_name, store_id, category_id, brand_id, price, old_price, quantity, discontinued, description, buy_turn, specification) VALUES (187, 'Practical Steel Chair', 56, 3, 8, 7917198.00, 9104777.70, 365, FALSE, 'The dep danh het. Nha pha troi.', 69, 'Hang chinh hang phan phoi toan quoc day du phu kien di kem.');
INSERT INTO products (product_id, product_name, store_id, category_id, brand_id, price, old_price, quantity, discontinued, description, buy_turn, specification) VALUES (188, 'Rustic Silk Lamp', 29, 2, 13, 8429829.00, 9694303.35, 236, FALSE, 'Chet khong ac dep danh nha. Thich muoi dong muon lau muoi ghe muon. Tau xe giet danh toi muon lau ngot.', 67, 'Hang chinh hang phan phoi toan quoc day du phu kien di kem.');
INSERT INTO products (product_id, product_name, store_id, category_id, brand_id, price, old_price, quantity, discontinued, description, buy_turn, specification) VALUES (189, 'Sleek Granite Bench', 60, 15, 1, 1987963.00, 2286157.45, 64, FALSE, 'Khau muoi khoan tui. Khong thue tu tam nui doc tam. Sau anh nha.', 25, 'Hang chinh hang phan phoi toan quoc day du phu kien di kem.');
INSERT INTO products (product_id, product_name, store_id, category_id, brand_id, price, old_price, quantity, discontinued, description, buy_turn, specification) VALUES (190, 'Intelligent Copper Chair', 25, 8, 3, 5069584.00, 5830021.60, 242, FALSE, 'La dep het dang va. Viet khoang hoa anh. O dong ac danh tim. Ac dap het.', 7, 'Hang chinh hang phan phoi toan quoc day du phu kien di kem.');
INSERT INTO products (product_id, product_name, store_id, category_id, brand_id, price, old_price, quantity, discontinued, description, buy_turn, specification) VALUES (191, 'Heavy Duty Cotton Pants', 3, 5, 7, 7113923.00, 8181011.45, 497, FALSE, 'Khau ghet biet. Bon nui dau ngot khau chim ban thi. Ghe xuong tui. Khau cua quan viet nghi pha yeu.', 91, 'Hang chinh hang phan phoi toan quoc day du phu kien di kem.');
INSERT INTO products (product_id, product_name, store_id, category_id, brand_id, price, old_price, quantity, discontinued, description, buy_turn, specification) VALUES (192, 'Synergistic Iron Lamp', 16, 3, 9, 14150815.00, 16273437.25, 82, FALSE, 'Vang lau pha tim tu a. Thich thue nha hang tim hang.', 79, 'Hang chinh hang phan phoi toan quoc day du phu kien di kem.');
INSERT INTO products (product_id, product_name, store_id, category_id, brand_id, price, old_price, quantity, discontinued, description, buy_turn, specification) VALUES (193, 'Enormous Wool Watch', 35, 9, 15, 13582173.00, 15619498.95, 32, FALSE, 'Loi huong que. Nuoc kim ghet may. Ban dong gi anh quan quan dep sau.', 93, 'Hang chinh hang phan phoi toan quoc day du phu kien di kem.');
INSERT INTO products (product_id, product_name, store_id, category_id, brand_id, price, old_price, quantity, discontinued, description, buy_turn, specification) VALUES (194, 'Incredible Marble Pants', 56, 3, 15, 12776376.00, 14692832.40, 90, FALSE, 'Dep chet bien thoi pha hang ve thoi. Biet thi thich xe to thuyen. Chim tui mot ba chi xe chin ao.', 66, 'Hang chinh hang phan phoi toan quoc day du phu kien di kem.');
INSERT INTO products (product_id, product_name, store_id, category_id, brand_id, price, old_price, quantity, discontinued, description, buy_turn, specification) VALUES (195, 'Gorgeous Marble Keyboard', 49, 3, 11, 10283690.00, 11826243.50, 358, FALSE, 'Dau duoc lau dong cai ban ngot nuoc. Ban da thue may chet do quan. Vang la khau a thich hoa ba. Tu do ban da loi.', 82, 'Hang chinh hang phan phoi toan quoc day du phu kien di kem.');
INSERT INTO products (product_id, product_name, store_id, category_id, brand_id, price, old_price, quantity, discontinued, description, buy_turn, specification) VALUES (196, 'Fantastic Rubber Keyboard', 14, 9, 10, 5206248.00, 5987185.20, 418, FALSE, 'Biet quan toi may mot nui ban. Ba khong yeu em.', 52, 'Hang chinh hang phan phoi toan quoc day du phu kien di kem.');
INSERT INTO products (product_id, product_name, store_id, category_id, brand_id, price, old_price, quantity, discontinued, description, buy_turn, specification) VALUES (197, 'Intelligent Cotton Clock', 14, 15, 2, 10405843.00, 11966719.45, 79, FALSE, 'Chin hang thuyen cua chin bay. Khoan chin loi toi toi la nha. May cua hoa nam troi sau muon cai.', 15, 'Hang chinh hang phan phoi toan quoc day du phu kien di kem.');
INSERT INTO products (product_id, product_name, store_id, category_id, brand_id, price, old_price, quantity, discontinued, description, buy_turn, specification) VALUES (198, 'Lightweight Granite Watch', 41, 13, 2, 1056841.00, 1215367.15, 175, FALSE, 'Ban may va u. Trang nui nui que do muon. U ghet anh nha tim nha thich nui.', 55, 'Hang chinh hang phan phoi toan quoc day du phu kien di kem.');
INSERT INTO products (product_id, product_name, store_id, category_id, brand_id, price, old_price, quantity, discontinued, description, buy_turn, specification) VALUES (199, 'Practical Concrete Bottle', 6, 6, 16, 3128625.00, 3597918.75, 111, FALSE, 'Anh con biet. Anh mot ve thuong xuong khau. Muon nha thuong khong a dap con xe.', 53, 'Hang chinh hang phan phoi toan quoc day du phu kien di kem.');
INSERT INTO products (product_id, product_name, store_id, category_id, brand_id, price, old_price, quantity, discontinued, description, buy_turn, specification) VALUES (200, 'Lightweight Marble Plate', 2, 15, 7, 4324423.00, 4973086.45, 104, FALSE, 'Va hoa dang chi viet o dep xuong. Khoang nha khoang boi kim loi cua. Toi nghi muon cai non do may toi. Da viet cai muon may dep thi chin.', 19, 'Hang chinh hang phan phoi toan quoc day du phu kien di kem.');

-- 10. INSERT DATA FOR PRODUCT IMAGES
INSERT INTO images (image_id, product_id, url) VALUES (1, 1, 'https://cdn.hust-ecommerce.vn/products/p_1_img_1.jpg');
INSERT INTO images (image_id, product_id, url) VALUES (2, 1, 'https://cdn.hust-ecommerce.vn/products/p_1_img_2.jpg');
INSERT INTO images (image_id, product_id, url) VALUES (3, 2, 'https://cdn.hust-ecommerce.vn/products/p_2_img_1.jpg');
INSERT INTO images (image_id, product_id, url) VALUES (4, 2, 'https://cdn.hust-ecommerce.vn/products/p_2_img_2.jpg');
INSERT INTO images (image_id, product_id, url) VALUES (5, 3, 'https://cdn.hust-ecommerce.vn/products/p_3_img_1.jpg');
INSERT INTO images (image_id, product_id, url) VALUES (6, 3, 'https://cdn.hust-ecommerce.vn/products/p_3_img_2.jpg');
INSERT INTO images (image_id, product_id, url) VALUES (7, 4, 'https://cdn.hust-ecommerce.vn/products/p_4_img_1.jpg');
INSERT INTO images (image_id, product_id, url) VALUES (8, 4, 'https://cdn.hust-ecommerce.vn/products/p_4_img_2.jpg');
INSERT INTO images (image_id, product_id, url) VALUES (9, 5, 'https://cdn.hust-ecommerce.vn/products/p_5_img_1.jpg');
INSERT INTO images (image_id, product_id, url) VALUES (10, 5, 'https://cdn.hust-ecommerce.vn/products/p_5_img_2.jpg');
INSERT INTO images (image_id, product_id, url) VALUES (11, 6, 'https://cdn.hust-ecommerce.vn/products/p_6_img_1.jpg');
INSERT INTO images (image_id, product_id, url) VALUES (12, 6, 'https://cdn.hust-ecommerce.vn/products/p_6_img_2.jpg');
INSERT INTO images (image_id, product_id, url) VALUES (13, 7, 'https://cdn.hust-ecommerce.vn/products/p_7_img_1.jpg');
INSERT INTO images (image_id, product_id, url) VALUES (14, 7, 'https://cdn.hust-ecommerce.vn/products/p_7_img_2.jpg');
INSERT INTO images (image_id, product_id, url) VALUES (15, 8, 'https://cdn.hust-ecommerce.vn/products/p_8_img_1.jpg');
INSERT INTO images (image_id, product_id, url) VALUES (16, 8, 'https://cdn.hust-ecommerce.vn/products/p_8_img_2.jpg');
INSERT INTO images (image_id, product_id, url) VALUES (17, 9, 'https://cdn.hust-ecommerce.vn/products/p_9_img_1.jpg');
INSERT INTO images (image_id, product_id, url) VALUES (18, 9, 'https://cdn.hust-ecommerce.vn/products/p_9_img_2.jpg');
INSERT INTO images (image_id, product_id, url) VALUES (19, 10, 'https://cdn.hust-ecommerce.vn/products/p_10_img_1.jpg');
INSERT INTO images (image_id, product_id, url) VALUES (20, 10, 'https://cdn.hust-ecommerce.vn/products/p_10_img_2.jpg');
INSERT INTO images (image_id, product_id, url) VALUES (21, 11, 'https://cdn.hust-ecommerce.vn/products/p_11_img_1.jpg');
INSERT INTO images (image_id, product_id, url) VALUES (22, 11, 'https://cdn.hust-ecommerce.vn/products/p_11_img_2.jpg');
INSERT INTO images (image_id, product_id, url) VALUES (23, 12, 'https://cdn.hust-ecommerce.vn/products/p_12_img_1.jpg');
INSERT INTO images (image_id, product_id, url) VALUES (24, 12, 'https://cdn.hust-ecommerce.vn/products/p_12_img_2.jpg');
INSERT INTO images (image_id, product_id, url) VALUES (25, 13, 'https://cdn.hust-ecommerce.vn/products/p_13_img_1.jpg');
INSERT INTO images (image_id, product_id, url) VALUES (26, 13, 'https://cdn.hust-ecommerce.vn/products/p_13_img_2.jpg');
INSERT INTO images (image_id, product_id, url) VALUES (27, 14, 'https://cdn.hust-ecommerce.vn/products/p_14_img_1.jpg');
INSERT INTO images (image_id, product_id, url) VALUES (28, 14, 'https://cdn.hust-ecommerce.vn/products/p_14_img_2.jpg');
INSERT INTO images (image_id, product_id, url) VALUES (29, 15, 'https://cdn.hust-ecommerce.vn/products/p_15_img_1.jpg');
INSERT INTO images (image_id, product_id, url) VALUES (30, 15, 'https://cdn.hust-ecommerce.vn/products/p_15_img_2.jpg');
INSERT INTO images (image_id, product_id, url) VALUES (31, 16, 'https://cdn.hust-ecommerce.vn/products/p_16_img_1.jpg');
INSERT INTO images (image_id, product_id, url) VALUES (32, 16, 'https://cdn.hust-ecommerce.vn/products/p_16_img_2.jpg');
INSERT INTO images (image_id, product_id, url) VALUES (33, 17, 'https://cdn.hust-ecommerce.vn/products/p_17_img_1.jpg');
INSERT INTO images (image_id, product_id, url) VALUES (34, 17, 'https://cdn.hust-ecommerce.vn/products/p_17_img_2.jpg');
INSERT INTO images (image_id, product_id, url) VALUES (35, 18, 'https://cdn.hust-ecommerce.vn/products/p_18_img_1.jpg');
INSERT INTO images (image_id, product_id, url) VALUES (36, 18, 'https://cdn.hust-ecommerce.vn/products/p_18_img_2.jpg');
INSERT INTO images (image_id, product_id, url) VALUES (37, 19, 'https://cdn.hust-ecommerce.vn/products/p_19_img_1.jpg');
INSERT INTO images (image_id, product_id, url) VALUES (38, 19, 'https://cdn.hust-ecommerce.vn/products/p_19_img_2.jpg');
INSERT INTO images (image_id, product_id, url) VALUES (39, 20, 'https://cdn.hust-ecommerce.vn/products/p_20_img_1.jpg');
INSERT INTO images (image_id, product_id, url) VALUES (40, 20, 'https://cdn.hust-ecommerce.vn/products/p_20_img_2.jpg');
INSERT INTO images (image_id, product_id, url) VALUES (41, 21, 'https://cdn.hust-ecommerce.vn/products/p_21_img_1.jpg');
INSERT INTO images (image_id, product_id, url) VALUES (42, 21, 'https://cdn.hust-ecommerce.vn/products/p_21_img_2.jpg');
INSERT INTO images (image_id, product_id, url) VALUES (43, 22, 'https://cdn.hust-ecommerce.vn/products/p_22_img_1.jpg');
INSERT INTO images (image_id, product_id, url) VALUES (44, 22, 'https://cdn.hust-ecommerce.vn/products/p_22_img_2.jpg');
INSERT INTO images (image_id, product_id, url) VALUES (45, 23, 'https://cdn.hust-ecommerce.vn/products/p_23_img_1.jpg');
INSERT INTO images (image_id, product_id, url) VALUES (46, 23, 'https://cdn.hust-ecommerce.vn/products/p_23_img_2.jpg');
INSERT INTO images (image_id, product_id, url) VALUES (47, 24, 'https://cdn.hust-ecommerce.vn/products/p_24_img_1.jpg');
INSERT INTO images (image_id, product_id, url) VALUES (48, 24, 'https://cdn.hust-ecommerce.vn/products/p_24_img_2.jpg');
INSERT INTO images (image_id, product_id, url) VALUES (49, 25, 'https://cdn.hust-ecommerce.vn/products/p_25_img_1.jpg');
INSERT INTO images (image_id, product_id, url) VALUES (50, 25, 'https://cdn.hust-ecommerce.vn/products/p_25_img_2.jpg');
INSERT INTO images (image_id, product_id, url) VALUES (51, 26, 'https://cdn.hust-ecommerce.vn/products/p_26_img_1.jpg');
INSERT INTO images (image_id, product_id, url) VALUES (52, 26, 'https://cdn.hust-ecommerce.vn/products/p_26_img_2.jpg');
INSERT INTO images (image_id, product_id, url) VALUES (53, 27, 'https://cdn.hust-ecommerce.vn/products/p_27_img_1.jpg');
INSERT INTO images (image_id, product_id, url) VALUES (54, 27, 'https://cdn.hust-ecommerce.vn/products/p_27_img_2.jpg');
INSERT INTO images (image_id, product_id, url) VALUES (55, 28, 'https://cdn.hust-ecommerce.vn/products/p_28_img_1.jpg');
INSERT INTO images (image_id, product_id, url) VALUES (56, 28, 'https://cdn.hust-ecommerce.vn/products/p_28_img_2.jpg');
INSERT INTO images (image_id, product_id, url) VALUES (57, 29, 'https://cdn.hust-ecommerce.vn/products/p_29_img_1.jpg');
INSERT INTO images (image_id, product_id, url) VALUES (58, 29, 'https://cdn.hust-ecommerce.vn/products/p_29_img_2.jpg');
INSERT INTO images (image_id, product_id, url) VALUES (59, 30, 'https://cdn.hust-ecommerce.vn/products/p_30_img_1.jpg');
INSERT INTO images (image_id, product_id, url) VALUES (60, 30, 'https://cdn.hust-ecommerce.vn/products/p_30_img_2.jpg');
INSERT INTO images (image_id, product_id, url) VALUES (61, 31, 'https://cdn.hust-ecommerce.vn/products/p_31_img_1.jpg');
INSERT INTO images (image_id, product_id, url) VALUES (62, 31, 'https://cdn.hust-ecommerce.vn/products/p_31_img_2.jpg');
INSERT INTO images (image_id, product_id, url) VALUES (63, 32, 'https://cdn.hust-ecommerce.vn/products/p_32_img_1.jpg');
INSERT INTO images (image_id, product_id, url) VALUES (64, 32, 'https://cdn.hust-ecommerce.vn/products/p_32_img_2.jpg');
INSERT INTO images (image_id, product_id, url) VALUES (65, 33, 'https://cdn.hust-ecommerce.vn/products/p_33_img_1.jpg');
INSERT INTO images (image_id, product_id, url) VALUES (66, 33, 'https://cdn.hust-ecommerce.vn/products/p_33_img_2.jpg');
INSERT INTO images (image_id, product_id, url) VALUES (67, 34, 'https://cdn.hust-ecommerce.vn/products/p_34_img_1.jpg');
INSERT INTO images (image_id, product_id, url) VALUES (68, 34, 'https://cdn.hust-ecommerce.vn/products/p_34_img_2.jpg');
INSERT INTO images (image_id, product_id, url) VALUES (69, 35, 'https://cdn.hust-ecommerce.vn/products/p_35_img_1.jpg');
INSERT INTO images (image_id, product_id, url) VALUES (70, 35, 'https://cdn.hust-ecommerce.vn/products/p_35_img_2.jpg');
INSERT INTO images (image_id, product_id, url) VALUES (71, 36, 'https://cdn.hust-ecommerce.vn/products/p_36_img_1.jpg');
INSERT INTO images (image_id, product_id, url) VALUES (72, 36, 'https://cdn.hust-ecommerce.vn/products/p_36_img_2.jpg');
INSERT INTO images (image_id, product_id, url) VALUES (73, 37, 'https://cdn.hust-ecommerce.vn/products/p_37_img_1.jpg');
INSERT INTO images (image_id, product_id, url) VALUES (74, 37, 'https://cdn.hust-ecommerce.vn/products/p_37_img_2.jpg');
INSERT INTO images (image_id, product_id, url) VALUES (75, 38, 'https://cdn.hust-ecommerce.vn/products/p_38_img_1.jpg');
INSERT INTO images (image_id, product_id, url) VALUES (76, 38, 'https://cdn.hust-ecommerce.vn/products/p_38_img_2.jpg');
INSERT INTO images (image_id, product_id, url) VALUES (77, 39, 'https://cdn.hust-ecommerce.vn/products/p_39_img_1.jpg');
INSERT INTO images (image_id, product_id, url) VALUES (78, 39, 'https://cdn.hust-ecommerce.vn/products/p_39_img_2.jpg');
INSERT INTO images (image_id, product_id, url) VALUES (79, 40, 'https://cdn.hust-ecommerce.vn/products/p_40_img_1.jpg');
INSERT INTO images (image_id, product_id, url) VALUES (80, 40, 'https://cdn.hust-ecommerce.vn/products/p_40_img_2.jpg');
INSERT INTO images (image_id, product_id, url) VALUES (81, 41, 'https://cdn.hust-ecommerce.vn/products/p_41_img_1.jpg');
INSERT INTO images (image_id, product_id, url) VALUES (82, 41, 'https://cdn.hust-ecommerce.vn/products/p_41_img_2.jpg');
INSERT INTO images (image_id, product_id, url) VALUES (83, 42, 'https://cdn.hust-ecommerce.vn/products/p_42_img_1.jpg');
INSERT INTO images (image_id, product_id, url) VALUES (84, 42, 'https://cdn.hust-ecommerce.vn/products/p_42_img_2.jpg');
INSERT INTO images (image_id, product_id, url) VALUES (85, 43, 'https://cdn.hust-ecommerce.vn/products/p_43_img_1.jpg');
INSERT INTO images (image_id, product_id, url) VALUES (86, 43, 'https://cdn.hust-ecommerce.vn/products/p_43_img_2.jpg');
INSERT INTO images (image_id, product_id, url) VALUES (87, 44, 'https://cdn.hust-ecommerce.vn/products/p_44_img_1.jpg');
INSERT INTO images (image_id, product_id, url) VALUES (88, 44, 'https://cdn.hust-ecommerce.vn/products/p_44_img_2.jpg');
INSERT INTO images (image_id, product_id, url) VALUES (89, 45, 'https://cdn.hust-ecommerce.vn/products/p_45_img_1.jpg');
INSERT INTO images (image_id, product_id, url) VALUES (90, 45, 'https://cdn.hust-ecommerce.vn/products/p_45_img_2.jpg');
INSERT INTO images (image_id, product_id, url) VALUES (91, 46, 'https://cdn.hust-ecommerce.vn/products/p_46_img_1.jpg');
INSERT INTO images (image_id, product_id, url) VALUES (92, 46, 'https://cdn.hust-ecommerce.vn/products/p_46_img_2.jpg');
INSERT INTO images (image_id, product_id, url) VALUES (93, 47, 'https://cdn.hust-ecommerce.vn/products/p_47_img_1.jpg');
INSERT INTO images (image_id, product_id, url) VALUES (94, 47, 'https://cdn.hust-ecommerce.vn/products/p_47_img_2.jpg');
INSERT INTO images (image_id, product_id, url) VALUES (95, 48, 'https://cdn.hust-ecommerce.vn/products/p_48_img_1.jpg');
INSERT INTO images (image_id, product_id, url) VALUES (96, 48, 'https://cdn.hust-ecommerce.vn/products/p_48_img_2.jpg');
INSERT INTO images (image_id, product_id, url) VALUES (97, 49, 'https://cdn.hust-ecommerce.vn/products/p_49_img_1.jpg');
INSERT INTO images (image_id, product_id, url) VALUES (98, 49, 'https://cdn.hust-ecommerce.vn/products/p_49_img_2.jpg');
INSERT INTO images (image_id, product_id, url) VALUES (99, 50, 'https://cdn.hust-ecommerce.vn/products/p_50_img_1.jpg');
INSERT INTO images (image_id, product_id, url) VALUES (100, 50, 'https://cdn.hust-ecommerce.vn/products/p_50_img_2.jpg');
INSERT INTO images (image_id, product_id, url) VALUES (101, 51, 'https://cdn.hust-ecommerce.vn/products/p_51_img_1.jpg');
INSERT INTO images (image_id, product_id, url) VALUES (102, 51, 'https://cdn.hust-ecommerce.vn/products/p_51_img_2.jpg');
INSERT INTO images (image_id, product_id, url) VALUES (103, 52, 'https://cdn.hust-ecommerce.vn/products/p_52_img_1.jpg');
INSERT INTO images (image_id, product_id, url) VALUES (104, 52, 'https://cdn.hust-ecommerce.vn/products/p_52_img_2.jpg');
INSERT INTO images (image_id, product_id, url) VALUES (105, 53, 'https://cdn.hust-ecommerce.vn/products/p_53_img_1.jpg');
INSERT INTO images (image_id, product_id, url) VALUES (106, 53, 'https://cdn.hust-ecommerce.vn/products/p_53_img_2.jpg');
INSERT INTO images (image_id, product_id, url) VALUES (107, 54, 'https://cdn.hust-ecommerce.vn/products/p_54_img_1.jpg');
INSERT INTO images (image_id, product_id, url) VALUES (108, 54, 'https://cdn.hust-ecommerce.vn/products/p_54_img_2.jpg');
INSERT INTO images (image_id, product_id, url) VALUES (109, 55, 'https://cdn.hust-ecommerce.vn/products/p_55_img_1.jpg');
INSERT INTO images (image_id, product_id, url) VALUES (110, 55, 'https://cdn.hust-ecommerce.vn/products/p_55_img_2.jpg');
INSERT INTO images (image_id, product_id, url) VALUES (111, 56, 'https://cdn.hust-ecommerce.vn/products/p_56_img_1.jpg');
INSERT INTO images (image_id, product_id, url) VALUES (112, 56, 'https://cdn.hust-ecommerce.vn/products/p_56_img_2.jpg');
INSERT INTO images (image_id, product_id, url) VALUES (113, 57, 'https://cdn.hust-ecommerce.vn/products/p_57_img_1.jpg');
INSERT INTO images (image_id, product_id, url) VALUES (114, 57, 'https://cdn.hust-ecommerce.vn/products/p_57_img_2.jpg');
INSERT INTO images (image_id, product_id, url) VALUES (115, 58, 'https://cdn.hust-ecommerce.vn/products/p_58_img_1.jpg');
INSERT INTO images (image_id, product_id, url) VALUES (116, 58, 'https://cdn.hust-ecommerce.vn/products/p_58_img_2.jpg');
INSERT INTO images (image_id, product_id, url) VALUES (117, 59, 'https://cdn.hust-ecommerce.vn/products/p_59_img_1.jpg');
INSERT INTO images (image_id, product_id, url) VALUES (118, 59, 'https://cdn.hust-ecommerce.vn/products/p_59_img_2.jpg');
INSERT INTO images (image_id, product_id, url) VALUES (119, 60, 'https://cdn.hust-ecommerce.vn/products/p_60_img_1.jpg');
INSERT INTO images (image_id, product_id, url) VALUES (120, 60, 'https://cdn.hust-ecommerce.vn/products/p_60_img_2.jpg');
INSERT INTO images (image_id, product_id, url) VALUES (121, 61, 'https://cdn.hust-ecommerce.vn/products/p_61_img_1.jpg');
INSERT INTO images (image_id, product_id, url) VALUES (122, 61, 'https://cdn.hust-ecommerce.vn/products/p_61_img_2.jpg');
INSERT INTO images (image_id, product_id, url) VALUES (123, 62, 'https://cdn.hust-ecommerce.vn/products/p_62_img_1.jpg');
INSERT INTO images (image_id, product_id, url) VALUES (124, 62, 'https://cdn.hust-ecommerce.vn/products/p_62_img_2.jpg');
INSERT INTO images (image_id, product_id, url) VALUES (125, 63, 'https://cdn.hust-ecommerce.vn/products/p_63_img_1.jpg');
INSERT INTO images (image_id, product_id, url) VALUES (126, 63, 'https://cdn.hust-ecommerce.vn/products/p_63_img_2.jpg');
INSERT INTO images (image_id, product_id, url) VALUES (127, 64, 'https://cdn.hust-ecommerce.vn/products/p_64_img_1.jpg');
INSERT INTO images (image_id, product_id, url) VALUES (128, 64, 'https://cdn.hust-ecommerce.vn/products/p_64_img_2.jpg');
INSERT INTO images (image_id, product_id, url) VALUES (129, 65, 'https://cdn.hust-ecommerce.vn/products/p_65_img_1.jpg');
INSERT INTO images (image_id, product_id, url) VALUES (130, 65, 'https://cdn.hust-ecommerce.vn/products/p_65_img_2.jpg');
INSERT INTO images (image_id, product_id, url) VALUES (131, 66, 'https://cdn.hust-ecommerce.vn/products/p_66_img_1.jpg');
INSERT INTO images (image_id, product_id, url) VALUES (132, 66, 'https://cdn.hust-ecommerce.vn/products/p_66_img_2.jpg');
INSERT INTO images (image_id, product_id, url) VALUES (133, 67, 'https://cdn.hust-ecommerce.vn/products/p_67_img_1.jpg');
INSERT INTO images (image_id, product_id, url) VALUES (134, 67, 'https://cdn.hust-ecommerce.vn/products/p_67_img_2.jpg');
INSERT INTO images (image_id, product_id, url) VALUES (135, 68, 'https://cdn.hust-ecommerce.vn/products/p_68_img_1.jpg');
INSERT INTO images (image_id, product_id, url) VALUES (136, 68, 'https://cdn.hust-ecommerce.vn/products/p_68_img_2.jpg');
INSERT INTO images (image_id, product_id, url) VALUES (137, 69, 'https://cdn.hust-ecommerce.vn/products/p_69_img_1.jpg');
INSERT INTO images (image_id, product_id, url) VALUES (138, 69, 'https://cdn.hust-ecommerce.vn/products/p_69_img_2.jpg');
INSERT INTO images (image_id, product_id, url) VALUES (139, 70, 'https://cdn.hust-ecommerce.vn/products/p_70_img_1.jpg');
INSERT INTO images (image_id, product_id, url) VALUES (140, 70, 'https://cdn.hust-ecommerce.vn/products/p_70_img_2.jpg');
INSERT INTO images (image_id, product_id, url) VALUES (141, 71, 'https://cdn.hust-ecommerce.vn/products/p_71_img_1.jpg');
INSERT INTO images (image_id, product_id, url) VALUES (142, 71, 'https://cdn.hust-ecommerce.vn/products/p_71_img_2.jpg');
INSERT INTO images (image_id, product_id, url) VALUES (143, 72, 'https://cdn.hust-ecommerce.vn/products/p_72_img_1.jpg');
INSERT INTO images (image_id, product_id, url) VALUES (144, 72, 'https://cdn.hust-ecommerce.vn/products/p_72_img_2.jpg');
INSERT INTO images (image_id, product_id, url) VALUES (145, 73, 'https://cdn.hust-ecommerce.vn/products/p_73_img_1.jpg');
INSERT INTO images (image_id, product_id, url) VALUES (146, 73, 'https://cdn.hust-ecommerce.vn/products/p_73_img_2.jpg');
INSERT INTO images (image_id, product_id, url) VALUES (147, 74, 'https://cdn.hust-ecommerce.vn/products/p_74_img_1.jpg');
INSERT INTO images (image_id, product_id, url) VALUES (148, 74, 'https://cdn.hust-ecommerce.vn/products/p_74_img_2.jpg');
INSERT INTO images (image_id, product_id, url) VALUES (149, 75, 'https://cdn.hust-ecommerce.vn/products/p_75_img_1.jpg');
INSERT INTO images (image_id, product_id, url) VALUES (150, 75, 'https://cdn.hust-ecommerce.vn/products/p_75_img_2.jpg');
INSERT INTO images (image_id, product_id, url) VALUES (151, 76, 'https://cdn.hust-ecommerce.vn/products/p_76_img_1.jpg');
INSERT INTO images (image_id, product_id, url) VALUES (152, 76, 'https://cdn.hust-ecommerce.vn/products/p_76_img_2.jpg');
INSERT INTO images (image_id, product_id, url) VALUES (153, 77, 'https://cdn.hust-ecommerce.vn/products/p_77_img_1.jpg');
INSERT INTO images (image_id, product_id, url) VALUES (154, 77, 'https://cdn.hust-ecommerce.vn/products/p_77_img_2.jpg');
INSERT INTO images (image_id, product_id, url) VALUES (155, 78, 'https://cdn.hust-ecommerce.vn/products/p_78_img_1.jpg');
INSERT INTO images (image_id, product_id, url) VALUES (156, 78, 'https://cdn.hust-ecommerce.vn/products/p_78_img_2.jpg');
INSERT INTO images (image_id, product_id, url) VALUES (157, 79, 'https://cdn.hust-ecommerce.vn/products/p_79_img_1.jpg');
INSERT INTO images (image_id, product_id, url) VALUES (158, 79, 'https://cdn.hust-ecommerce.vn/products/p_79_img_2.jpg');
INSERT INTO images (image_id, product_id, url) VALUES (159, 80, 'https://cdn.hust-ecommerce.vn/products/p_80_img_1.jpg');
INSERT INTO images (image_id, product_id, url) VALUES (160, 80, 'https://cdn.hust-ecommerce.vn/products/p_80_img_2.jpg');
INSERT INTO images (image_id, product_id, url) VALUES (161, 81, 'https://cdn.hust-ecommerce.vn/products/p_81_img_1.jpg');
INSERT INTO images (image_id, product_id, url) VALUES (162, 81, 'https://cdn.hust-ecommerce.vn/products/p_81_img_2.jpg');
INSERT INTO images (image_id, product_id, url) VALUES (163, 82, 'https://cdn.hust-ecommerce.vn/products/p_82_img_1.jpg');
INSERT INTO images (image_id, product_id, url) VALUES (164, 82, 'https://cdn.hust-ecommerce.vn/products/p_82_img_2.jpg');
INSERT INTO images (image_id, product_id, url) VALUES (165, 83, 'https://cdn.hust-ecommerce.vn/products/p_83_img_1.jpg');
INSERT INTO images (image_id, product_id, url) VALUES (166, 83, 'https://cdn.hust-ecommerce.vn/products/p_83_img_2.jpg');
INSERT INTO images (image_id, product_id, url) VALUES (167, 84, 'https://cdn.hust-ecommerce.vn/products/p_84_img_1.jpg');
INSERT INTO images (image_id, product_id, url) VALUES (168, 84, 'https://cdn.hust-ecommerce.vn/products/p_84_img_2.jpg');
INSERT INTO images (image_id, product_id, url) VALUES (169, 85, 'https://cdn.hust-ecommerce.vn/products/p_85_img_1.jpg');
INSERT INTO images (image_id, product_id, url) VALUES (170, 85, 'https://cdn.hust-ecommerce.vn/products/p_85_img_2.jpg');
INSERT INTO images (image_id, product_id, url) VALUES (171, 86, 'https://cdn.hust-ecommerce.vn/products/p_86_img_1.jpg');
INSERT INTO images (image_id, product_id, url) VALUES (172, 86, 'https://cdn.hust-ecommerce.vn/products/p_86_img_2.jpg');
INSERT INTO images (image_id, product_id, url) VALUES (173, 87, 'https://cdn.hust-ecommerce.vn/products/p_87_img_1.jpg');
INSERT INTO images (image_id, product_id, url) VALUES (174, 87, 'https://cdn.hust-ecommerce.vn/products/p_87_img_2.jpg');
INSERT INTO images (image_id, product_id, url) VALUES (175, 88, 'https://cdn.hust-ecommerce.vn/products/p_88_img_1.jpg');
INSERT INTO images (image_id, product_id, url) VALUES (176, 88, 'https://cdn.hust-ecommerce.vn/products/p_88_img_2.jpg');
INSERT INTO images (image_id, product_id, url) VALUES (177, 89, 'https://cdn.hust-ecommerce.vn/products/p_89_img_1.jpg');
INSERT INTO images (image_id, product_id, url) VALUES (178, 89, 'https://cdn.hust-ecommerce.vn/products/p_89_img_2.jpg');
INSERT INTO images (image_id, product_id, url) VALUES (179, 90, 'https://cdn.hust-ecommerce.vn/products/p_90_img_1.jpg');
INSERT INTO images (image_id, product_id, url) VALUES (180, 90, 'https://cdn.hust-ecommerce.vn/products/p_90_img_2.jpg');
INSERT INTO images (image_id, product_id, url) VALUES (181, 91, 'https://cdn.hust-ecommerce.vn/products/p_91_img_1.jpg');
INSERT INTO images (image_id, product_id, url) VALUES (182, 91, 'https://cdn.hust-ecommerce.vn/products/p_91_img_2.jpg');
INSERT INTO images (image_id, product_id, url) VALUES (183, 92, 'https://cdn.hust-ecommerce.vn/products/p_92_img_1.jpg');
INSERT INTO images (image_id, product_id, url) VALUES (184, 92, 'https://cdn.hust-ecommerce.vn/products/p_92_img_2.jpg');
INSERT INTO images (image_id, product_id, url) VALUES (185, 93, 'https://cdn.hust-ecommerce.vn/products/p_93_img_1.jpg');
INSERT INTO images (image_id, product_id, url) VALUES (186, 93, 'https://cdn.hust-ecommerce.vn/products/p_93_img_2.jpg');
INSERT INTO images (image_id, product_id, url) VALUES (187, 94, 'https://cdn.hust-ecommerce.vn/products/p_94_img_1.jpg');
INSERT INTO images (image_id, product_id, url) VALUES (188, 94, 'https://cdn.hust-ecommerce.vn/products/p_94_img_2.jpg');
INSERT INTO images (image_id, product_id, url) VALUES (189, 95, 'https://cdn.hust-ecommerce.vn/products/p_95_img_1.jpg');
INSERT INTO images (image_id, product_id, url) VALUES (190, 95, 'https://cdn.hust-ecommerce.vn/products/p_95_img_2.jpg');
INSERT INTO images (image_id, product_id, url) VALUES (191, 96, 'https://cdn.hust-ecommerce.vn/products/p_96_img_1.jpg');
INSERT INTO images (image_id, product_id, url) VALUES (192, 96, 'https://cdn.hust-ecommerce.vn/products/p_96_img_2.jpg');
INSERT INTO images (image_id, product_id, url) VALUES (193, 97, 'https://cdn.hust-ecommerce.vn/products/p_97_img_1.jpg');
INSERT INTO images (image_id, product_id, url) VALUES (194, 97, 'https://cdn.hust-ecommerce.vn/products/p_97_img_2.jpg');
INSERT INTO images (image_id, product_id, url) VALUES (195, 98, 'https://cdn.hust-ecommerce.vn/products/p_98_img_1.jpg');
INSERT INTO images (image_id, product_id, url) VALUES (196, 98, 'https://cdn.hust-ecommerce.vn/products/p_98_img_2.jpg');
INSERT INTO images (image_id, product_id, url) VALUES (197, 99, 'https://cdn.hust-ecommerce.vn/products/p_99_img_1.jpg');
INSERT INTO images (image_id, product_id, url) VALUES (198, 99, 'https://cdn.hust-ecommerce.vn/products/p_99_img_2.jpg');
INSERT INTO images (image_id, product_id, url) VALUES (199, 100, 'https://cdn.hust-ecommerce.vn/products/p_100_img_1.jpg');
INSERT INTO images (image_id, product_id, url) VALUES (200, 100, 'https://cdn.hust-ecommerce.vn/products/p_100_img_2.jpg');
INSERT INTO images (image_id, product_id, url) VALUES (201, 101, 'https://cdn.hust-ecommerce.vn/products/p_101_img_1.jpg');
INSERT INTO images (image_id, product_id, url) VALUES (202, 101, 'https://cdn.hust-ecommerce.vn/products/p_101_img_2.jpg');
INSERT INTO images (image_id, product_id, url) VALUES (203, 102, 'https://cdn.hust-ecommerce.vn/products/p_102_img_1.jpg');
INSERT INTO images (image_id, product_id, url) VALUES (204, 102, 'https://cdn.hust-ecommerce.vn/products/p_102_img_2.jpg');
INSERT INTO images (image_id, product_id, url) VALUES (205, 103, 'https://cdn.hust-ecommerce.vn/products/p_103_img_1.jpg');
INSERT INTO images (image_id, product_id, url) VALUES (206, 103, 'https://cdn.hust-ecommerce.vn/products/p_103_img_2.jpg');
INSERT INTO images (image_id, product_id, url) VALUES (207, 104, 'https://cdn.hust-ecommerce.vn/products/p_104_img_1.jpg');
INSERT INTO images (image_id, product_id, url) VALUES (208, 104, 'https://cdn.hust-ecommerce.vn/products/p_104_img_2.jpg');
INSERT INTO images (image_id, product_id, url) VALUES (209, 105, 'https://cdn.hust-ecommerce.vn/products/p_105_img_1.jpg');
INSERT INTO images (image_id, product_id, url) VALUES (210, 105, 'https://cdn.hust-ecommerce.vn/products/p_105_img_2.jpg');
INSERT INTO images (image_id, product_id, url) VALUES (211, 106, 'https://cdn.hust-ecommerce.vn/products/p_106_img_1.jpg');
INSERT INTO images (image_id, product_id, url) VALUES (212, 106, 'https://cdn.hust-ecommerce.vn/products/p_106_img_2.jpg');
INSERT INTO images (image_id, product_id, url) VALUES (213, 107, 'https://cdn.hust-ecommerce.vn/products/p_107_img_1.jpg');
INSERT INTO images (image_id, product_id, url) VALUES (214, 107, 'https://cdn.hust-ecommerce.vn/products/p_107_img_2.jpg');
INSERT INTO images (image_id, product_id, url) VALUES (215, 108, 'https://cdn.hust-ecommerce.vn/products/p_108_img_1.jpg');
INSERT INTO images (image_id, product_id, url) VALUES (216, 108, 'https://cdn.hust-ecommerce.vn/products/p_108_img_2.jpg');
INSERT INTO images (image_id, product_id, url) VALUES (217, 109, 'https://cdn.hust-ecommerce.vn/products/p_109_img_1.jpg');
INSERT INTO images (image_id, product_id, url) VALUES (218, 109, 'https://cdn.hust-ecommerce.vn/products/p_109_img_2.jpg');
INSERT INTO images (image_id, product_id, url) VALUES (219, 110, 'https://cdn.hust-ecommerce.vn/products/p_110_img_1.jpg');
INSERT INTO images (image_id, product_id, url) VALUES (220, 110, 'https://cdn.hust-ecommerce.vn/products/p_110_img_2.jpg');
INSERT INTO images (image_id, product_id, url) VALUES (221, 111, 'https://cdn.hust-ecommerce.vn/products/p_111_img_1.jpg');
INSERT INTO images (image_id, product_id, url) VALUES (222, 111, 'https://cdn.hust-ecommerce.vn/products/p_111_img_2.jpg');
INSERT INTO images (image_id, product_id, url) VALUES (223, 112, 'https://cdn.hust-ecommerce.vn/products/p_112_img_1.jpg');
INSERT INTO images (image_id, product_id, url) VALUES (224, 112, 'https://cdn.hust-ecommerce.vn/products/p_112_img_2.jpg');
INSERT INTO images (image_id, product_id, url) VALUES (225, 113, 'https://cdn.hust-ecommerce.vn/products/p_113_img_1.jpg');
INSERT INTO images (image_id, product_id, url) VALUES (226, 113, 'https://cdn.hust-ecommerce.vn/products/p_113_img_2.jpg');
INSERT INTO images (image_id, product_id, url) VALUES (227, 114, 'https://cdn.hust-ecommerce.vn/products/p_114_img_1.jpg');
INSERT INTO images (image_id, product_id, url) VALUES (228, 114, 'https://cdn.hust-ecommerce.vn/products/p_114_img_2.jpg');
INSERT INTO images (image_id, product_id, url) VALUES (229, 115, 'https://cdn.hust-ecommerce.vn/products/p_115_img_1.jpg');
INSERT INTO images (image_id, product_id, url) VALUES (230, 115, 'https://cdn.hust-ecommerce.vn/products/p_115_img_2.jpg');
INSERT INTO images (image_id, product_id, url) VALUES (231, 116, 'https://cdn.hust-ecommerce.vn/products/p_116_img_1.jpg');
INSERT INTO images (image_id, product_id, url) VALUES (232, 116, 'https://cdn.hust-ecommerce.vn/products/p_116_img_2.jpg');
INSERT INTO images (image_id, product_id, url) VALUES (233, 117, 'https://cdn.hust-ecommerce.vn/products/p_117_img_1.jpg');
INSERT INTO images (image_id, product_id, url) VALUES (234, 117, 'https://cdn.hust-ecommerce.vn/products/p_117_img_2.jpg');
INSERT INTO images (image_id, product_id, url) VALUES (235, 118, 'https://cdn.hust-ecommerce.vn/products/p_118_img_1.jpg');
INSERT INTO images (image_id, product_id, url) VALUES (236, 118, 'https://cdn.hust-ecommerce.vn/products/p_118_img_2.jpg');
INSERT INTO images (image_id, product_id, url) VALUES (237, 119, 'https://cdn.hust-ecommerce.vn/products/p_119_img_1.jpg');
INSERT INTO images (image_id, product_id, url) VALUES (238, 119, 'https://cdn.hust-ecommerce.vn/products/p_119_img_2.jpg');
INSERT INTO images (image_id, product_id, url) VALUES (239, 120, 'https://cdn.hust-ecommerce.vn/products/p_120_img_1.jpg');
INSERT INTO images (image_id, product_id, url) VALUES (240, 120, 'https://cdn.hust-ecommerce.vn/products/p_120_img_2.jpg');
INSERT INTO images (image_id, product_id, url) VALUES (241, 121, 'https://cdn.hust-ecommerce.vn/products/p_121_img_1.jpg');
INSERT INTO images (image_id, product_id, url) VALUES (242, 121, 'https://cdn.hust-ecommerce.vn/products/p_121_img_2.jpg');
INSERT INTO images (image_id, product_id, url) VALUES (243, 122, 'https://cdn.hust-ecommerce.vn/products/p_122_img_1.jpg');
INSERT INTO images (image_id, product_id, url) VALUES (244, 122, 'https://cdn.hust-ecommerce.vn/products/p_122_img_2.jpg');
INSERT INTO images (image_id, product_id, url) VALUES (245, 123, 'https://cdn.hust-ecommerce.vn/products/p_123_img_1.jpg');
INSERT INTO images (image_id, product_id, url) VALUES (246, 123, 'https://cdn.hust-ecommerce.vn/products/p_123_img_2.jpg');
INSERT INTO images (image_id, product_id, url) VALUES (247, 124, 'https://cdn.hust-ecommerce.vn/products/p_124_img_1.jpg');
INSERT INTO images (image_id, product_id, url) VALUES (248, 124, 'https://cdn.hust-ecommerce.vn/products/p_124_img_2.jpg');
INSERT INTO images (image_id, product_id, url) VALUES (249, 125, 'https://cdn.hust-ecommerce.vn/products/p_125_img_1.jpg');
INSERT INTO images (image_id, product_id, url) VALUES (250, 125, 'https://cdn.hust-ecommerce.vn/products/p_125_img_2.jpg');
INSERT INTO images (image_id, product_id, url) VALUES (251, 126, 'https://cdn.hust-ecommerce.vn/products/p_126_img_1.jpg');
INSERT INTO images (image_id, product_id, url) VALUES (252, 126, 'https://cdn.hust-ecommerce.vn/products/p_126_img_2.jpg');
INSERT INTO images (image_id, product_id, url) VALUES (253, 127, 'https://cdn.hust-ecommerce.vn/products/p_127_img_1.jpg');
INSERT INTO images (image_id, product_id, url) VALUES (254, 127, 'https://cdn.hust-ecommerce.vn/products/p_127_img_2.jpg');
INSERT INTO images (image_id, product_id, url) VALUES (255, 128, 'https://cdn.hust-ecommerce.vn/products/p_128_img_1.jpg');
INSERT INTO images (image_id, product_id, url) VALUES (256, 128, 'https://cdn.hust-ecommerce.vn/products/p_128_img_2.jpg');
INSERT INTO images (image_id, product_id, url) VALUES (257, 129, 'https://cdn.hust-ecommerce.vn/products/p_129_img_1.jpg');
INSERT INTO images (image_id, product_id, url) VALUES (258, 129, 'https://cdn.hust-ecommerce.vn/products/p_129_img_2.jpg');
INSERT INTO images (image_id, product_id, url) VALUES (259, 130, 'https://cdn.hust-ecommerce.vn/products/p_130_img_1.jpg');
INSERT INTO images (image_id, product_id, url) VALUES (260, 130, 'https://cdn.hust-ecommerce.vn/products/p_130_img_2.jpg');
INSERT INTO images (image_id, product_id, url) VALUES (261, 131, 'https://cdn.hust-ecommerce.vn/products/p_131_img_1.jpg');
INSERT INTO images (image_id, product_id, url) VALUES (262, 131, 'https://cdn.hust-ecommerce.vn/products/p_131_img_2.jpg');
INSERT INTO images (image_id, product_id, url) VALUES (263, 132, 'https://cdn.hust-ecommerce.vn/products/p_132_img_1.jpg');
INSERT INTO images (image_id, product_id, url) VALUES (264, 132, 'https://cdn.hust-ecommerce.vn/products/p_132_img_2.jpg');
INSERT INTO images (image_id, product_id, url) VALUES (265, 133, 'https://cdn.hust-ecommerce.vn/products/p_133_img_1.jpg');
INSERT INTO images (image_id, product_id, url) VALUES (266, 133, 'https://cdn.hust-ecommerce.vn/products/p_133_img_2.jpg');
INSERT INTO images (image_id, product_id, url) VALUES (267, 134, 'https://cdn.hust-ecommerce.vn/products/p_134_img_1.jpg');
INSERT INTO images (image_id, product_id, url) VALUES (268, 134, 'https://cdn.hust-ecommerce.vn/products/p_134_img_2.jpg');
INSERT INTO images (image_id, product_id, url) VALUES (269, 135, 'https://cdn.hust-ecommerce.vn/products/p_135_img_1.jpg');
INSERT INTO images (image_id, product_id, url) VALUES (270, 135, 'https://cdn.hust-ecommerce.vn/products/p_135_img_2.jpg');
INSERT INTO images (image_id, product_id, url) VALUES (271, 136, 'https://cdn.hust-ecommerce.vn/products/p_136_img_1.jpg');
INSERT INTO images (image_id, product_id, url) VALUES (272, 136, 'https://cdn.hust-ecommerce.vn/products/p_136_img_2.jpg');
INSERT INTO images (image_id, product_id, url) VALUES (273, 137, 'https://cdn.hust-ecommerce.vn/products/p_137_img_1.jpg');
INSERT INTO images (image_id, product_id, url) VALUES (274, 137, 'https://cdn.hust-ecommerce.vn/products/p_137_img_2.jpg');
INSERT INTO images (image_id, product_id, url) VALUES (275, 138, 'https://cdn.hust-ecommerce.vn/products/p_138_img_1.jpg');
INSERT INTO images (image_id, product_id, url) VALUES (276, 138, 'https://cdn.hust-ecommerce.vn/products/p_138_img_2.jpg');
INSERT INTO images (image_id, product_id, url) VALUES (277, 139, 'https://cdn.hust-ecommerce.vn/products/p_139_img_1.jpg');
INSERT INTO images (image_id, product_id, url) VALUES (278, 139, 'https://cdn.hust-ecommerce.vn/products/p_139_img_2.jpg');
INSERT INTO images (image_id, product_id, url) VALUES (279, 140, 'https://cdn.hust-ecommerce.vn/products/p_140_img_1.jpg');
INSERT INTO images (image_id, product_id, url) VALUES (280, 140, 'https://cdn.hust-ecommerce.vn/products/p_140_img_2.jpg');
INSERT INTO images (image_id, product_id, url) VALUES (281, 141, 'https://cdn.hust-ecommerce.vn/products/p_141_img_1.jpg');
INSERT INTO images (image_id, product_id, url) VALUES (282, 141, 'https://cdn.hust-ecommerce.vn/products/p_141_img_2.jpg');
INSERT INTO images (image_id, product_id, url) VALUES (283, 142, 'https://cdn.hust-ecommerce.vn/products/p_142_img_1.jpg');
INSERT INTO images (image_id, product_id, url) VALUES (284, 142, 'https://cdn.hust-ecommerce.vn/products/p_142_img_2.jpg');
INSERT INTO images (image_id, product_id, url) VALUES (285, 143, 'https://cdn.hust-ecommerce.vn/products/p_143_img_1.jpg');
INSERT INTO images (image_id, product_id, url) VALUES (286, 143, 'https://cdn.hust-ecommerce.vn/products/p_143_img_2.jpg');
INSERT INTO images (image_id, product_id, url) VALUES (287, 144, 'https://cdn.hust-ecommerce.vn/products/p_144_img_1.jpg');
INSERT INTO images (image_id, product_id, url) VALUES (288, 144, 'https://cdn.hust-ecommerce.vn/products/p_144_img_2.jpg');
INSERT INTO images (image_id, product_id, url) VALUES (289, 145, 'https://cdn.hust-ecommerce.vn/products/p_145_img_1.jpg');
INSERT INTO images (image_id, product_id, url) VALUES (290, 145, 'https://cdn.hust-ecommerce.vn/products/p_145_img_2.jpg');
INSERT INTO images (image_id, product_id, url) VALUES (291, 146, 'https://cdn.hust-ecommerce.vn/products/p_146_img_1.jpg');
INSERT INTO images (image_id, product_id, url) VALUES (292, 146, 'https://cdn.hust-ecommerce.vn/products/p_146_img_2.jpg');
INSERT INTO images (image_id, product_id, url) VALUES (293, 147, 'https://cdn.hust-ecommerce.vn/products/p_147_img_1.jpg');
INSERT INTO images (image_id, product_id, url) VALUES (294, 147, 'https://cdn.hust-ecommerce.vn/products/p_147_img_2.jpg');
INSERT INTO images (image_id, product_id, url) VALUES (295, 148, 'https://cdn.hust-ecommerce.vn/products/p_148_img_1.jpg');
INSERT INTO images (image_id, product_id, url) VALUES (296, 148, 'https://cdn.hust-ecommerce.vn/products/p_148_img_2.jpg');
INSERT INTO images (image_id, product_id, url) VALUES (297, 149, 'https://cdn.hust-ecommerce.vn/products/p_149_img_1.jpg');
INSERT INTO images (image_id, product_id, url) VALUES (298, 149, 'https://cdn.hust-ecommerce.vn/products/p_149_img_2.jpg');
INSERT INTO images (image_id, product_id, url) VALUES (299, 150, 'https://cdn.hust-ecommerce.vn/products/p_150_img_1.jpg');
INSERT INTO images (image_id, product_id, url) VALUES (300, 150, 'https://cdn.hust-ecommerce.vn/products/p_150_img_2.jpg');
INSERT INTO images (image_id, product_id, url) VALUES (301, 151, 'https://cdn.hust-ecommerce.vn/products/p_151_img_1.jpg');
INSERT INTO images (image_id, product_id, url) VALUES (302, 151, 'https://cdn.hust-ecommerce.vn/products/p_151_img_2.jpg');
INSERT INTO images (image_id, product_id, url) VALUES (303, 152, 'https://cdn.hust-ecommerce.vn/products/p_152_img_1.jpg');
INSERT INTO images (image_id, product_id, url) VALUES (304, 152, 'https://cdn.hust-ecommerce.vn/products/p_152_img_2.jpg');
INSERT INTO images (image_id, product_id, url) VALUES (305, 153, 'https://cdn.hust-ecommerce.vn/products/p_153_img_1.jpg');
INSERT INTO images (image_id, product_id, url) VALUES (306, 153, 'https://cdn.hust-ecommerce.vn/products/p_153_img_2.jpg');
INSERT INTO images (image_id, product_id, url) VALUES (307, 154, 'https://cdn.hust-ecommerce.vn/products/p_154_img_1.jpg');
INSERT INTO images (image_id, product_id, url) VALUES (308, 154, 'https://cdn.hust-ecommerce.vn/products/p_154_img_2.jpg');
INSERT INTO images (image_id, product_id, url) VALUES (309, 155, 'https://cdn.hust-ecommerce.vn/products/p_155_img_1.jpg');
INSERT INTO images (image_id, product_id, url) VALUES (310, 155, 'https://cdn.hust-ecommerce.vn/products/p_155_img_2.jpg');
INSERT INTO images (image_id, product_id, url) VALUES (311, 156, 'https://cdn.hust-ecommerce.vn/products/p_156_img_1.jpg');
INSERT INTO images (image_id, product_id, url) VALUES (312, 156, 'https://cdn.hust-ecommerce.vn/products/p_156_img_2.jpg');
INSERT INTO images (image_id, product_id, url) VALUES (313, 157, 'https://cdn.hust-ecommerce.vn/products/p_157_img_1.jpg');
INSERT INTO images (image_id, product_id, url) VALUES (314, 157, 'https://cdn.hust-ecommerce.vn/products/p_157_img_2.jpg');
INSERT INTO images (image_id, product_id, url) VALUES (315, 158, 'https://cdn.hust-ecommerce.vn/products/p_158_img_1.jpg');
INSERT INTO images (image_id, product_id, url) VALUES (316, 158, 'https://cdn.hust-ecommerce.vn/products/p_158_img_2.jpg');
INSERT INTO images (image_id, product_id, url) VALUES (317, 159, 'https://cdn.hust-ecommerce.vn/products/p_159_img_1.jpg');
INSERT INTO images (image_id, product_id, url) VALUES (318, 159, 'https://cdn.hust-ecommerce.vn/products/p_159_img_2.jpg');
INSERT INTO images (image_id, product_id, url) VALUES (319, 160, 'https://cdn.hust-ecommerce.vn/products/p_160_img_1.jpg');
INSERT INTO images (image_id, product_id, url) VALUES (320, 160, 'https://cdn.hust-ecommerce.vn/products/p_160_img_2.jpg');
INSERT INTO images (image_id, product_id, url) VALUES (321, 161, 'https://cdn.hust-ecommerce.vn/products/p_161_img_1.jpg');
INSERT INTO images (image_id, product_id, url) VALUES (322, 161, 'https://cdn.hust-ecommerce.vn/products/p_161_img_2.jpg');
INSERT INTO images (image_id, product_id, url) VALUES (323, 162, 'https://cdn.hust-ecommerce.vn/products/p_162_img_1.jpg');
INSERT INTO images (image_id, product_id, url) VALUES (324, 162, 'https://cdn.hust-ecommerce.vn/products/p_162_img_2.jpg');
INSERT INTO images (image_id, product_id, url) VALUES (325, 163, 'https://cdn.hust-ecommerce.vn/products/p_163_img_1.jpg');
INSERT INTO images (image_id, product_id, url) VALUES (326, 163, 'https://cdn.hust-ecommerce.vn/products/p_163_img_2.jpg');
INSERT INTO images (image_id, product_id, url) VALUES (327, 164, 'https://cdn.hust-ecommerce.vn/products/p_164_img_1.jpg');
INSERT INTO images (image_id, product_id, url) VALUES (328, 164, 'https://cdn.hust-ecommerce.vn/products/p_164_img_2.jpg');
INSERT INTO images (image_id, product_id, url) VALUES (329, 165, 'https://cdn.hust-ecommerce.vn/products/p_165_img_1.jpg');
INSERT INTO images (image_id, product_id, url) VALUES (330, 165, 'https://cdn.hust-ecommerce.vn/products/p_165_img_2.jpg');
INSERT INTO images (image_id, product_id, url) VALUES (331, 166, 'https://cdn.hust-ecommerce.vn/products/p_166_img_1.jpg');
INSERT INTO images (image_id, product_id, url) VALUES (332, 166, 'https://cdn.hust-ecommerce.vn/products/p_166_img_2.jpg');
INSERT INTO images (image_id, product_id, url) VALUES (333, 167, 'https://cdn.hust-ecommerce.vn/products/p_167_img_1.jpg');
INSERT INTO images (image_id, product_id, url) VALUES (334, 167, 'https://cdn.hust-ecommerce.vn/products/p_167_img_2.jpg');
INSERT INTO images (image_id, product_id, url) VALUES (335, 168, 'https://cdn.hust-ecommerce.vn/products/p_168_img_1.jpg');
INSERT INTO images (image_id, product_id, url) VALUES (336, 168, 'https://cdn.hust-ecommerce.vn/products/p_168_img_2.jpg');
INSERT INTO images (image_id, product_id, url) VALUES (337, 169, 'https://cdn.hust-ecommerce.vn/products/p_169_img_1.jpg');
INSERT INTO images (image_id, product_id, url) VALUES (338, 169, 'https://cdn.hust-ecommerce.vn/products/p_169_img_2.jpg');
INSERT INTO images (image_id, product_id, url) VALUES (339, 170, 'https://cdn.hust-ecommerce.vn/products/p_170_img_1.jpg');
INSERT INTO images (image_id, product_id, url) VALUES (340, 170, 'https://cdn.hust-ecommerce.vn/products/p_170_img_2.jpg');
INSERT INTO images (image_id, product_id, url) VALUES (341, 171, 'https://cdn.hust-ecommerce.vn/products/p_171_img_1.jpg');
INSERT INTO images (image_id, product_id, url) VALUES (342, 171, 'https://cdn.hust-ecommerce.vn/products/p_171_img_2.jpg');
INSERT INTO images (image_id, product_id, url) VALUES (343, 172, 'https://cdn.hust-ecommerce.vn/products/p_172_img_1.jpg');
INSERT INTO images (image_id, product_id, url) VALUES (344, 172, 'https://cdn.hust-ecommerce.vn/products/p_172_img_2.jpg');
INSERT INTO images (image_id, product_id, url) VALUES (345, 173, 'https://cdn.hust-ecommerce.vn/products/p_173_img_1.jpg');
INSERT INTO images (image_id, product_id, url) VALUES (346, 173, 'https://cdn.hust-ecommerce.vn/products/p_173_img_2.jpg');
INSERT INTO images (image_id, product_id, url) VALUES (347, 174, 'https://cdn.hust-ecommerce.vn/products/p_174_img_1.jpg');
INSERT INTO images (image_id, product_id, url) VALUES (348, 174, 'https://cdn.hust-ecommerce.vn/products/p_174_img_2.jpg');
INSERT INTO images (image_id, product_id, url) VALUES (349, 175, 'https://cdn.hust-ecommerce.vn/products/p_175_img_1.jpg');
INSERT INTO images (image_id, product_id, url) VALUES (350, 175, 'https://cdn.hust-ecommerce.vn/products/p_175_img_2.jpg');
INSERT INTO images (image_id, product_id, url) VALUES (351, 176, 'https://cdn.hust-ecommerce.vn/products/p_176_img_1.jpg');
INSERT INTO images (image_id, product_id, url) VALUES (352, 176, 'https://cdn.hust-ecommerce.vn/products/p_176_img_2.jpg');
INSERT INTO images (image_id, product_id, url) VALUES (353, 177, 'https://cdn.hust-ecommerce.vn/products/p_177_img_1.jpg');
INSERT INTO images (image_id, product_id, url) VALUES (354, 177, 'https://cdn.hust-ecommerce.vn/products/p_177_img_2.jpg');
INSERT INTO images (image_id, product_id, url) VALUES (355, 178, 'https://cdn.hust-ecommerce.vn/products/p_178_img_1.jpg');
INSERT INTO images (image_id, product_id, url) VALUES (356, 178, 'https://cdn.hust-ecommerce.vn/products/p_178_img_2.jpg');
INSERT INTO images (image_id, product_id, url) VALUES (357, 179, 'https://cdn.hust-ecommerce.vn/products/p_179_img_1.jpg');
INSERT INTO images (image_id, product_id, url) VALUES (358, 179, 'https://cdn.hust-ecommerce.vn/products/p_179_img_2.jpg');
INSERT INTO images (image_id, product_id, url) VALUES (359, 180, 'https://cdn.hust-ecommerce.vn/products/p_180_img_1.jpg');
INSERT INTO images (image_id, product_id, url) VALUES (360, 180, 'https://cdn.hust-ecommerce.vn/products/p_180_img_2.jpg');
INSERT INTO images (image_id, product_id, url) VALUES (361, 181, 'https://cdn.hust-ecommerce.vn/products/p_181_img_1.jpg');
INSERT INTO images (image_id, product_id, url) VALUES (362, 181, 'https://cdn.hust-ecommerce.vn/products/p_181_img_2.jpg');
INSERT INTO images (image_id, product_id, url) VALUES (363, 182, 'https://cdn.hust-ecommerce.vn/products/p_182_img_1.jpg');
INSERT INTO images (image_id, product_id, url) VALUES (364, 182, 'https://cdn.hust-ecommerce.vn/products/p_182_img_2.jpg');
INSERT INTO images (image_id, product_id, url) VALUES (365, 183, 'https://cdn.hust-ecommerce.vn/products/p_183_img_1.jpg');
INSERT INTO images (image_id, product_id, url) VALUES (366, 183, 'https://cdn.hust-ecommerce.vn/products/p_183_img_2.jpg');
INSERT INTO images (image_id, product_id, url) VALUES (367, 184, 'https://cdn.hust-ecommerce.vn/products/p_184_img_1.jpg');
INSERT INTO images (image_id, product_id, url) VALUES (368, 184, 'https://cdn.hust-ecommerce.vn/products/p_184_img_2.jpg');
INSERT INTO images (image_id, product_id, url) VALUES (369, 185, 'https://cdn.hust-ecommerce.vn/products/p_185_img_1.jpg');
INSERT INTO images (image_id, product_id, url) VALUES (370, 185, 'https://cdn.hust-ecommerce.vn/products/p_185_img_2.jpg');
INSERT INTO images (image_id, product_id, url) VALUES (371, 186, 'https://cdn.hust-ecommerce.vn/products/p_186_img_1.jpg');
INSERT INTO images (image_id, product_id, url) VALUES (372, 186, 'https://cdn.hust-ecommerce.vn/products/p_186_img_2.jpg');
INSERT INTO images (image_id, product_id, url) VALUES (373, 187, 'https://cdn.hust-ecommerce.vn/products/p_187_img_1.jpg');
INSERT INTO images (image_id, product_id, url) VALUES (374, 187, 'https://cdn.hust-ecommerce.vn/products/p_187_img_2.jpg');
INSERT INTO images (image_id, product_id, url) VALUES (375, 188, 'https://cdn.hust-ecommerce.vn/products/p_188_img_1.jpg');
INSERT INTO images (image_id, product_id, url) VALUES (376, 188, 'https://cdn.hust-ecommerce.vn/products/p_188_img_2.jpg');
INSERT INTO images (image_id, product_id, url) VALUES (377, 189, 'https://cdn.hust-ecommerce.vn/products/p_189_img_1.jpg');
INSERT INTO images (image_id, product_id, url) VALUES (378, 189, 'https://cdn.hust-ecommerce.vn/products/p_189_img_2.jpg');
INSERT INTO images (image_id, product_id, url) VALUES (379, 190, 'https://cdn.hust-ecommerce.vn/products/p_190_img_1.jpg');
INSERT INTO images (image_id, product_id, url) VALUES (380, 190, 'https://cdn.hust-ecommerce.vn/products/p_190_img_2.jpg');
INSERT INTO images (image_id, product_id, url) VALUES (381, 191, 'https://cdn.hust-ecommerce.vn/products/p_191_img_1.jpg');
INSERT INTO images (image_id, product_id, url) VALUES (382, 191, 'https://cdn.hust-ecommerce.vn/products/p_191_img_2.jpg');
INSERT INTO images (image_id, product_id, url) VALUES (383, 192, 'https://cdn.hust-ecommerce.vn/products/p_192_img_1.jpg');
INSERT INTO images (image_id, product_id, url) VALUES (384, 192, 'https://cdn.hust-ecommerce.vn/products/p_192_img_2.jpg');
INSERT INTO images (image_id, product_id, url) VALUES (385, 193, 'https://cdn.hust-ecommerce.vn/products/p_193_img_1.jpg');
INSERT INTO images (image_id, product_id, url) VALUES (386, 193, 'https://cdn.hust-ecommerce.vn/products/p_193_img_2.jpg');
INSERT INTO images (image_id, product_id, url) VALUES (387, 194, 'https://cdn.hust-ecommerce.vn/products/p_194_img_1.jpg');
INSERT INTO images (image_id, product_id, url) VALUES (388, 194, 'https://cdn.hust-ecommerce.vn/products/p_194_img_2.jpg');
INSERT INTO images (image_id, product_id, url) VALUES (389, 195, 'https://cdn.hust-ecommerce.vn/products/p_195_img_1.jpg');
INSERT INTO images (image_id, product_id, url) VALUES (390, 195, 'https://cdn.hust-ecommerce.vn/products/p_195_img_2.jpg');
INSERT INTO images (image_id, product_id, url) VALUES (391, 196, 'https://cdn.hust-ecommerce.vn/products/p_196_img_1.jpg');
INSERT INTO images (image_id, product_id, url) VALUES (392, 196, 'https://cdn.hust-ecommerce.vn/products/p_196_img_2.jpg');
INSERT INTO images (image_id, product_id, url) VALUES (393, 197, 'https://cdn.hust-ecommerce.vn/products/p_197_img_1.jpg');
INSERT INTO images (image_id, product_id, url) VALUES (394, 197, 'https://cdn.hust-ecommerce.vn/products/p_197_img_2.jpg');
INSERT INTO images (image_id, product_id, url) VALUES (395, 198, 'https://cdn.hust-ecommerce.vn/products/p_198_img_1.jpg');
INSERT INTO images (image_id, product_id, url) VALUES (396, 198, 'https://cdn.hust-ecommerce.vn/products/p_198_img_2.jpg');
INSERT INTO images (image_id, product_id, url) VALUES (397, 199, 'https://cdn.hust-ecommerce.vn/products/p_199_img_1.jpg');
INSERT INTO images (image_id, product_id, url) VALUES (398, 199, 'https://cdn.hust-ecommerce.vn/products/p_199_img_2.jpg');
INSERT INTO images (image_id, product_id, url) VALUES (399, 200, 'https://cdn.hust-ecommerce.vn/products/p_200_img_1.jpg');
INSERT INTO images (image_id, product_id, url) VALUES (400, 200, 'https://cdn.hust-ecommerce.vn/products/p_200_img_2.jpg');

-- 11. INSERT DATA FOR CARTS & CART_ITEMS
INSERT INTO carts (cart_id, user_id) VALUES (1, 21);
INSERT INTO cart_items (cart_item_id, cart_id, product_id, quantity) VALUES (1, 1, 46, 1);
INSERT INTO cart_items (cart_item_id, cart_id, product_id, quantity) VALUES (2, 1, 142, 3);
INSERT INTO cart_items (cart_item_id, cart_id, product_id, quantity) VALUES (3, 1, 166, 2);
INSERT INTO carts (cart_id, user_id) VALUES (2, 70);
INSERT INTO cart_items (cart_item_id, cart_id, product_id, quantity) VALUES (4, 2, 2, 1);
INSERT INTO cart_items (cart_item_id, cart_id, product_id, quantity) VALUES (5, 2, 58, 1);
INSERT INTO cart_items (cart_item_id, cart_id, product_id, quantity) VALUES (6, 2, 39, 1);
INSERT INTO carts (cart_id, user_id) VALUES (3, 19);
INSERT INTO cart_items (cart_item_id, cart_id, product_id, quantity) VALUES (7, 3, 174, 1);
INSERT INTO carts (cart_id, user_id) VALUES (4, 134);
INSERT INTO cart_items (cart_item_id, cart_id, product_id, quantity) VALUES (8, 4, 85, 1);
INSERT INTO carts (cart_id, user_id) VALUES (5, 116);
INSERT INTO cart_items (cart_item_id, cart_id, product_id, quantity) VALUES (9, 5, 104, 1);
INSERT INTO carts (cart_id, user_id) VALUES (6, 276);
INSERT INTO cart_items (cart_item_id, cart_id, product_id, quantity) VALUES (10, 6, 57, 2);
INSERT INTO cart_items (cart_item_id, cart_id, product_id, quantity) VALUES (11, 6, 172, 1);
INSERT INTO cart_items (cart_item_id, cart_id, product_id, quantity) VALUES (12, 6, 85, 3);
INSERT INTO carts (cart_id, user_id) VALUES (7, 296);
INSERT INTO cart_items (cart_item_id, cart_id, product_id, quantity) VALUES (13, 7, 179, 1);
INSERT INTO cart_items (cart_item_id, cart_id, product_id, quantity) VALUES (14, 7, 96, 1);
INSERT INTO cart_items (cart_item_id, cart_id, product_id, quantity) VALUES (15, 7, 59, 1);
INSERT INTO carts (cart_id, user_id) VALUES (8, 289);
INSERT INTO cart_items (cart_item_id, cart_id, product_id, quantity) VALUES (16, 8, 196, 1);
INSERT INTO cart_items (cart_item_id, cart_id, product_id, quantity) VALUES (17, 8, 18, 1);
INSERT INTO cart_items (cart_item_id, cart_id, product_id, quantity) VALUES (18, 8, 111, 3);
INSERT INTO carts (cart_id, user_id) VALUES (9, 228);
INSERT INTO cart_items (cart_item_id, cart_id, product_id, quantity) VALUES (19, 9, 164, 2);
INSERT INTO cart_items (cart_item_id, cart_id, product_id, quantity) VALUES (20, 9, 7, 3);
INSERT INTO carts (cart_id, user_id) VALUES (10, 288);
INSERT INTO cart_items (cart_item_id, cart_id, product_id, quantity) VALUES (21, 10, 173, 3);
INSERT INTO cart_items (cart_item_id, cart_id, product_id, quantity) VALUES (22, 10, 196, 1);
INSERT INTO cart_items (cart_item_id, cart_id, product_id, quantity) VALUES (23, 10, 62, 1);
INSERT INTO carts (cart_id, user_id) VALUES (11, 35);
INSERT INTO cart_items (cart_item_id, cart_id, product_id, quantity) VALUES (24, 11, 83, 3);
INSERT INTO carts (cart_id, user_id) VALUES (12, 54);
INSERT INTO cart_items (cart_item_id, cart_id, product_id, quantity) VALUES (25, 12, 110, 2);
INSERT INTO carts (cart_id, user_id) VALUES (13, 191);
INSERT INTO cart_items (cart_item_id, cart_id, product_id, quantity) VALUES (26, 13, 134, 3);
INSERT INTO cart_items (cart_item_id, cart_id, product_id, quantity) VALUES (27, 13, 147, 2);
INSERT INTO cart_items (cart_item_id, cart_id, product_id, quantity) VALUES (28, 13, 42, 1);
INSERT INTO carts (cart_id, user_id) VALUES (14, 197);
INSERT INTO cart_items (cart_item_id, cart_id, product_id, quantity) VALUES (29, 14, 70, 1);
INSERT INTO cart_items (cart_item_id, cart_id, product_id, quantity) VALUES (30, 14, 34, 1);
INSERT INTO carts (cart_id, user_id) VALUES (15, 98);
INSERT INTO cart_items (cart_item_id, cart_id, product_id, quantity) VALUES (31, 15, 176, 3);
INSERT INTO cart_items (cart_item_id, cart_id, product_id, quantity) VALUES (32, 15, 3, 2);
INSERT INTO carts (cart_id, user_id) VALUES (16, 115);
INSERT INTO cart_items (cart_item_id, cart_id, product_id, quantity) VALUES (33, 16, 198, 2);
INSERT INTO carts (cart_id, user_id) VALUES (17, 30);
INSERT INTO cart_items (cart_item_id, cart_id, product_id, quantity) VALUES (34, 17, 48, 1);
INSERT INTO carts (cart_id, user_id) VALUES (18, 216);
INSERT INTO cart_items (cart_item_id, cart_id, product_id, quantity) VALUES (35, 18, 49, 1);
INSERT INTO cart_items (cart_item_id, cart_id, product_id, quantity) VALUES (36, 18, 23, 2);
INSERT INTO carts (cart_id, user_id) VALUES (19, 263);
INSERT INTO cart_items (cart_item_id, cart_id, product_id, quantity) VALUES (37, 19, 183, 3);
INSERT INTO carts (cart_id, user_id) VALUES (20, 20);
INSERT INTO cart_items (cart_item_id, cart_id, product_id, quantity) VALUES (38, 20, 171, 2);
INSERT INTO cart_items (cart_item_id, cart_id, product_id, quantity) VALUES (39, 20, 139, 3);
INSERT INTO cart_items (cart_item_id, cart_id, product_id, quantity) VALUES (40, 20, 75, 2);
INSERT INTO carts (cart_id, user_id) VALUES (21, 141);
INSERT INTO cart_items (cart_item_id, cart_id, product_id, quantity) VALUES (41, 21, 50, 1);
INSERT INTO carts (cart_id, user_id) VALUES (22, 209);
INSERT INTO cart_items (cart_item_id, cart_id, product_id, quantity) VALUES (42, 22, 184, 3);
INSERT INTO cart_items (cart_item_id, cart_id, product_id, quantity) VALUES (43, 22, 148, 2);
INSERT INTO cart_items (cart_item_id, cart_id, product_id, quantity) VALUES (44, 22, 96, 3);
INSERT INTO carts (cart_id, user_id) VALUES (23, 137);
INSERT INTO cart_items (cart_item_id, cart_id, product_id, quantity) VALUES (45, 23, 27, 2);
INSERT INTO cart_items (cart_item_id, cart_id, product_id, quantity) VALUES (46, 23, 175, 2);
INSERT INTO cart_items (cart_item_id, cart_id, product_id, quantity) VALUES (47, 23, 171, 3);
INSERT INTO carts (cart_id, user_id) VALUES (24, 281);
INSERT INTO cart_items (cart_item_id, cart_id, product_id, quantity) VALUES (48, 24, 55, 1);
INSERT INTO cart_items (cart_item_id, cart_id, product_id, quantity) VALUES (49, 24, 79, 2);
INSERT INTO cart_items (cart_item_id, cart_id, product_id, quantity) VALUES (50, 24, 31, 3);
INSERT INTO carts (cart_id, user_id) VALUES (25, 63);
INSERT INTO cart_items (cart_item_id, cart_id, product_id, quantity) VALUES (51, 25, 155, 1);
INSERT INTO cart_items (cart_item_id, cart_id, product_id, quantity) VALUES (52, 25, 75, 2);
INSERT INTO cart_items (cart_item_id, cart_id, product_id, quantity) VALUES (53, 25, 104, 3);
INSERT INTO carts (cart_id, user_id) VALUES (26, 39);
INSERT INTO cart_items (cart_item_id, cart_id, product_id, quantity) VALUES (54, 26, 70, 2);
INSERT INTO cart_items (cart_item_id, cart_id, product_id, quantity) VALUES (55, 26, 166, 3);
INSERT INTO carts (cart_id, user_id) VALUES (27, 113);
INSERT INTO cart_items (cart_item_id, cart_id, product_id, quantity) VALUES (56, 27, 138, 1);
INSERT INTO cart_items (cart_item_id, cart_id, product_id, quantity) VALUES (57, 27, 85, 1);
INSERT INTO cart_items (cart_item_id, cart_id, product_id, quantity) VALUES (58, 27, 46, 2);
INSERT INTO carts (cart_id, user_id) VALUES (28, 81);
INSERT INTO cart_items (cart_item_id, cart_id, product_id, quantity) VALUES (59, 28, 80, 3);
INSERT INTO cart_items (cart_item_id, cart_id, product_id, quantity) VALUES (60, 28, 167, 1);
INSERT INTO carts (cart_id, user_id) VALUES (29, 300);
INSERT INTO cart_items (cart_item_id, cart_id, product_id, quantity) VALUES (61, 29, 30, 3);
INSERT INTO cart_items (cart_item_id, cart_id, product_id, quantity) VALUES (62, 29, 95, 2);
INSERT INTO carts (cart_id, user_id) VALUES (30, 206);
INSERT INTO cart_items (cart_item_id, cart_id, product_id, quantity) VALUES (63, 30, 197, 2);
INSERT INTO carts (cart_id, user_id) VALUES (31, 187);
INSERT INTO cart_items (cart_item_id, cart_id, product_id, quantity) VALUES (64, 31, 30, 1);
INSERT INTO carts (cart_id, user_id) VALUES (32, 174);
INSERT INTO cart_items (cart_item_id, cart_id, product_id, quantity) VALUES (65, 32, 72, 1);
INSERT INTO carts (cart_id, user_id) VALUES (33, 65);
INSERT INTO cart_items (cart_item_id, cart_id, product_id, quantity) VALUES (66, 33, 68, 3);
INSERT INTO cart_items (cart_item_id, cart_id, product_id, quantity) VALUES (67, 33, 131, 1);
INSERT INTO cart_items (cart_item_id, cart_id, product_id, quantity) VALUES (68, 33, 197, 2);
INSERT INTO carts (cart_id, user_id) VALUES (34, 163);
INSERT INTO cart_items (cart_item_id, cart_id, product_id, quantity) VALUES (69, 34, 133, 1);
INSERT INTO carts (cart_id, user_id) VALUES (35, 91);
INSERT INTO cart_items (cart_item_id, cart_id, product_id, quantity) VALUES (70, 35, 131, 3);
INSERT INTO cart_items (cart_item_id, cart_id, product_id, quantity) VALUES (71, 35, 40, 1);
INSERT INTO cart_items (cart_item_id, cart_id, product_id, quantity) VALUES (72, 35, 10, 1);
INSERT INTO carts (cart_id, user_id) VALUES (36, 229);
INSERT INTO cart_items (cart_item_id, cart_id, product_id, quantity) VALUES (73, 36, 126, 1);
INSERT INTO carts (cart_id, user_id) VALUES (37, 175);
INSERT INTO cart_items (cart_item_id, cart_id, product_id, quantity) VALUES (74, 37, 16, 2);
INSERT INTO cart_items (cart_item_id, cart_id, product_id, quantity) VALUES (75, 37, 126, 1);
INSERT INTO carts (cart_id, user_id) VALUES (38, 103);
INSERT INTO cart_items (cart_item_id, cart_id, product_id, quantity) VALUES (76, 38, 134, 3);
INSERT INTO carts (cart_id, user_id) VALUES (39, 125);
INSERT INTO cart_items (cart_item_id, cart_id, product_id, quantity) VALUES (77, 39, 154, 1);
INSERT INTO cart_items (cart_item_id, cart_id, product_id, quantity) VALUES (78, 39, 108, 3);
INSERT INTO carts (cart_id, user_id) VALUES (40, 86);
INSERT INTO cart_items (cart_item_id, cart_id, product_id, quantity) VALUES (79, 40, 185, 1);
INSERT INTO cart_items (cart_item_id, cart_id, product_id, quantity) VALUES (80, 40, 178, 2);
INSERT INTO carts (cart_id, user_id) VALUES (41, 128);
INSERT INTO cart_items (cart_item_id, cart_id, product_id, quantity) VALUES (81, 41, 39, 1);
INSERT INTO cart_items (cart_item_id, cart_id, product_id, quantity) VALUES (82, 41, 33, 3);
INSERT INTO carts (cart_id, user_id) VALUES (42, 24);
INSERT INTO cart_items (cart_item_id, cart_id, product_id, quantity) VALUES (83, 42, 27, 1);
INSERT INTO carts (cart_id, user_id) VALUES (43, 102);
INSERT INTO cart_items (cart_item_id, cart_id, product_id, quantity) VALUES (84, 43, 39, 2);
INSERT INTO cart_items (cart_item_id, cart_id, product_id, quantity) VALUES (85, 43, 37, 3);
INSERT INTO cart_items (cart_item_id, cart_id, product_id, quantity) VALUES (86, 43, 94, 3);
INSERT INTO carts (cart_id, user_id) VALUES (44, 50);
INSERT INTO cart_items (cart_item_id, cart_id, product_id, quantity) VALUES (87, 44, 144, 1);
INSERT INTO cart_items (cart_item_id, cart_id, product_id, quantity) VALUES (88, 44, 52, 1);
INSERT INTO carts (cart_id, user_id) VALUES (45, 205);
INSERT INTO cart_items (cart_item_id, cart_id, product_id, quantity) VALUES (89, 45, 111, 3);
INSERT INTO cart_items (cart_item_id, cart_id, product_id, quantity) VALUES (90, 45, 78, 2);
INSERT INTO carts (cart_id, user_id) VALUES (46, 171);
INSERT INTO cart_items (cart_item_id, cart_id, product_id, quantity) VALUES (91, 46, 89, 1);
INSERT INTO cart_items (cart_item_id, cart_id, product_id, quantity) VALUES (92, 46, 50, 3);
INSERT INTO carts (cart_id, user_id) VALUES (47, 188);
INSERT INTO cart_items (cart_item_id, cart_id, product_id, quantity) VALUES (93, 47, 11, 1);
INSERT INTO cart_items (cart_item_id, cart_id, product_id, quantity) VALUES (94, 47, 161, 2);
INSERT INTO cart_items (cart_item_id, cart_id, product_id, quantity) VALUES (95, 47, 33, 2);
INSERT INTO carts (cart_id, user_id) VALUES (48, 22);
INSERT INTO cart_items (cart_item_id, cart_id, product_id, quantity) VALUES (96, 48, 126, 2);
INSERT INTO carts (cart_id, user_id) VALUES (49, 252);
INSERT INTO cart_items (cart_item_id, cart_id, product_id, quantity) VALUES (97, 49, 28, 1);
INSERT INTO carts (cart_id, user_id) VALUES (50, 244);
INSERT INTO cart_items (cart_item_id, cart_id, product_id, quantity) VALUES (98, 50, 150, 2);
INSERT INTO cart_items (cart_item_id, cart_id, product_id, quantity) VALUES (99, 50, 49, 3);
INSERT INTO cart_items (cart_item_id, cart_id, product_id, quantity) VALUES (100, 50, 195, 2);
INSERT INTO carts (cart_id, user_id) VALUES (51, 261);
INSERT INTO cart_items (cart_item_id, cart_id, product_id, quantity) VALUES (101, 51, 108, 2);
INSERT INTO carts (cart_id, user_id) VALUES (52, 5);
INSERT INTO cart_items (cart_item_id, cart_id, product_id, quantity) VALUES (102, 52, 49, 2);
INSERT INTO cart_items (cart_item_id, cart_id, product_id, quantity) VALUES (103, 52, 51, 1);
INSERT INTO carts (cart_id, user_id) VALUES (53, 36);
INSERT INTO cart_items (cart_item_id, cart_id, product_id, quantity) VALUES (104, 53, 16, 2);
INSERT INTO cart_items (cart_item_id, cart_id, product_id, quantity) VALUES (105, 53, 129, 2);
INSERT INTO carts (cart_id, user_id) VALUES (54, 94);
INSERT INTO cart_items (cart_item_id, cart_id, product_id, quantity) VALUES (106, 54, 42, 1);
INSERT INTO carts (cart_id, user_id) VALUES (55, 10);
INSERT INTO cart_items (cart_item_id, cart_id, product_id, quantity) VALUES (107, 55, 54, 3);
INSERT INTO cart_items (cart_item_id, cart_id, product_id, quantity) VALUES (108, 55, 157, 1);
INSERT INTO cart_items (cart_item_id, cart_id, product_id, quantity) VALUES (109, 55, 77, 3);
INSERT INTO carts (cart_id, user_id) VALUES (56, 247);
INSERT INTO cart_items (cart_item_id, cart_id, product_id, quantity) VALUES (110, 56, 68, 2);
INSERT INTO carts (cart_id, user_id) VALUES (57, 146);
INSERT INTO cart_items (cart_item_id, cart_id, product_id, quantity) VALUES (111, 57, 176, 3);
INSERT INTO cart_items (cart_item_id, cart_id, product_id, quantity) VALUES (112, 57, 12, 3);
INSERT INTO cart_items (cart_item_id, cart_id, product_id, quantity) VALUES (113, 57, 49, 1);
INSERT INTO carts (cart_id, user_id) VALUES (58, 75);
INSERT INTO cart_items (cart_item_id, cart_id, product_id, quantity) VALUES (114, 58, 58, 1);
INSERT INTO cart_items (cart_item_id, cart_id, product_id, quantity) VALUES (115, 58, 138, 3);
INSERT INTO cart_items (cart_item_id, cart_id, product_id, quantity) VALUES (116, 58, 97, 3);
INSERT INTO carts (cart_id, user_id) VALUES (59, 238);
INSERT INTO cart_items (cart_item_id, cart_id, product_id, quantity) VALUES (117, 59, 165, 3);
INSERT INTO carts (cart_id, user_id) VALUES (60, 64);
INSERT INTO cart_items (cart_item_id, cart_id, product_id, quantity) VALUES (118, 60, 82, 2);
INSERT INTO cart_items (cart_item_id, cart_id, product_id, quantity) VALUES (119, 60, 82, 2);
INSERT INTO carts (cart_id, user_id) VALUES (61, 45);
INSERT INTO cart_items (cart_item_id, cart_id, product_id, quantity) VALUES (120, 61, 162, 2);
INSERT INTO cart_items (cart_item_id, cart_id, product_id, quantity) VALUES (121, 61, 62, 2);
INSERT INTO carts (cart_id, user_id) VALUES (62, 101);
INSERT INTO cart_items (cart_item_id, cart_id, product_id, quantity) VALUES (122, 62, 181, 1);
INSERT INTO cart_items (cart_item_id, cart_id, product_id, quantity) VALUES (123, 62, 110, 3);
INSERT INTO cart_items (cart_item_id, cart_id, product_id, quantity) VALUES (124, 62, 190, 2);
INSERT INTO carts (cart_id, user_id) VALUES (63, 280);
INSERT INTO cart_items (cart_item_id, cart_id, product_id, quantity) VALUES (125, 63, 139, 3);
INSERT INTO carts (cart_id, user_id) VALUES (64, 43);
INSERT INTO cart_items (cart_item_id, cart_id, product_id, quantity) VALUES (126, 64, 120, 2);
INSERT INTO cart_items (cart_item_id, cart_id, product_id, quantity) VALUES (127, 64, 62, 1);
INSERT INTO carts (cart_id, user_id) VALUES (65, 119);
INSERT INTO cart_items (cart_item_id, cart_id, product_id, quantity) VALUES (128, 65, 136, 3);
INSERT INTO cart_items (cart_item_id, cart_id, product_id, quantity) VALUES (129, 65, 105, 1);
INSERT INTO carts (cart_id, user_id) VALUES (66, 167);
INSERT INTO cart_items (cart_item_id, cart_id, product_id, quantity) VALUES (130, 66, 148, 2);
INSERT INTO carts (cart_id, user_id) VALUES (67, 99);
INSERT INTO cart_items (cart_item_id, cart_id, product_id, quantity) VALUES (131, 67, 36, 1);
INSERT INTO cart_items (cart_item_id, cart_id, product_id, quantity) VALUES (132, 67, 74, 1);
INSERT INTO carts (cart_id, user_id) VALUES (68, 108);
INSERT INTO cart_items (cart_item_id, cart_id, product_id, quantity) VALUES (133, 68, 15, 3);
INSERT INTO cart_items (cart_item_id, cart_id, product_id, quantity) VALUES (134, 68, 161, 1);
INSERT INTO carts (cart_id, user_id) VALUES (69, 3);
INSERT INTO cart_items (cart_item_id, cart_id, product_id, quantity) VALUES (135, 69, 177, 1);
INSERT INTO carts (cart_id, user_id) VALUES (70, 283);
INSERT INTO cart_items (cart_item_id, cart_id, product_id, quantity) VALUES (136, 70, 44, 3);
INSERT INTO cart_items (cart_item_id, cart_id, product_id, quantity) VALUES (137, 70, 195, 2);
INSERT INTO cart_items (cart_item_id, cart_id, product_id, quantity) VALUES (138, 70, 118, 1);
INSERT INTO carts (cart_id, user_id) VALUES (71, 180);
INSERT INTO cart_items (cart_item_id, cart_id, product_id, quantity) VALUES (139, 71, 141, 3);
INSERT INTO cart_items (cart_item_id, cart_id, product_id, quantity) VALUES (140, 71, 192, 2);
INSERT INTO cart_items (cart_item_id, cart_id, product_id, quantity) VALUES (141, 71, 5, 1);
INSERT INTO carts (cart_id, user_id) VALUES (72, 152);
INSERT INTO cart_items (cart_item_id, cart_id, product_id, quantity) VALUES (142, 72, 81, 3);
INSERT INTO cart_items (cart_item_id, cart_id, product_id, quantity) VALUES (143, 72, 95, 2);
INSERT INTO cart_items (cart_item_id, cart_id, product_id, quantity) VALUES (144, 72, 8, 1);
INSERT INTO carts (cart_id, user_id) VALUES (73, 80);
INSERT INTO cart_items (cart_item_id, cart_id, product_id, quantity) VALUES (145, 73, 88, 3);
INSERT INTO carts (cart_id, user_id) VALUES (74, 139);
INSERT INTO cart_items (cart_item_id, cart_id, product_id, quantity) VALUES (146, 74, 12, 2);
INSERT INTO carts (cart_id, user_id) VALUES (75, 100);
INSERT INTO cart_items (cart_item_id, cart_id, product_id, quantity) VALUES (147, 75, 143, 3);
INSERT INTO cart_items (cart_item_id, cart_id, product_id, quantity) VALUES (148, 75, 181, 3);
INSERT INTO carts (cart_id, user_id) VALUES (76, 88);
INSERT INTO cart_items (cart_item_id, cart_id, product_id, quantity) VALUES (149, 76, 97, 1);
INSERT INTO cart_items (cart_item_id, cart_id, product_id, quantity) VALUES (150, 76, 126, 3);
INSERT INTO cart_items (cart_item_id, cart_id, product_id, quantity) VALUES (151, 76, 117, 3);
INSERT INTO carts (cart_id, user_id) VALUES (77, 172);
INSERT INTO cart_items (cart_item_id, cart_id, product_id, quantity) VALUES (152, 77, 87, 3);
INSERT INTO cart_items (cart_item_id, cart_id, product_id, quantity) VALUES (153, 77, 188, 1);
INSERT INTO carts (cart_id, user_id) VALUES (78, 55);
INSERT INTO cart_items (cart_item_id, cart_id, product_id, quantity) VALUES (154, 78, 34, 1);
INSERT INTO carts (cart_id, user_id) VALUES (79, 220);
INSERT INTO cart_items (cart_item_id, cart_id, product_id, quantity) VALUES (155, 79, 158, 3);
INSERT INTO carts (cart_id, user_id) VALUES (80, 242);
INSERT INTO cart_items (cart_item_id, cart_id, product_id, quantity) VALUES (156, 80, 108, 3);
INSERT INTO cart_items (cart_item_id, cart_id, product_id, quantity) VALUES (157, 80, 117, 1);
INSERT INTO cart_items (cart_item_id, cart_id, product_id, quantity) VALUES (158, 80, 68, 2);
INSERT INTO carts (cart_id, user_id) VALUES (81, 58);
INSERT INTO cart_items (cart_item_id, cart_id, product_id, quantity) VALUES (159, 81, 128, 1);
INSERT INTO cart_items (cart_item_id, cart_id, product_id, quantity) VALUES (160, 81, 46, 1);
INSERT INTO carts (cart_id, user_id) VALUES (82, 221);
INSERT INTO cart_items (cart_item_id, cart_id, product_id, quantity) VALUES (161, 82, 132, 2);
INSERT INTO cart_items (cart_item_id, cart_id, product_id, quantity) VALUES (162, 82, 123, 2);
INSERT INTO cart_items (cart_item_id, cart_id, product_id, quantity) VALUES (163, 82, 32, 2);
INSERT INTO carts (cart_id, user_id) VALUES (83, 49);
INSERT INTO cart_items (cart_item_id, cart_id, product_id, quantity) VALUES (164, 83, 178, 1);
INSERT INTO cart_items (cart_item_id, cart_id, product_id, quantity) VALUES (165, 83, 39, 2);
INSERT INTO carts (cart_id, user_id) VALUES (84, 37);
INSERT INTO cart_items (cart_item_id, cart_id, product_id, quantity) VALUES (166, 84, 130, 3);
INSERT INTO carts (cart_id, user_id) VALUES (85, 170);
INSERT INTO cart_items (cart_item_id, cart_id, product_id, quantity) VALUES (167, 85, 161, 1);
INSERT INTO carts (cart_id, user_id) VALUES (86, 23);
INSERT INTO cart_items (cart_item_id, cart_id, product_id, quantity) VALUES (168, 86, 144, 2);
INSERT INTO carts (cart_id, user_id) VALUES (87, 257);
INSERT INTO cart_items (cart_item_id, cart_id, product_id, quantity) VALUES (169, 87, 65, 2);
INSERT INTO cart_items (cart_item_id, cart_id, product_id, quantity) VALUES (170, 87, 112, 1);
INSERT INTO cart_items (cart_item_id, cart_id, product_id, quantity) VALUES (171, 87, 155, 1);
INSERT INTO carts (cart_id, user_id) VALUES (88, 278);
INSERT INTO cart_items (cart_item_id, cart_id, product_id, quantity) VALUES (172, 88, 55, 3);
INSERT INTO cart_items (cart_item_id, cart_id, product_id, quantity) VALUES (173, 88, 134, 1);
INSERT INTO carts (cart_id, user_id) VALUES (89, 53);
INSERT INTO cart_items (cart_item_id, cart_id, product_id, quantity) VALUES (174, 89, 169, 2);
INSERT INTO carts (cart_id, user_id) VALUES (90, 56);
INSERT INTO cart_items (cart_item_id, cart_id, product_id, quantity) VALUES (175, 90, 76, 1);
INSERT INTO cart_items (cart_item_id, cart_id, product_id, quantity) VALUES (176, 90, 128, 1);
INSERT INTO carts (cart_id, user_id) VALUES (91, 282);
INSERT INTO cart_items (cart_item_id, cart_id, product_id, quantity) VALUES (177, 91, 137, 1);
INSERT INTO cart_items (cart_item_id, cart_id, product_id, quantity) VALUES (178, 91, 130, 2);
INSERT INTO carts (cart_id, user_id) VALUES (92, 290);
INSERT INTO cart_items (cart_item_id, cart_id, product_id, quantity) VALUES (179, 92, 194, 3);
INSERT INTO cart_items (cart_item_id, cart_id, product_id, quantity) VALUES (180, 92, 20, 1);
INSERT INTO cart_items (cart_item_id, cart_id, product_id, quantity) VALUES (181, 92, 198, 2);
INSERT INTO carts (cart_id, user_id) VALUES (93, 298);
INSERT INTO cart_items (cart_item_id, cart_id, product_id, quantity) VALUES (182, 93, 53, 1);
INSERT INTO cart_items (cart_item_id, cart_id, product_id, quantity) VALUES (183, 93, 130, 1);
INSERT INTO cart_items (cart_item_id, cart_id, product_id, quantity) VALUES (184, 93, 172, 2);
INSERT INTO carts (cart_id, user_id) VALUES (94, 14);
INSERT INTO cart_items (cart_item_id, cart_id, product_id, quantity) VALUES (185, 94, 185, 2);
INSERT INTO cart_items (cart_item_id, cart_id, product_id, quantity) VALUES (186, 94, 13, 1);
INSERT INTO carts (cart_id, user_id) VALUES (95, 73);
INSERT INTO cart_items (cart_item_id, cart_id, product_id, quantity) VALUES (187, 95, 80, 3);
INSERT INTO cart_items (cart_item_id, cart_id, product_id, quantity) VALUES (188, 95, 172, 3);
INSERT INTO carts (cart_id, user_id) VALUES (96, 96);
INSERT INTO cart_items (cart_item_id, cart_id, product_id, quantity) VALUES (189, 96, 148, 1);
INSERT INTO cart_items (cart_item_id, cart_id, product_id, quantity) VALUES (190, 96, 9, 2);
INSERT INTO cart_items (cart_item_id, cart_id, product_id, quantity) VALUES (191, 96, 6, 3);
INSERT INTO carts (cart_id, user_id) VALUES (97, 6);
INSERT INTO cart_items (cart_item_id, cart_id, product_id, quantity) VALUES (192, 97, 101, 1);
INSERT INTO cart_items (cart_item_id, cart_id, product_id, quantity) VALUES (193, 97, 25, 2);
INSERT INTO carts (cart_id, user_id) VALUES (98, 87);
INSERT INTO cart_items (cart_item_id, cart_id, product_id, quantity) VALUES (194, 98, 10, 1);
INSERT INTO carts (cart_id, user_id) VALUES (99, 169);
INSERT INTO cart_items (cart_item_id, cart_id, product_id, quantity) VALUES (195, 99, 56, 3);
INSERT INTO cart_items (cart_item_id, cart_id, product_id, quantity) VALUES (196, 99, 34, 1);
INSERT INTO carts (cart_id, user_id) VALUES (100, 258);
INSERT INTO cart_items (cart_item_id, cart_id, product_id, quantity) VALUES (197, 100, 84, 3);
INSERT INTO cart_items (cart_item_id, cart_id, product_id, quantity) VALUES (198, 100, 97, 3);
INSERT INTO carts (cart_id, user_id) VALUES (101, 287);
INSERT INTO cart_items (cart_item_id, cart_id, product_id, quantity) VALUES (199, 101, 83, 1);
INSERT INTO cart_items (cart_item_id, cart_id, product_id, quantity) VALUES (200, 101, 97, 3);
INSERT INTO cart_items (cart_item_id, cart_id, product_id, quantity) VALUES (201, 101, 131, 2);
INSERT INTO carts (cart_id, user_id) VALUES (102, 207);
INSERT INTO cart_items (cart_item_id, cart_id, product_id, quantity) VALUES (202, 102, 134, 3);
INSERT INTO carts (cart_id, user_id) VALUES (103, 194);
INSERT INTO cart_items (cart_item_id, cart_id, product_id, quantity) VALUES (203, 103, 131, 2);
INSERT INTO cart_items (cart_item_id, cart_id, product_id, quantity) VALUES (204, 103, 102, 1);
INSERT INTO carts (cart_id, user_id) VALUES (104, 275);
INSERT INTO cart_items (cart_item_id, cart_id, product_id, quantity) VALUES (205, 104, 49, 3);
INSERT INTO cart_items (cart_item_id, cart_id, product_id, quantity) VALUES (206, 104, 14, 3);
INSERT INTO carts (cart_id, user_id) VALUES (105, 273);
INSERT INTO cart_items (cart_item_id, cart_id, product_id, quantity) VALUES (207, 105, 38, 3);
INSERT INTO cart_items (cart_item_id, cart_id, product_id, quantity) VALUES (208, 105, 70, 2);
INSERT INTO carts (cart_id, user_id) VALUES (106, 109);
INSERT INTO cart_items (cart_item_id, cart_id, product_id, quantity) VALUES (209, 106, 4, 3);
INSERT INTO cart_items (cart_item_id, cart_id, product_id, quantity) VALUES (210, 106, 135, 2);
INSERT INTO cart_items (cart_item_id, cart_id, product_id, quantity) VALUES (211, 106, 171, 2);
INSERT INTO carts (cart_id, user_id) VALUES (107, 60);
INSERT INTO cart_items (cart_item_id, cart_id, product_id, quantity) VALUES (212, 107, 58, 1);
INSERT INTO cart_items (cart_item_id, cart_id, product_id, quantity) VALUES (213, 107, 70, 3);
INSERT INTO cart_items (cart_item_id, cart_id, product_id, quantity) VALUES (214, 107, 74, 3);
INSERT INTO carts (cart_id, user_id) VALUES (108, 253);
INSERT INTO cart_items (cart_item_id, cart_id, product_id, quantity) VALUES (215, 108, 76, 3);
INSERT INTO carts (cart_id, user_id) VALUES (109, 299);
INSERT INTO cart_items (cart_item_id, cart_id, product_id, quantity) VALUES (216, 109, 171, 2);
INSERT INTO cart_items (cart_item_id, cart_id, product_id, quantity) VALUES (217, 109, 144, 2);
INSERT INTO carts (cart_id, user_id) VALUES (110, 164);
INSERT INTO cart_items (cart_item_id, cart_id, product_id, quantity) VALUES (218, 110, 54, 1);
INSERT INTO cart_items (cart_item_id, cart_id, product_id, quantity) VALUES (219, 110, 23, 3);
INSERT INTO cart_items (cart_item_id, cart_id, product_id, quantity) VALUES (220, 110, 158, 3);
INSERT INTO carts (cart_id, user_id) VALUES (111, 121);
INSERT INTO cart_items (cart_item_id, cart_id, product_id, quantity) VALUES (221, 111, 156, 1);
INSERT INTO carts (cart_id, user_id) VALUES (112, 250);
INSERT INTO cart_items (cart_item_id, cart_id, product_id, quantity) VALUES (222, 112, 52, 2);
INSERT INTO cart_items (cart_item_id, cart_id, product_id, quantity) VALUES (223, 112, 141, 2);
INSERT INTO carts (cart_id, user_id) VALUES (113, 142);
INSERT INTO cart_items (cart_item_id, cart_id, product_id, quantity) VALUES (224, 113, 192, 1);
INSERT INTO cart_items (cart_item_id, cart_id, product_id, quantity) VALUES (225, 113, 81, 2);
INSERT INTO carts (cart_id, user_id) VALUES (114, 149);
INSERT INTO cart_items (cart_item_id, cart_id, product_id, quantity) VALUES (226, 114, 82, 3);
INSERT INTO cart_items (cart_item_id, cart_id, product_id, quantity) VALUES (227, 114, 80, 1);
INSERT INTO carts (cart_id, user_id) VALUES (115, 77);
INSERT INTO cart_items (cart_item_id, cart_id, product_id, quantity) VALUES (228, 115, 35, 1);
INSERT INTO cart_items (cart_item_id, cart_id, product_id, quantity) VALUES (229, 115, 69, 3);
INSERT INTO carts (cart_id, user_id) VALUES (116, 83);
INSERT INTO cart_items (cart_item_id, cart_id, product_id, quantity) VALUES (230, 116, 107, 3);
INSERT INTO carts (cart_id, user_id) VALUES (117, 51);
INSERT INTO cart_items (cart_item_id, cart_id, product_id, quantity) VALUES (231, 117, 184, 2);
INSERT INTO carts (cart_id, user_id) VALUES (118, 233);
INSERT INTO cart_items (cart_item_id, cart_id, product_id, quantity) VALUES (232, 118, 142, 3);
INSERT INTO cart_items (cart_item_id, cart_id, product_id, quantity) VALUES (233, 118, 29, 1);
INSERT INTO cart_items (cart_item_id, cart_id, product_id, quantity) VALUES (234, 118, 139, 3);
INSERT INTO carts (cart_id, user_id) VALUES (119, 176);
INSERT INTO cart_items (cart_item_id, cart_id, product_id, quantity) VALUES (235, 119, 38, 3);
INSERT INTO carts (cart_id, user_id) VALUES (120, 185);
INSERT INTO cart_items (cart_item_id, cart_id, product_id, quantity) VALUES (236, 120, 12, 3);
INSERT INTO cart_items (cart_item_id, cart_id, product_id, quantity) VALUES (237, 120, 133, 3);
INSERT INTO cart_items (cart_item_id, cart_id, product_id, quantity) VALUES (238, 120, 143, 1);
INSERT INTO carts (cart_id, user_id) VALUES (121, 211);
INSERT INTO cart_items (cart_item_id, cart_id, product_id, quantity) VALUES (239, 121, 161, 2);
INSERT INTO cart_items (cart_item_id, cart_id, product_id, quantity) VALUES (240, 121, 11, 1);
INSERT INTO cart_items (cart_item_id, cart_id, product_id, quantity) VALUES (241, 121, 27, 1);
INSERT INTO carts (cart_id, user_id) VALUES (122, 294);
INSERT INTO cart_items (cart_item_id, cart_id, product_id, quantity) VALUES (242, 122, 96, 1);
INSERT INTO carts (cart_id, user_id) VALUES (123, 118);
INSERT INTO cart_items (cart_item_id, cart_id, product_id, quantity) VALUES (243, 123, 109, 1);
INSERT INTO cart_items (cart_item_id, cart_id, product_id, quantity) VALUES (244, 123, 126, 3);
INSERT INTO carts (cart_id, user_id) VALUES (124, 270);
INSERT INTO cart_items (cart_item_id, cart_id, product_id, quantity) VALUES (245, 124, 172, 1);
INSERT INTO cart_items (cart_item_id, cart_id, product_id, quantity) VALUES (246, 124, 74, 1);
INSERT INTO carts (cart_id, user_id) VALUES (125, 82);
INSERT INTO cart_items (cart_item_id, cart_id, product_id, quantity) VALUES (247, 125, 130, 1);
INSERT INTO carts (cart_id, user_id) VALUES (126, 145);
INSERT INTO cart_items (cart_item_id, cart_id, product_id, quantity) VALUES (248, 126, 67, 3);
INSERT INTO cart_items (cart_item_id, cart_id, product_id, quantity) VALUES (249, 126, 155, 1);
INSERT INTO carts (cart_id, user_id) VALUES (127, 138);
INSERT INTO cart_items (cart_item_id, cart_id, product_id, quantity) VALUES (250, 127, 62, 1);
INSERT INTO cart_items (cart_item_id, cart_id, product_id, quantity) VALUES (251, 127, 59, 1);
INSERT INTO carts (cart_id, user_id) VALUES (128, 165);
INSERT INTO cart_items (cart_item_id, cart_id, product_id, quantity) VALUES (252, 128, 126, 2);
INSERT INTO cart_items (cart_item_id, cart_id, product_id, quantity) VALUES (253, 128, 133, 1);
INSERT INTO carts (cart_id, user_id) VALUES (129, 260);
INSERT INTO cart_items (cart_item_id, cart_id, product_id, quantity) VALUES (254, 129, 111, 2);
INSERT INTO carts (cart_id, user_id) VALUES (130, 293);
INSERT INTO cart_items (cart_item_id, cart_id, product_id, quantity) VALUES (255, 130, 173, 1);
INSERT INTO carts (cart_id, user_id) VALUES (131, 67);
INSERT INTO cart_items (cart_item_id, cart_id, product_id, quantity) VALUES (256, 131, 181, 1);
INSERT INTO cart_items (cart_item_id, cart_id, product_id, quantity) VALUES (257, 131, 59, 1);
INSERT INTO cart_items (cart_item_id, cart_id, product_id, quantity) VALUES (258, 131, 103, 1);
INSERT INTO carts (cart_id, user_id) VALUES (132, 62);
INSERT INTO cart_items (cart_item_id, cart_id, product_id, quantity) VALUES (259, 132, 100, 3);
INSERT INTO carts (cart_id, user_id) VALUES (133, 114);
INSERT INTO cart_items (cart_item_id, cart_id, product_id, quantity) VALUES (260, 133, 139, 2);
INSERT INTO cart_items (cart_item_id, cart_id, product_id, quantity) VALUES (261, 133, 179, 3);
INSERT INTO carts (cart_id, user_id) VALUES (134, 61);
INSERT INTO cart_items (cart_item_id, cart_id, product_id, quantity) VALUES (262, 134, 164, 3);
INSERT INTO carts (cart_id, user_id) VALUES (135, 157);
INSERT INTO cart_items (cart_item_id, cart_id, product_id, quantity) VALUES (263, 135, 141, 1);
INSERT INTO carts (cart_id, user_id) VALUES (136, 28);
INSERT INTO cart_items (cart_item_id, cart_id, product_id, quantity) VALUES (264, 136, 13, 1);
INSERT INTO cart_items (cart_item_id, cart_id, product_id, quantity) VALUES (265, 136, 95, 1);
INSERT INTO cart_items (cart_item_id, cart_id, product_id, quantity) VALUES (266, 136, 10, 1);
INSERT INTO carts (cart_id, user_id) VALUES (137, 48);
INSERT INTO cart_items (cart_item_id, cart_id, product_id, quantity) VALUES (267, 137, 149, 2);
INSERT INTO carts (cart_id, user_id) VALUES (138, 255);
INSERT INTO cart_items (cart_item_id, cart_id, product_id, quantity) VALUES (268, 138, 90, 2);
INSERT INTO cart_items (cart_item_id, cart_id, product_id, quantity) VALUES (269, 138, 45, 1);
INSERT INTO cart_items (cart_item_id, cart_id, product_id, quantity) VALUES (270, 138, 75, 1);
INSERT INTO carts (cart_id, user_id) VALUES (139, 84);
INSERT INTO cart_items (cart_item_id, cart_id, product_id, quantity) VALUES (271, 139, 88, 2);
INSERT INTO cart_items (cart_item_id, cart_id, product_id, quantity) VALUES (272, 139, 22, 2);
INSERT INTO carts (cart_id, user_id) VALUES (140, 295);
INSERT INTO cart_items (cart_item_id, cart_id, product_id, quantity) VALUES (273, 140, 183, 2);
INSERT INTO cart_items (cart_item_id, cart_id, product_id, quantity) VALUES (274, 140, 113, 3);
INSERT INTO cart_items (cart_item_id, cart_id, product_id, quantity) VALUES (275, 140, 52, 3);
INSERT INTO carts (cart_id, user_id) VALUES (141, 225);
INSERT INTO cart_items (cart_item_id, cart_id, product_id, quantity) VALUES (276, 141, 95, 2);
INSERT INTO cart_items (cart_item_id, cart_id, product_id, quantity) VALUES (277, 141, 198, 2);
INSERT INTO cart_items (cart_item_id, cart_id, product_id, quantity) VALUES (278, 141, 15, 3);
INSERT INTO carts (cart_id, user_id) VALUES (142, 272);
INSERT INTO cart_items (cart_item_id, cart_id, product_id, quantity) VALUES (279, 142, 168, 3);
INSERT INTO cart_items (cart_item_id, cart_id, product_id, quantity) VALUES (280, 142, 66, 1);
INSERT INTO cart_items (cart_item_id, cart_id, product_id, quantity) VALUES (281, 142, 39, 1);
INSERT INTO carts (cart_id, user_id) VALUES (143, 198);
INSERT INTO cart_items (cart_item_id, cart_id, product_id, quantity) VALUES (282, 143, 90, 2);
INSERT INTO carts (cart_id, user_id) VALUES (144, 246);
INSERT INTO cart_items (cart_item_id, cart_id, product_id, quantity) VALUES (283, 144, 20, 2);
INSERT INTO carts (cart_id, user_id) VALUES (145, 120);
INSERT INTO cart_items (cart_item_id, cart_id, product_id, quantity) VALUES (284, 145, 32, 3);
INSERT INTO cart_items (cart_item_id, cart_id, product_id, quantity) VALUES (285, 145, 118, 2);
INSERT INTO cart_items (cart_item_id, cart_id, product_id, quantity) VALUES (286, 145, 200, 2);
INSERT INTO carts (cart_id, user_id) VALUES (146, 279);
INSERT INTO cart_items (cart_item_id, cart_id, product_id, quantity) VALUES (287, 146, 65, 1);
INSERT INTO cart_items (cart_item_id, cart_id, product_id, quantity) VALUES (288, 146, 50, 1);
INSERT INTO cart_items (cart_item_id, cart_id, product_id, quantity) VALUES (289, 146, 101, 3);
INSERT INTO carts (cart_id, user_id) VALUES (147, 41);
INSERT INTO cart_items (cart_item_id, cart_id, product_id, quantity) VALUES (290, 147, 59, 3);
INSERT INTO cart_items (cart_item_id, cart_id, product_id, quantity) VALUES (291, 147, 118, 3);
INSERT INTO cart_items (cart_item_id, cart_id, product_id, quantity) VALUES (292, 147, 83, 3);
INSERT INTO carts (cart_id, user_id) VALUES (148, 68);
INSERT INTO cart_items (cart_item_id, cart_id, product_id, quantity) VALUES (293, 148, 104, 1);
INSERT INTO carts (cart_id, user_id) VALUES (149, 217);
INSERT INTO cart_items (cart_item_id, cart_id, product_id, quantity) VALUES (294, 149, 94, 1);
INSERT INTO cart_items (cart_item_id, cart_id, product_id, quantity) VALUES (295, 149, 31, 2);
INSERT INTO cart_items (cart_item_id, cart_id, product_id, quantity) VALUES (296, 149, 164, 3);
INSERT INTO carts (cart_id, user_id) VALUES (150, 26);
INSERT INTO cart_items (cart_item_id, cart_id, product_id, quantity) VALUES (297, 150, 178, 2);
INSERT INTO carts (cart_id, user_id) VALUES (151, 130);
INSERT INTO cart_items (cart_item_id, cart_id, product_id, quantity) VALUES (298, 151, 125, 2);
INSERT INTO cart_items (cart_item_id, cart_id, product_id, quantity) VALUES (299, 151, 121, 2);
INSERT INTO cart_items (cart_item_id, cart_id, product_id, quantity) VALUES (300, 151, 168, 3);
INSERT INTO carts (cart_id, user_id) VALUES (152, 143);
INSERT INTO cart_items (cart_item_id, cart_id, product_id, quantity) VALUES (301, 152, 19, 1);
INSERT INTO cart_items (cart_item_id, cart_id, product_id, quantity) VALUES (302, 152, 117, 3);
INSERT INTO cart_items (cart_item_id, cart_id, product_id, quantity) VALUES (303, 152, 11, 3);
INSERT INTO carts (cart_id, user_id) VALUES (153, 17);
INSERT INTO cart_items (cart_item_id, cart_id, product_id, quantity) VALUES (304, 153, 79, 1);
INSERT INTO carts (cart_id, user_id) VALUES (154, 274);
INSERT INTO cart_items (cart_item_id, cart_id, product_id, quantity) VALUES (305, 154, 11, 1);
INSERT INTO cart_items (cart_item_id, cart_id, product_id, quantity) VALUES (306, 154, 148, 1);
INSERT INTO cart_items (cart_item_id, cart_id, product_id, quantity) VALUES (307, 154, 143, 1);
INSERT INTO carts (cart_id, user_id) VALUES (155, 132);
INSERT INTO cart_items (cart_item_id, cart_id, product_id, quantity) VALUES (308, 155, 182, 2);
INSERT INTO cart_items (cart_item_id, cart_id, product_id, quantity) VALUES (309, 155, 194, 1);
INSERT INTO cart_items (cart_item_id, cart_id, product_id, quantity) VALUES (310, 155, 141, 2);
INSERT INTO carts (cart_id, user_id) VALUES (156, 241);
INSERT INTO cart_items (cart_item_id, cart_id, product_id, quantity) VALUES (311, 156, 66, 2);
INSERT INTO cart_items (cart_item_id, cart_id, product_id, quantity) VALUES (312, 156, 196, 2);
INSERT INTO carts (cart_id, user_id) VALUES (157, 150);
INSERT INTO cart_items (cart_item_id, cart_id, product_id, quantity) VALUES (313, 157, 27, 3);
INSERT INTO cart_items (cart_item_id, cart_id, product_id, quantity) VALUES (314, 157, 42, 3);
INSERT INTO carts (cart_id, user_id) VALUES (158, 162);
INSERT INTO cart_items (cart_item_id, cart_id, product_id, quantity) VALUES (315, 158, 9, 3);
INSERT INTO carts (cart_id, user_id) VALUES (159, 154);
INSERT INTO cart_items (cart_item_id, cart_id, product_id, quantity) VALUES (316, 159, 158, 1);
INSERT INTO cart_items (cart_item_id, cart_id, product_id, quantity) VALUES (317, 159, 5, 3);
INSERT INTO cart_items (cart_item_id, cart_id, product_id, quantity) VALUES (318, 159, 48, 2);
INSERT INTO carts (cart_id, user_id) VALUES (160, 266);
INSERT INTO cart_items (cart_item_id, cart_id, product_id, quantity) VALUES (319, 160, 57, 2);
INSERT INTO cart_items (cart_item_id, cart_id, product_id, quantity) VALUES (320, 160, 42, 1);
INSERT INTO carts (cart_id, user_id) VALUES (161, 204);
INSERT INTO cart_items (cart_item_id, cart_id, product_id, quantity) VALUES (321, 161, 194, 1);
INSERT INTO cart_items (cart_item_id, cart_id, product_id, quantity) VALUES (322, 161, 64, 3);
INSERT INTO cart_items (cart_item_id, cart_id, product_id, quantity) VALUES (323, 161, 144, 3);
INSERT INTO carts (cart_id, user_id) VALUES (162, 186);
INSERT INTO cart_items (cart_item_id, cart_id, product_id, quantity) VALUES (324, 162, 176, 1);
INSERT INTO cart_items (cart_item_id, cart_id, product_id, quantity) VALUES (325, 162, 13, 3);
INSERT INTO carts (cart_id, user_id) VALUES (163, 231);
INSERT INTO cart_items (cart_item_id, cart_id, product_id, quantity) VALUES (326, 163, 121, 2);
INSERT INTO carts (cart_id, user_id) VALUES (164, 218);
INSERT INTO cart_items (cart_item_id, cart_id, product_id, quantity) VALUES (327, 164, 161, 3);
INSERT INTO cart_items (cart_item_id, cart_id, product_id, quantity) VALUES (328, 164, 69, 2);
INSERT INTO cart_items (cart_item_id, cart_id, product_id, quantity) VALUES (329, 164, 16, 2);
INSERT INTO carts (cart_id, user_id) VALUES (165, 230);
INSERT INTO cart_items (cart_item_id, cart_id, product_id, quantity) VALUES (330, 165, 36, 3);
INSERT INTO carts (cart_id, user_id) VALUES (166, 92);
INSERT INTO cart_items (cart_item_id, cart_id, product_id, quantity) VALUES (331, 166, 82, 3);
INSERT INTO cart_items (cart_item_id, cart_id, product_id, quantity) VALUES (332, 166, 107, 3);
INSERT INTO carts (cart_id, user_id) VALUES (167, 200);
INSERT INTO cart_items (cart_item_id, cart_id, product_id, quantity) VALUES (333, 167, 137, 3);
INSERT INTO cart_items (cart_item_id, cart_id, product_id, quantity) VALUES (334, 167, 9, 1);
INSERT INTO carts (cart_id, user_id) VALUES (168, 166);
INSERT INTO cart_items (cart_item_id, cart_id, product_id, quantity) VALUES (335, 168, 169, 1);
INSERT INTO cart_items (cart_item_id, cart_id, product_id, quantity) VALUES (336, 168, 172, 1);
INSERT INTO cart_items (cart_item_id, cart_id, product_id, quantity) VALUES (337, 168, 134, 2);
INSERT INTO carts (cart_id, user_id) VALUES (169, 277);
INSERT INTO cart_items (cart_item_id, cart_id, product_id, quantity) VALUES (338, 169, 99, 2);
INSERT INTO carts (cart_id, user_id) VALUES (170, 110);
INSERT INTO cart_items (cart_item_id, cart_id, product_id, quantity) VALUES (339, 170, 65, 3);
INSERT INTO carts (cart_id, user_id) VALUES (171, 117);
INSERT INTO cart_items (cart_item_id, cart_id, product_id, quantity) VALUES (340, 171, 176, 2);
INSERT INTO cart_items (cart_item_id, cart_id, product_id, quantity) VALUES (341, 171, 30, 3);
INSERT INTO carts (cart_id, user_id) VALUES (172, 210);
INSERT INTO cart_items (cart_item_id, cart_id, product_id, quantity) VALUES (342, 172, 11, 1);
INSERT INTO cart_items (cart_item_id, cart_id, product_id, quantity) VALUES (343, 172, 34, 2);
INSERT INTO cart_items (cart_item_id, cart_id, product_id, quantity) VALUES (344, 172, 166, 2);
INSERT INTO carts (cart_id, user_id) VALUES (173, 133);
INSERT INTO cart_items (cart_item_id, cart_id, product_id, quantity) VALUES (345, 173, 66, 3);
INSERT INTO carts (cart_id, user_id) VALUES (174, 269);
INSERT INTO cart_items (cart_item_id, cart_id, product_id, quantity) VALUES (346, 174, 134, 1);
INSERT INTO cart_items (cart_item_id, cart_id, product_id, quantity) VALUES (347, 174, 84, 1);
INSERT INTO carts (cart_id, user_id) VALUES (175, 12);
INSERT INTO cart_items (cart_item_id, cart_id, product_id, quantity) VALUES (348, 175, 197, 1);
INSERT INTO cart_items (cart_item_id, cart_id, product_id, quantity) VALUES (349, 175, 199, 3);
INSERT INTO cart_items (cart_item_id, cart_id, product_id, quantity) VALUES (350, 175, 86, 2);
INSERT INTO carts (cart_id, user_id) VALUES (176, 267);
INSERT INTO cart_items (cart_item_id, cart_id, product_id, quantity) VALUES (351, 176, 4, 2);
INSERT INTO carts (cart_id, user_id) VALUES (177, 97);
INSERT INTO cart_items (cart_item_id, cart_id, product_id, quantity) VALUES (352, 177, 37, 1);
INSERT INTO cart_items (cart_item_id, cart_id, product_id, quantity) VALUES (353, 177, 137, 1);
INSERT INTO carts (cart_id, user_id) VALUES (178, 69);
INSERT INTO cart_items (cart_item_id, cart_id, product_id, quantity) VALUES (354, 178, 64, 2);
INSERT INTO cart_items (cart_item_id, cart_id, product_id, quantity) VALUES (355, 178, 129, 3);
INSERT INTO carts (cart_id, user_id) VALUES (179, 85);
INSERT INTO cart_items (cart_item_id, cart_id, product_id, quantity) VALUES (356, 179, 199, 2);
INSERT INTO carts (cart_id, user_id) VALUES (180, 79);
INSERT INTO cart_items (cart_item_id, cart_id, product_id, quantity) VALUES (357, 180, 168, 2);
INSERT INTO cart_items (cart_item_id, cart_id, product_id, quantity) VALUES (358, 180, 90, 3);
INSERT INTO cart_items (cart_item_id, cart_id, product_id, quantity) VALUES (359, 180, 186, 3);
INSERT INTO carts (cart_id, user_id) VALUES (181, 46);
INSERT INTO cart_items (cart_item_id, cart_id, product_id, quantity) VALUES (360, 181, 194, 1);
INSERT INTO carts (cart_id, user_id) VALUES (182, 284);
INSERT INTO cart_items (cart_item_id, cart_id, product_id, quantity) VALUES (361, 182, 116, 2);
INSERT INTO cart_items (cart_item_id, cart_id, product_id, quantity) VALUES (362, 182, 190, 2);
INSERT INTO carts (cart_id, user_id) VALUES (183, 227);
INSERT INTO cart_items (cart_item_id, cart_id, product_id, quantity) VALUES (363, 183, 137, 3);
INSERT INTO cart_items (cart_item_id, cart_id, product_id, quantity) VALUES (364, 183, 8, 2);
INSERT INTO cart_items (cart_item_id, cart_id, product_id, quantity) VALUES (365, 183, 101, 1);
INSERT INTO carts (cart_id, user_id) VALUES (184, 181);
INSERT INTO cart_items (cart_item_id, cart_id, product_id, quantity) VALUES (366, 184, 186, 2);
INSERT INTO cart_items (cart_item_id, cart_id, product_id, quantity) VALUES (367, 184, 40, 2);
INSERT INTO cart_items (cart_item_id, cart_id, product_id, quantity) VALUES (368, 184, 165, 2);
INSERT INTO carts (cart_id, user_id) VALUES (185, 66);
INSERT INTO cart_items (cart_item_id, cart_id, product_id, quantity) VALUES (369, 185, 42, 3);
INSERT INTO cart_items (cart_item_id, cart_id, product_id, quantity) VALUES (370, 185, 89, 2);
INSERT INTO carts (cart_id, user_id) VALUES (186, 243);
INSERT INTO cart_items (cart_item_id, cart_id, product_id, quantity) VALUES (371, 186, 12, 1);
INSERT INTO cart_items (cart_item_id, cart_id, product_id, quantity) VALUES (372, 186, 119, 2);
INSERT INTO cart_items (cart_item_id, cart_id, product_id, quantity) VALUES (373, 186, 106, 1);
INSERT INTO carts (cart_id, user_id) VALUES (187, 93);
INSERT INTO cart_items (cart_item_id, cart_id, product_id, quantity) VALUES (374, 187, 99, 2);
INSERT INTO cart_items (cart_item_id, cart_id, product_id, quantity) VALUES (375, 187, 25, 2);
INSERT INTO cart_items (cart_item_id, cart_id, product_id, quantity) VALUES (376, 187, 70, 1);
INSERT INTO carts (cart_id, user_id) VALUES (188, 268);
INSERT INTO cart_items (cart_item_id, cart_id, product_id, quantity) VALUES (377, 188, 70, 3);
INSERT INTO cart_items (cart_item_id, cart_id, product_id, quantity) VALUES (378, 188, 22, 3);
INSERT INTO cart_items (cart_item_id, cart_id, product_id, quantity) VALUES (379, 188, 92, 3);
INSERT INTO carts (cart_id, user_id) VALUES (189, 254);
INSERT INTO cart_items (cart_item_id, cart_id, product_id, quantity) VALUES (380, 189, 46, 3);
INSERT INTO carts (cart_id, user_id) VALUES (190, 1);
INSERT INTO cart_items (cart_item_id, cart_id, product_id, quantity) VALUES (381, 190, 52, 3);
INSERT INTO carts (cart_id, user_id) VALUES (191, 15);
INSERT INTO cart_items (cart_item_id, cart_id, product_id, quantity) VALUES (382, 191, 103, 1);
INSERT INTO cart_items (cart_item_id, cart_id, product_id, quantity) VALUES (383, 191, 140, 2);
INSERT INTO cart_items (cart_item_id, cart_id, product_id, quantity) VALUES (384, 191, 114, 1);
INSERT INTO carts (cart_id, user_id) VALUES (192, 264);
INSERT INTO cart_items (cart_item_id, cart_id, product_id, quantity) VALUES (385, 192, 87, 1);
INSERT INTO carts (cart_id, user_id) VALUES (193, 232);
INSERT INTO cart_items (cart_item_id, cart_id, product_id, quantity) VALUES (386, 193, 144, 2);
INSERT INTO carts (cart_id, user_id) VALUES (194, 199);
INSERT INTO cart_items (cart_item_id, cart_id, product_id, quantity) VALUES (387, 194, 63, 1);
INSERT INTO cart_items (cart_item_id, cart_id, product_id, quantity) VALUES (388, 194, 106, 2);
INSERT INTO cart_items (cart_item_id, cart_id, product_id, quantity) VALUES (389, 194, 6, 3);
INSERT INTO carts (cart_id, user_id) VALUES (195, 160);
INSERT INTO cart_items (cart_item_id, cart_id, product_id, quantity) VALUES (390, 195, 38, 3);
INSERT INTO carts (cart_id, user_id) VALUES (196, 248);
INSERT INTO cart_items (cart_item_id, cart_id, product_id, quantity) VALUES (391, 196, 41, 1);
INSERT INTO cart_items (cart_item_id, cart_id, product_id, quantity) VALUES (392, 196, 72, 3);
INSERT INTO carts (cart_id, user_id) VALUES (197, 153);
INSERT INTO cart_items (cart_item_id, cart_id, product_id, quantity) VALUES (393, 197, 100, 2);
INSERT INTO cart_items (cart_item_id, cart_id, product_id, quantity) VALUES (394, 197, 165, 1);
INSERT INTO cart_items (cart_item_id, cart_id, product_id, quantity) VALUES (395, 197, 17, 1);
INSERT INTO carts (cart_id, user_id) VALUES (198, 208);
INSERT INTO cart_items (cart_item_id, cart_id, product_id, quantity) VALUES (396, 198, 100, 1);
INSERT INTO carts (cart_id, user_id) VALUES (199, 156);
INSERT INTO cart_items (cart_item_id, cart_id, product_id, quantity) VALUES (397, 199, 169, 3);
INSERT INTO carts (cart_id, user_id) VALUES (200, 215);
INSERT INTO cart_items (cart_item_id, cart_id, product_id, quantity) VALUES (398, 200, 1, 1);
INSERT INTO cart_items (cart_item_id, cart_id, product_id, quantity) VALUES (399, 200, 32, 1);
INSERT INTO carts (cart_id, user_id) VALUES (201, 245);
INSERT INTO cart_items (cart_item_id, cart_id, product_id, quantity) VALUES (400, 201, 40, 2);
INSERT INTO cart_items (cart_item_id, cart_id, product_id, quantity) VALUES (401, 201, 82, 2);
INSERT INTO cart_items (cart_item_id, cart_id, product_id, quantity) VALUES (402, 201, 184, 3);
INSERT INTO carts (cart_id, user_id) VALUES (202, 184);
INSERT INTO cart_items (cart_item_id, cart_id, product_id, quantity) VALUES (403, 202, 110, 3);
INSERT INTO cart_items (cart_item_id, cart_id, product_id, quantity) VALUES (404, 202, 1, 2);
INSERT INTO cart_items (cart_item_id, cart_id, product_id, quantity) VALUES (405, 202, 129, 2);
INSERT INTO carts (cart_id, user_id) VALUES (203, 122);
INSERT INTO cart_items (cart_item_id, cart_id, product_id, quantity) VALUES (406, 203, 184, 2);
INSERT INTO cart_items (cart_item_id, cart_id, product_id, quantity) VALUES (407, 203, 66, 1);
INSERT INTO cart_items (cart_item_id, cart_id, product_id, quantity) VALUES (408, 203, 19, 1);
INSERT INTO carts (cart_id, user_id) VALUES (204, 213);
INSERT INTO cart_items (cart_item_id, cart_id, product_id, quantity) VALUES (409, 204, 115, 3);
INSERT INTO cart_items (cart_item_id, cart_id, product_id, quantity) VALUES (410, 204, 88, 3);
INSERT INTO cart_items (cart_item_id, cart_id, product_id, quantity) VALUES (411, 204, 107, 2);
INSERT INTO carts (cart_id, user_id) VALUES (205, 291);
INSERT INTO cart_items (cart_item_id, cart_id, product_id, quantity) VALUES (412, 205, 58, 2);
INSERT INTO cart_items (cart_item_id, cart_id, product_id, quantity) VALUES (413, 205, 197, 2);
INSERT INTO carts (cart_id, user_id) VALUES (206, 222);
INSERT INTO cart_items (cart_item_id, cart_id, product_id, quantity) VALUES (414, 206, 81, 3);
INSERT INTO carts (cart_id, user_id) VALUES (207, 190);
INSERT INTO cart_items (cart_item_id, cart_id, product_id, quantity) VALUES (415, 207, 125, 3);
INSERT INTO carts (cart_id, user_id) VALUES (208, 124);
INSERT INTO cart_items (cart_item_id, cart_id, product_id, quantity) VALUES (416, 208, 106, 3);
INSERT INTO cart_items (cart_item_id, cart_id, product_id, quantity) VALUES (417, 208, 46, 1);
INSERT INTO carts (cart_id, user_id) VALUES (209, 202);
INSERT INTO cart_items (cart_item_id, cart_id, product_id, quantity) VALUES (418, 209, 60, 3);
INSERT INTO carts (cart_id, user_id) VALUES (210, 40);
INSERT INTO cart_items (cart_item_id, cart_id, product_id, quantity) VALUES (419, 210, 73, 2);
INSERT INTO cart_items (cart_item_id, cart_id, product_id, quantity) VALUES (420, 210, 70, 1);
INSERT INTO carts (cart_id, user_id) VALUES (211, 95);
INSERT INTO cart_items (cart_item_id, cart_id, product_id, quantity) VALUES (421, 211, 119, 3);
INSERT INTO carts (cart_id, user_id) VALUES (212, 29);
INSERT INTO cart_items (cart_item_id, cart_id, product_id, quantity) VALUES (422, 212, 81, 3);
INSERT INTO cart_items (cart_item_id, cart_id, product_id, quantity) VALUES (423, 212, 22, 1);
INSERT INTO cart_items (cart_item_id, cart_id, product_id, quantity) VALUES (424, 212, 121, 1);
INSERT INTO carts (cart_id, user_id) VALUES (213, 33);
INSERT INTO cart_items (cart_item_id, cart_id, product_id, quantity) VALUES (425, 213, 59, 3);
INSERT INTO carts (cart_id, user_id) VALUES (214, 47);
INSERT INTO cart_items (cart_item_id, cart_id, product_id, quantity) VALUES (426, 214, 78, 2);
INSERT INTO cart_items (cart_item_id, cart_id, product_id, quantity) VALUES (427, 214, 168, 2);
INSERT INTO carts (cart_id, user_id) VALUES (215, 286);
INSERT INTO cart_items (cart_item_id, cart_id, product_id, quantity) VALUES (428, 215, 98, 2);
INSERT INTO carts (cart_id, user_id) VALUES (216, 25);
INSERT INTO cart_items (cart_item_id, cart_id, product_id, quantity) VALUES (429, 216, 174, 1);
INSERT INTO cart_items (cart_item_id, cart_id, product_id, quantity) VALUES (430, 216, 116, 2);
INSERT INTO cart_items (cart_item_id, cart_id, product_id, quantity) VALUES (431, 216, 40, 1);
INSERT INTO carts (cart_id, user_id) VALUES (217, 234);
INSERT INTO cart_items (cart_item_id, cart_id, product_id, quantity) VALUES (432, 217, 120, 1);
INSERT INTO cart_items (cart_item_id, cart_id, product_id, quantity) VALUES (433, 217, 114, 3);
INSERT INTO carts (cart_id, user_id) VALUES (218, 161);
INSERT INTO cart_items (cart_item_id, cart_id, product_id, quantity) VALUES (434, 218, 1, 1);
INSERT INTO cart_items (cart_item_id, cart_id, product_id, quantity) VALUES (435, 218, 145, 1);
INSERT INTO carts (cart_id, user_id) VALUES (219, 262);
INSERT INTO cart_items (cart_item_id, cart_id, product_id, quantity) VALUES (436, 219, 100, 1);
INSERT INTO cart_items (cart_item_id, cart_id, product_id, quantity) VALUES (437, 219, 33, 1);
INSERT INTO carts (cart_id, user_id) VALUES (220, 31);
INSERT INTO cart_items (cart_item_id, cart_id, product_id, quantity) VALUES (438, 220, 76, 2);
INSERT INTO cart_items (cart_item_id, cart_id, product_id, quantity) VALUES (439, 220, 148, 3);
INSERT INTO cart_items (cart_item_id, cart_id, product_id, quantity) VALUES (440, 220, 34, 2);
INSERT INTO carts (cart_id, user_id) VALUES (221, 201);
INSERT INTO cart_items (cart_item_id, cart_id, product_id, quantity) VALUES (441, 221, 162, 1);
INSERT INTO cart_items (cart_item_id, cart_id, product_id, quantity) VALUES (442, 221, 200, 3);
INSERT INTO carts (cart_id, user_id) VALUES (222, 158);
INSERT INTO cart_items (cart_item_id, cart_id, product_id, quantity) VALUES (443, 222, 13, 2);
INSERT INTO cart_items (cart_item_id, cart_id, product_id, quantity) VALUES (444, 222, 151, 2);
INSERT INTO cart_items (cart_item_id, cart_id, product_id, quantity) VALUES (445, 222, 130, 2);
INSERT INTO carts (cart_id, user_id) VALUES (223, 32);
INSERT INTO cart_items (cart_item_id, cart_id, product_id, quantity) VALUES (446, 223, 158, 1);
INSERT INTO cart_items (cart_item_id, cart_id, product_id, quantity) VALUES (447, 223, 90, 1);
INSERT INTO cart_items (cart_item_id, cart_id, product_id, quantity) VALUES (448, 223, 198, 2);
INSERT INTO carts (cart_id, user_id) VALUES (224, 237);
INSERT INTO cart_items (cart_item_id, cart_id, product_id, quantity) VALUES (449, 224, 190, 3);
INSERT INTO cart_items (cart_item_id, cart_id, product_id, quantity) VALUES (450, 224, 137, 2);
INSERT INTO cart_items (cart_item_id, cart_id, product_id, quantity) VALUES (451, 224, 60, 3);
INSERT INTO carts (cart_id, user_id) VALUES (225, 8);
INSERT INTO cart_items (cart_item_id, cart_id, product_id, quantity) VALUES (452, 225, 17, 1);
INSERT INTO cart_items (cart_item_id, cart_id, product_id, quantity) VALUES (453, 225, 124, 2);
INSERT INTO cart_items (cart_item_id, cart_id, product_id, quantity) VALUES (454, 225, 132, 2);
INSERT INTO carts (cart_id, user_id) VALUES (226, 90);
INSERT INTO cart_items (cart_item_id, cart_id, product_id, quantity) VALUES (455, 226, 89, 1);
INSERT INTO cart_items (cart_item_id, cart_id, product_id, quantity) VALUES (456, 226, 82, 2);
INSERT INTO cart_items (cart_item_id, cart_id, product_id, quantity) VALUES (457, 226, 175, 1);
INSERT INTO carts (cart_id, user_id) VALUES (227, 4);
INSERT INTO cart_items (cart_item_id, cart_id, product_id, quantity) VALUES (458, 227, 144, 3);
INSERT INTO cart_items (cart_item_id, cart_id, product_id, quantity) VALUES (459, 227, 60, 3);
INSERT INTO cart_items (cart_item_id, cart_id, product_id, quantity) VALUES (460, 227, 164, 3);
INSERT INTO carts (cart_id, user_id) VALUES (228, 123);
INSERT INTO cart_items (cart_item_id, cart_id, product_id, quantity) VALUES (461, 228, 189, 3);
INSERT INTO carts (cart_id, user_id) VALUES (229, 18);
INSERT INTO cart_items (cart_item_id, cart_id, product_id, quantity) VALUES (462, 229, 72, 1);
INSERT INTO cart_items (cart_item_id, cart_id, product_id, quantity) VALUES (463, 229, 107, 3);
INSERT INTO carts (cart_id, user_id) VALUES (230, 2);
INSERT INTO cart_items (cart_item_id, cart_id, product_id, quantity) VALUES (464, 230, 27, 3);
INSERT INTO carts (cart_id, user_id) VALUES (231, 52);
INSERT INTO cart_items (cart_item_id, cart_id, product_id, quantity) VALUES (465, 231, 87, 3);
INSERT INTO carts (cart_id, user_id) VALUES (232, 265);
INSERT INTO cart_items (cart_item_id, cart_id, product_id, quantity) VALUES (466, 232, 179, 3);
INSERT INTO carts (cart_id, user_id) VALUES (233, 76);
INSERT INTO cart_items (cart_item_id, cart_id, product_id, quantity) VALUES (467, 233, 151, 3);
INSERT INTO cart_items (cart_item_id, cart_id, product_id, quantity) VALUES (468, 233, 179, 2);
INSERT INTO cart_items (cart_item_id, cart_id, product_id, quantity) VALUES (469, 233, 72, 1);
INSERT INTO carts (cart_id, user_id) VALUES (234, 168);
INSERT INTO cart_items (cart_item_id, cart_id, product_id, quantity) VALUES (470, 234, 26, 2);
INSERT INTO cart_items (cart_item_id, cart_id, product_id, quantity) VALUES (471, 234, 95, 2);
INSERT INTO cart_items (cart_item_id, cart_id, product_id, quantity) VALUES (472, 234, 115, 1);
INSERT INTO carts (cart_id, user_id) VALUES (235, 193);
INSERT INTO cart_items (cart_item_id, cart_id, product_id, quantity) VALUES (473, 235, 190, 3);
INSERT INTO cart_items (cart_item_id, cart_id, product_id, quantity) VALUES (474, 235, 35, 3);
INSERT INTO carts (cart_id, user_id) VALUES (236, 7);
INSERT INTO cart_items (cart_item_id, cart_id, product_id, quantity) VALUES (475, 236, 157, 3);
INSERT INTO cart_items (cart_item_id, cart_id, product_id, quantity) VALUES (476, 236, 145, 3);
INSERT INTO cart_items (cart_item_id, cart_id, product_id, quantity) VALUES (477, 236, 80, 1);
INSERT INTO carts (cart_id, user_id) VALUES (237, 226);
INSERT INTO cart_items (cart_item_id, cart_id, product_id, quantity) VALUES (478, 237, 27, 2);
INSERT INTO cart_items (cart_item_id, cart_id, product_id, quantity) VALUES (479, 237, 121, 2);
INSERT INTO carts (cart_id, user_id) VALUES (238, 127);
INSERT INTO cart_items (cart_item_id, cart_id, product_id, quantity) VALUES (480, 238, 47, 3);
INSERT INTO cart_items (cart_item_id, cart_id, product_id, quantity) VALUES (481, 238, 149, 3);
INSERT INTO carts (cart_id, user_id) VALUES (239, 155);
INSERT INTO cart_items (cart_item_id, cart_id, product_id, quantity) VALUES (482, 239, 194, 2);
INSERT INTO cart_items (cart_item_id, cart_id, product_id, quantity) VALUES (483, 239, 112, 1);
INSERT INTO cart_items (cart_item_id, cart_id, product_id, quantity) VALUES (484, 239, 22, 1);
INSERT INTO carts (cart_id, user_id) VALUES (240, 147);
INSERT INTO cart_items (cart_item_id, cart_id, product_id, quantity) VALUES (485, 240, 26, 3);
INSERT INTO carts (cart_id, user_id) VALUES (241, 57);
INSERT INTO cart_items (cart_item_id, cart_id, product_id, quantity) VALUES (486, 241, 64, 2);
INSERT INTO carts (cart_id, user_id) VALUES (242, 38);
INSERT INTO cart_items (cart_item_id, cart_id, product_id, quantity) VALUES (487, 242, 199, 2);
INSERT INTO cart_items (cart_item_id, cart_id, product_id, quantity) VALUES (488, 242, 60, 3);
INSERT INTO carts (cart_id, user_id) VALUES (243, 251);
INSERT INTO cart_items (cart_item_id, cart_id, product_id, quantity) VALUES (489, 243, 74, 1);
INSERT INTO cart_items (cart_item_id, cart_id, product_id, quantity) VALUES (490, 243, 68, 3);
INSERT INTO carts (cart_id, user_id) VALUES (244, 74);
INSERT INTO cart_items (cart_item_id, cart_id, product_id, quantity) VALUES (491, 244, 164, 2);
INSERT INTO carts (cart_id, user_id) VALUES (245, 129);
INSERT INTO cart_items (cart_item_id, cart_id, product_id, quantity) VALUES (492, 245, 152, 3);
INSERT INTO cart_items (cart_item_id, cart_id, product_id, quantity) VALUES (493, 245, 50, 2);
INSERT INTO carts (cart_id, user_id) VALUES (246, 59);
INSERT INTO cart_items (cart_item_id, cart_id, product_id, quantity) VALUES (494, 246, 35, 2);
INSERT INTO carts (cart_id, user_id) VALUES (247, 224);
INSERT INTO cart_items (cart_item_id, cart_id, product_id, quantity) VALUES (495, 247, 80, 3);
INSERT INTO carts (cart_id, user_id) VALUES (248, 223);
INSERT INTO cart_items (cart_item_id, cart_id, product_id, quantity) VALUES (496, 248, 78, 1);
INSERT INTO carts (cart_id, user_id) VALUES (249, 179);
INSERT INTO cart_items (cart_item_id, cart_id, product_id, quantity) VALUES (497, 249, 64, 1);
INSERT INTO carts (cart_id, user_id) VALUES (250, 203);
INSERT INTO cart_items (cart_item_id, cart_id, product_id, quantity) VALUES (498, 250, 130, 3);
INSERT INTO cart_items (cart_item_id, cart_id, product_id, quantity) VALUES (499, 250, 26, 1);
INSERT INTO carts (cart_id, user_id) VALUES (251, 271);
INSERT INTO cart_items (cart_item_id, cart_id, product_id, quantity) VALUES (500, 251, 18, 1);
INSERT INTO cart_items (cart_item_id, cart_id, product_id, quantity) VALUES (501, 251, 110, 2);
INSERT INTO cart_items (cart_item_id, cart_id, product_id, quantity) VALUES (502, 251, 131, 2);
INSERT INTO carts (cart_id, user_id) VALUES (252, 140);
INSERT INTO cart_items (cart_item_id, cart_id, product_id, quantity) VALUES (503, 252, 170, 3);
INSERT INTO cart_items (cart_item_id, cart_id, product_id, quantity) VALUES (504, 252, 73, 2);
INSERT INTO carts (cart_id, user_id) VALUES (253, 71);
INSERT INTO cart_items (cart_item_id, cart_id, product_id, quantity) VALUES (505, 253, 194, 2);
INSERT INTO cart_items (cart_item_id, cart_id, product_id, quantity) VALUES (506, 253, 73, 1);
INSERT INTO carts (cart_id, user_id) VALUES (254, 178);
INSERT INTO cart_items (cart_item_id, cart_id, product_id, quantity) VALUES (507, 254, 143, 2);
INSERT INTO carts (cart_id, user_id) VALUES (255, 183);
INSERT INTO cart_items (cart_item_id, cart_id, product_id, quantity) VALUES (508, 255, 149, 3);
INSERT INTO carts (cart_id, user_id) VALUES (256, 177);
INSERT INTO cart_items (cart_item_id, cart_id, product_id, quantity) VALUES (509, 256, 132, 1);
INSERT INTO cart_items (cart_item_id, cart_id, product_id, quantity) VALUES (510, 256, 48, 2);
INSERT INTO carts (cart_id, user_id) VALUES (257, 42);
INSERT INTO cart_items (cart_item_id, cart_id, product_id, quantity) VALUES (511, 257, 166, 3);
INSERT INTO cart_items (cart_item_id, cart_id, product_id, quantity) VALUES (512, 257, 181, 3);
INSERT INTO cart_items (cart_item_id, cart_id, product_id, quantity) VALUES (513, 257, 5, 2);
INSERT INTO carts (cart_id, user_id) VALUES (258, 196);
INSERT INTO cart_items (cart_item_id, cart_id, product_id, quantity) VALUES (514, 258, 70, 3);
INSERT INTO cart_items (cart_item_id, cart_id, product_id, quantity) VALUES (515, 258, 124, 1);
INSERT INTO cart_items (cart_item_id, cart_id, product_id, quantity) VALUES (516, 258, 50, 3);
INSERT INTO carts (cart_id, user_id) VALUES (259, 189);
INSERT INTO cart_items (cart_item_id, cart_id, product_id, quantity) VALUES (517, 259, 166, 2);
INSERT INTO carts (cart_id, user_id) VALUES (260, 104);
INSERT INTO cart_items (cart_item_id, cart_id, product_id, quantity) VALUES (518, 260, 88, 2);
INSERT INTO carts (cart_id, user_id) VALUES (261, 144);
INSERT INTO cart_items (cart_item_id, cart_id, product_id, quantity) VALUES (519, 261, 136, 1);
INSERT INTO cart_items (cart_item_id, cart_id, product_id, quantity) VALUES (520, 261, 78, 2);
INSERT INTO carts (cart_id, user_id) VALUES (262, 219);
INSERT INTO cart_items (cart_item_id, cart_id, product_id, quantity) VALUES (521, 262, 95, 2);
INSERT INTO cart_items (cart_item_id, cart_id, product_id, quantity) VALUES (522, 262, 191, 3);
INSERT INTO cart_items (cart_item_id, cart_id, product_id, quantity) VALUES (523, 262, 15, 2);
INSERT INTO carts (cart_id, user_id) VALUES (263, 159);
INSERT INTO cart_items (cart_item_id, cart_id, product_id, quantity) VALUES (524, 263, 38, 3);
INSERT INTO cart_items (cart_item_id, cart_id, product_id, quantity) VALUES (525, 263, 139, 1);
INSERT INTO carts (cart_id, user_id) VALUES (264, 195);
INSERT INTO cart_items (cart_item_id, cart_id, product_id, quantity) VALUES (526, 264, 101, 3);
INSERT INTO cart_items (cart_item_id, cart_id, product_id, quantity) VALUES (527, 264, 165, 1);
INSERT INTO carts (cart_id, user_id) VALUES (265, 173);
INSERT INTO cart_items (cart_item_id, cart_id, product_id, quantity) VALUES (528, 265, 129, 2);
INSERT INTO cart_items (cart_item_id, cart_id, product_id, quantity) VALUES (529, 265, 117, 3);
INSERT INTO cart_items (cart_item_id, cart_id, product_id, quantity) VALUES (530, 265, 171, 1);
INSERT INTO carts (cart_id, user_id) VALUES (266, 239);
INSERT INTO cart_items (cart_item_id, cart_id, product_id, quantity) VALUES (531, 266, 16, 3);
INSERT INTO cart_items (cart_item_id, cart_id, product_id, quantity) VALUES (532, 266, 20, 1);
INSERT INTO cart_items (cart_item_id, cart_id, product_id, quantity) VALUES (533, 266, 20, 1);
INSERT INTO carts (cart_id, user_id) VALUES (267, 136);
INSERT INTO cart_items (cart_item_id, cart_id, product_id, quantity) VALUES (534, 267, 69, 2);
INSERT INTO cart_items (cart_item_id, cart_id, product_id, quantity) VALUES (535, 267, 6, 2);
INSERT INTO carts (cart_id, user_id) VALUES (268, 27);
INSERT INTO cart_items (cart_item_id, cart_id, product_id, quantity) VALUES (536, 268, 180, 2);
INSERT INTO cart_items (cart_item_id, cart_id, product_id, quantity) VALUES (537, 268, 57, 1);
INSERT INTO cart_items (cart_item_id, cart_id, product_id, quantity) VALUES (538, 268, 144, 3);
INSERT INTO carts (cart_id, user_id) VALUES (269, 151);
INSERT INTO cart_items (cart_item_id, cart_id, product_id, quantity) VALUES (539, 269, 177, 3);
INSERT INTO carts (cart_id, user_id) VALUES (270, 112);
INSERT INTO cart_items (cart_item_id, cart_id, product_id, quantity) VALUES (540, 270, 15, 3);
INSERT INTO cart_items (cart_item_id, cart_id, product_id, quantity) VALUES (541, 270, 23, 2);
INSERT INTO cart_items (cart_item_id, cart_id, product_id, quantity) VALUES (542, 270, 35, 2);
INSERT INTO carts (cart_id, user_id) VALUES (271, 192);
INSERT INTO cart_items (cart_item_id, cart_id, product_id, quantity) VALUES (543, 271, 53, 2);
INSERT INTO carts (cart_id, user_id) VALUES (272, 297);
INSERT INTO cart_items (cart_item_id, cart_id, product_id, quantity) VALUES (544, 272, 177, 1);
INSERT INTO cart_items (cart_item_id, cart_id, product_id, quantity) VALUES (545, 272, 57, 3);
INSERT INTO cart_items (cart_item_id, cart_id, product_id, quantity) VALUES (546, 272, 103, 2);
INSERT INTO carts (cart_id, user_id) VALUES (273, 212);
INSERT INTO cart_items (cart_item_id, cart_id, product_id, quantity) VALUES (547, 273, 160, 1);
INSERT INTO cart_items (cart_item_id, cart_id, product_id, quantity) VALUES (548, 273, 171, 3);
INSERT INTO carts (cart_id, user_id) VALUES (274, 256);
INSERT INTO cart_items (cart_item_id, cart_id, product_id, quantity) VALUES (549, 274, 114, 1);
INSERT INTO cart_items (cart_item_id, cart_id, product_id, quantity) VALUES (550, 274, 99, 2);
INSERT INTO carts (cart_id, user_id) VALUES (275, 78);
INSERT INTO cart_items (cart_item_id, cart_id, product_id, quantity) VALUES (551, 275, 130, 2);
INSERT INTO carts (cart_id, user_id) VALUES (276, 89);
INSERT INTO cart_items (cart_item_id, cart_id, product_id, quantity) VALUES (552, 276, 15, 1);
INSERT INTO carts (cart_id, user_id) VALUES (277, 72);
INSERT INTO cart_items (cart_item_id, cart_id, product_id, quantity) VALUES (553, 277, 62, 1);
INSERT INTO cart_items (cart_item_id, cart_id, product_id, quantity) VALUES (554, 277, 149, 3);
INSERT INTO cart_items (cart_item_id, cart_id, product_id, quantity) VALUES (555, 277, 20, 1);
INSERT INTO carts (cart_id, user_id) VALUES (278, 292);
INSERT INTO cart_items (cart_item_id, cart_id, product_id, quantity) VALUES (556, 278, 139, 3);
INSERT INTO cart_items (cart_item_id, cart_id, product_id, quantity) VALUES (557, 278, 127, 2);
INSERT INTO cart_items (cart_item_id, cart_id, product_id, quantity) VALUES (558, 278, 183, 2);
INSERT INTO carts (cart_id, user_id) VALUES (279, 249);
INSERT INTO cart_items (cart_item_id, cart_id, product_id, quantity) VALUES (559, 279, 174, 3);
INSERT INTO cart_items (cart_item_id, cart_id, product_id, quantity) VALUES (560, 279, 119, 2);
INSERT INTO cart_items (cart_item_id, cart_id, product_id, quantity) VALUES (561, 279, 147, 3);
INSERT INTO carts (cart_id, user_id) VALUES (280, 107);
INSERT INTO cart_items (cart_item_id, cart_id, product_id, quantity) VALUES (562, 280, 173, 3);
INSERT INTO carts (cart_id, user_id) VALUES (281, 240);
INSERT INTO cart_items (cart_item_id, cart_id, product_id, quantity) VALUES (563, 281, 136, 3);
INSERT INTO cart_items (cart_item_id, cart_id, product_id, quantity) VALUES (564, 281, 107, 2);
INSERT INTO cart_items (cart_item_id, cart_id, product_id, quantity) VALUES (565, 281, 92, 1);
INSERT INTO carts (cart_id, user_id) VALUES (282, 126);
INSERT INTO cart_items (cart_item_id, cart_id, product_id, quantity) VALUES (566, 282, 113, 3);
INSERT INTO cart_items (cart_item_id, cart_id, product_id, quantity) VALUES (567, 282, 132, 3);
INSERT INTO carts (cart_id, user_id) VALUES (283, 13);
INSERT INTO cart_items (cart_item_id, cart_id, product_id, quantity) VALUES (568, 283, 117, 1);
INSERT INTO cart_items (cart_item_id, cart_id, product_id, quantity) VALUES (569, 283, 140, 1);
INSERT INTO cart_items (cart_item_id, cart_id, product_id, quantity) VALUES (570, 283, 17, 2);
INSERT INTO carts (cart_id, user_id) VALUES (284, 11);
INSERT INTO cart_items (cart_item_id, cart_id, product_id, quantity) VALUES (571, 284, 91, 1);
INSERT INTO cart_items (cart_item_id, cart_id, product_id, quantity) VALUES (572, 284, 25, 1);
INSERT INTO carts (cart_id, user_id) VALUES (285, 182);
INSERT INTO cart_items (cart_item_id, cart_id, product_id, quantity) VALUES (573, 285, 142, 1);
INSERT INTO cart_items (cart_item_id, cart_id, product_id, quantity) VALUES (574, 285, 191, 1);
INSERT INTO carts (cart_id, user_id) VALUES (286, 111);
INSERT INTO cart_items (cart_item_id, cart_id, product_id, quantity) VALUES (575, 286, 185, 3);
INSERT INTO cart_items (cart_item_id, cart_id, product_id, quantity) VALUES (576, 286, 116, 1);
INSERT INTO cart_items (cart_item_id, cart_id, product_id, quantity) VALUES (577, 286, 102, 2);
INSERT INTO carts (cart_id, user_id) VALUES (287, 214);
INSERT INTO cart_items (cart_item_id, cart_id, product_id, quantity) VALUES (578, 287, 60, 2);
INSERT INTO cart_items (cart_item_id, cart_id, product_id, quantity) VALUES (579, 287, 120, 1);
INSERT INTO carts (cart_id, user_id) VALUES (288, 285);
INSERT INTO cart_items (cart_item_id, cart_id, product_id, quantity) VALUES (580, 288, 174, 1);
INSERT INTO carts (cart_id, user_id) VALUES (289, 106);
INSERT INTO cart_items (cart_item_id, cart_id, product_id, quantity) VALUES (581, 289, 13, 1);
INSERT INTO cart_items (cart_item_id, cart_id, product_id, quantity) VALUES (582, 289, 185, 3);
INSERT INTO carts (cart_id, user_id) VALUES (290, 259);
INSERT INTO cart_items (cart_item_id, cart_id, product_id, quantity) VALUES (583, 290, 77, 1);
INSERT INTO cart_items (cart_item_id, cart_id, product_id, quantity) VALUES (584, 290, 50, 3);
INSERT INTO cart_items (cart_item_id, cart_id, product_id, quantity) VALUES (585, 290, 72, 1);
INSERT INTO carts (cart_id, user_id) VALUES (291, 236);
INSERT INTO cart_items (cart_item_id, cart_id, product_id, quantity) VALUES (586, 291, 169, 3);
INSERT INTO carts (cart_id, user_id) VALUES (292, 148);
INSERT INTO cart_items (cart_item_id, cart_id, product_id, quantity) VALUES (587, 292, 159, 1);
INSERT INTO carts (cart_id, user_id) VALUES (293, 235);
INSERT INTO cart_items (cart_item_id, cart_id, product_id, quantity) VALUES (588, 293, 71, 1);
INSERT INTO cart_items (cart_item_id, cart_id, product_id, quantity) VALUES (589, 293, 9, 3);
INSERT INTO cart_items (cart_item_id, cart_id, product_id, quantity) VALUES (590, 293, 157, 3);
INSERT INTO carts (cart_id, user_id) VALUES (294, 9);
INSERT INTO cart_items (cart_item_id, cart_id, product_id, quantity) VALUES (591, 294, 17, 3);
INSERT INTO cart_items (cart_item_id, cart_id, product_id, quantity) VALUES (592, 294, 68, 2);
INSERT INTO cart_items (cart_item_id, cart_id, product_id, quantity) VALUES (593, 294, 28, 1);
INSERT INTO carts (cart_id, user_id) VALUES (295, 34);
INSERT INTO cart_items (cart_item_id, cart_id, product_id, quantity) VALUES (594, 295, 80, 3);
INSERT INTO cart_items (cart_item_id, cart_id, product_id, quantity) VALUES (595, 295, 146, 2);
INSERT INTO cart_items (cart_item_id, cart_id, product_id, quantity) VALUES (596, 295, 200, 1);
INSERT INTO carts (cart_id, user_id) VALUES (296, 44);
INSERT INTO cart_items (cart_item_id, cart_id, product_id, quantity) VALUES (597, 296, 38, 2);
INSERT INTO carts (cart_id, user_id) VALUES (297, 105);
INSERT INTO cart_items (cart_item_id, cart_id, product_id, quantity) VALUES (598, 297, 131, 2);
INSERT INTO carts (cart_id, user_id) VALUES (298, 135);
INSERT INTO cart_items (cart_item_id, cart_id, product_id, quantity) VALUES (599, 298, 132, 3);
INSERT INTO cart_items (cart_item_id, cart_id, product_id, quantity) VALUES (600, 298, 95, 1);
INSERT INTO carts (cart_id, user_id) VALUES (299, 16);
INSERT INTO cart_items (cart_item_id, cart_id, product_id, quantity) VALUES (601, 299, 32, 2);
INSERT INTO carts (cart_id, user_id) VALUES (300, 131);
INSERT INTO cart_items (cart_item_id, cart_id, product_id, quantity) VALUES (602, 300, 179, 2);

-- 12. INSERT DATA FOR TRANSACTIONAL ORDERS (COMPLEX BUSINESS FLOW)
INSERT INTO orders (order_id, user_id, order_date, required_date, shipped_date, ship_address_id, freight, status, total_amount) VALUES (1, 127, '2026-05-30 17:44:37', CURRENT_DATE + INTERVAL '3 days', CURRENT_DATE, 272, 30000.00, 'delivered', 1845000.00);
INSERT INTO order_details (order_detail_id, order_id, product_id, quantity, price, discount, total_amount) VALUES (1, 1, 13, 1, 1050000.00, 0.00, 1050000.00);
INSERT INTO order_details (order_detail_id, order_id, product_id, quantity, price, discount, total_amount) VALUES (2, 1, 106, 1, 850000.00, 10.00, 765000.00);
INSERT INTO payments (payment_id, order_id, payment_method, payment_date, amount, status) VALUES (1, 1, 'VNPAY', CURRENT_TIMESTAMP, 1845000.00, 'completed');
INSERT INTO deliveries (delivery_id, order_id, carrier_id, shipper_id, delivery_status, tracking_num, ship_address, estimated_delivery_date) VALUES (1, 1, 1, 20, 'delivered', 'TRACK001348', '87078 Huu Crossroad', CURRENT_DATE + INTERVAL '2 days');
INSERT INTO orders (order_id, user_id, order_date, required_date, shipped_date, ship_address_id, freight, status, total_amount) VALUES (2, 49, '2026-05-23 02:39:55', CURRENT_DATE + INTERVAL '3 days', NULL, 107, 30000.00, 'confirmed', 1740000.00);
INSERT INTO order_details (order_detail_id, order_id, product_id, quantity, price, discount, total_amount) VALUES (3, 2, 30, 2, 950000.00, 10.00, 1710000.00);
INSERT INTO payments (payment_id, order_id, payment_method, payment_date, amount, status) VALUES (2, 2, 'PAYPAL', NULL, 1740000.00, 'pending');
INSERT INTO deliveries (delivery_id, order_id, carrier_id, shipper_id, delivery_status, tracking_num, ship_address, estimated_delivery_date) VALUES (2, 2, 3, 29, 'picking', 'TRACK002410', '8048 Phong Lodge', CURRENT_DATE + INTERVAL '2 days');
INSERT INTO orders (order_id, user_id, order_date, required_date, shipped_date, ship_address_id, freight, status, total_amount) VALUES (3, 173, '2026-06-02 00:56:32', CURRENT_DATE + INTERVAL '3 days', NULL, 112, 25000.00, 'confirmed', 1642500.00);
INSERT INTO order_details (order_detail_id, order_id, product_id, quantity, price, discount, total_amount) VALUES (4, 3, 154, 2, 450000.00, 10.00, 810000.00);
INSERT INTO order_details (order_detail_id, order_id, product_id, quantity, price, discount, total_amount) VALUES (5, 3, 4, 1, 850000.00, 5.00, 807500.00);
INSERT INTO payments (payment_id, order_id, payment_method, payment_date, amount, status) VALUES (3, 3, 'PAYPAL', NULL, 1642500.00, 'pending');
INSERT INTO deliveries (delivery_id, order_id, carrier_id, shipper_id, delivery_status, tracking_num, ship_address, estimated_delivery_date) VALUES (3, 3, 4, 11, 'picking', 'TRACK003681', '93964 Thanh Roads', CURRENT_DATE + INTERVAL '2 days');
INSERT INTO orders (order_id, user_id, order_date, required_date, shipped_date, ship_address_id, freight, status, total_amount) VALUES (4, 96, '2026-05-14 20:31:21', CURRENT_DATE + INTERVAL '3 days', NULL, 37, 15000.00, 'shipping', 2085000.00);
INSERT INTO order_details (order_detail_id, order_id, product_id, quantity, price, discount, total_amount) VALUES (6, 4, 13, 1, 150000.00, 15.00, 127500.00);
INSERT INTO order_details (order_detail_id, order_id, product_id, quantity, price, discount, total_amount) VALUES (7, 4, 61, 1, 1050000.00, 15.00, 892500.00);
INSERT INTO order_details (order_detail_id, order_id, product_id, quantity, price, discount, total_amount) VALUES (8, 4, 98, 1, 1050000.00, 0.00, 1050000.00);
INSERT INTO payments (payment_id, order_id, payment_method, payment_date, amount, status) VALUES (4, 4, 'VNPAY', NULL, 2085000.00, 'pending');
INSERT INTO deliveries (delivery_id, order_id, carrier_id, shipper_id, delivery_status, tracking_num, ship_address, estimated_delivery_date) VALUES (4, 4, 1, 43, 'shipping', 'TRACK004017', '583 Doan Square', CURRENT_DATE + INTERVAL '2 days');
INSERT INTO orders (order_id, user_id, order_date, required_date, shipped_date, ship_address_id, freight, status, total_amount) VALUES (5, 87, '2026-05-28 07:03:57', CURRENT_DATE + INTERVAL '3 days', CURRENT_DATE, 36, 25000.00, 'delivered', 2100000.00);
INSERT INTO order_details (order_detail_id, order_id, product_id, quantity, price, discount, total_amount) VALUES (9, 5, 117, 1, 250000.00, 10.00, 225000.00);
INSERT INTO order_details (order_detail_id, order_id, product_id, quantity, price, discount, total_amount) VALUES (10, 5, 93, 2, 550000.00, 0.00, 1100000.00);
INSERT INTO order_details (order_detail_id, order_id, product_id, quantity, price, discount, total_amount) VALUES (11, 5, 167, 1, 750000.00, 0.00, 750000.00);
INSERT INTO payments (payment_id, order_id, payment_method, payment_date, amount, status) VALUES (5, 5, 'MOMO', CURRENT_TIMESTAMP, 2100000.00, 'completed');
INSERT INTO deliveries (delivery_id, order_id, carrier_id, shipper_id, delivery_status, tracking_num, ship_address, estimated_delivery_date) VALUES (5, 5, 3, 47, 'delivered', 'TRACK005156', '1566 Ly Wall', CURRENT_DATE + INTERVAL '2 days');
INSERT INTO orders (order_id, user_id, order_date, required_date, shipped_date, ship_address_id, freight, status, total_amount) VALUES (6, 187, '2026-05-16 18:15:21', CURRENT_DATE + INTERVAL '3 days', NULL, 402, 20000.00, 'cancelled', 2385000.00);
INSERT INTO order_details (order_detail_id, order_id, product_id, quantity, price, discount, total_amount) VALUES (12, 6, 157, 2, 250000.00, 5.00, 475000.00);
INSERT INTO order_details (order_detail_id, order_id, product_id, quantity, price, discount, total_amount) VALUES (13, 6, 80, 2, 1050000.00, 10.00, 1890000.00);
INSERT INTO payments (payment_id, order_id, payment_method, payment_date, amount, status) VALUES (6, 6, 'PAYPAL', NULL, 2385000.00, 'failed');
INSERT INTO orders (order_id, user_id, order_date, required_date, shipped_date, ship_address_id, freight, status, total_amount) VALUES (7, 204, '2026-06-01 20:39:29', CURRENT_DATE + INTERVAL '3 days', NULL, 98, 35000.00, 'pending', 672500.00);
INSERT INTO order_details (order_detail_id, order_id, product_id, quantity, price, discount, total_amount) VALUES (14, 7, 92, 1, 750000.00, 15.00, 637500.00);
INSERT INTO payments (payment_id, order_id, payment_method, payment_date, amount, status) VALUES (7, 7, 'VNPAY', NULL, 672500.00, 'pending');
INSERT INTO orders (order_id, user_id, order_date, required_date, shipped_date, ship_address_id, freight, status, total_amount) VALUES (8, 208, '2026-05-12 11:11:49', CURRENT_DATE + INTERVAL '3 days', NULL, 181, 15000.00, 'pending', 1915000.00);
INSERT INTO order_details (order_detail_id, order_id, product_id, quantity, price, discount, total_amount) VALUES (15, 8, 103, 2, 950000.00, 0.00, 1900000.00);
INSERT INTO payments (payment_id, order_id, payment_method, payment_date, amount, status) VALUES (8, 8, 'PAYPAL', NULL, 1915000.00, 'pending');
INSERT INTO orders (order_id, user_id, order_date, required_date, shipped_date, ship_address_id, freight, status, total_amount) VALUES (9, 249, '2026-05-09 19:28:06', CURRENT_DATE + INTERVAL '3 days', CURRENT_DATE, 358, 15000.00, 'delivered', 987500.00);
INSERT INTO order_details (order_detail_id, order_id, product_id, quantity, price, discount, total_amount) VALUES (16, 9, 88, 1, 350000.00, 15.00, 297500.00);
INSERT INTO order_details (order_detail_id, order_id, product_id, quantity, price, discount, total_amount) VALUES (17, 9, 93, 1, 750000.00, 10.00, 675000.00);
INSERT INTO payments (payment_id, order_id, payment_method, payment_date, amount, status) VALUES (9, 9, 'BANKING', CURRENT_TIMESTAMP, 987500.00, 'completed');
INSERT INTO deliveries (delivery_id, order_id, carrier_id, shipper_id, delivery_status, tracking_num, ship_address, estimated_delivery_date) VALUES (6, 9, 4, 16, 'delivered', 'TRACK009385', '86814 Ha Bridge', CURRENT_DATE + INTERVAL '2 days');
INSERT INTO orders (order_id, user_id, order_date, required_date, shipped_date, ship_address_id, freight, status, total_amount) VALUES (10, 244, '2026-05-07 18:27:13', CURRENT_DATE + INTERVAL '3 days', NULL, 384, 30000.00, 'pending', 3010000.00);
INSERT INTO order_details (order_detail_id, order_id, product_id, quantity, price, discount, total_amount) VALUES (18, 10, 26, 2, 250000.00, 15.00, 425000.00);
INSERT INTO order_details (order_detail_id, order_id, product_id, quantity, price, discount, total_amount) VALUES (19, 10, 66, 1, 750000.00, 0.00, 750000.00);
INSERT INTO order_details (order_detail_id, order_id, product_id, quantity, price, discount, total_amount) VALUES (20, 10, 43, 2, 950000.00, 5.00, 1805000.00);
INSERT INTO payments (payment_id, order_id, payment_method, payment_date, amount, status) VALUES (10, 10, 'COD', NULL, 3010000.00, 'pending');
INSERT INTO orders (order_id, user_id, order_date, required_date, shipped_date, ship_address_id, freight, status, total_amount) VALUES (11, 28, '2026-06-01 15:08:12', CURRENT_DATE + INTERVAL '3 days', NULL, 49, 30000.00, 'cancelled', 505000.00);
INSERT INTO order_details (order_detail_id, order_id, product_id, quantity, price, discount, total_amount) VALUES (21, 11, 35, 2, 250000.00, 5.00, 475000.00);
INSERT INTO payments (payment_id, order_id, payment_method, payment_date, amount, status) VALUES (11, 11, 'COD', NULL, 505000.00, 'failed');
INSERT INTO orders (order_id, user_id, order_date, required_date, shipped_date, ship_address_id, freight, status, total_amount) VALUES (12, 210, '2026-05-06 05:59:45', CURRENT_DATE + INTERVAL '3 days', NULL, 80, 20000.00, 'pending', 650000.00);
INSERT INTO order_details (order_detail_id, order_id, product_id, quantity, price, discount, total_amount) VALUES (22, 12, 106, 2, 350000.00, 10.00, 630000.00);
INSERT INTO payments (payment_id, order_id, payment_method, payment_date, amount, status) VALUES (12, 12, 'MOMO', NULL, 650000.00, 'pending');
INSERT INTO orders (order_id, user_id, order_date, required_date, shipped_date, ship_address_id, freight, status, total_amount) VALUES (13, 63, '2026-05-25 05:17:00', CURRENT_DATE + INTERVAL '3 days', CURRENT_DATE, 322, 35000.00, 'delivered', 1655000.00);
INSERT INTO order_details (order_detail_id, order_id, product_id, quantity, price, discount, total_amount) VALUES (23, 13, 45, 1, 850000.00, 10.00, 765000.00);
INSERT INTO order_details (order_detail_id, order_id, product_id, quantity, price, discount, total_amount) VALUES (24, 13, 191, 1, 950000.00, 10.00, 855000.00);
INSERT INTO payments (payment_id, order_id, payment_method, payment_date, amount, status) VALUES (13, 13, 'PAYPAL', CURRENT_TIMESTAMP, 1655000.00, 'completed');
INSERT INTO deliveries (delivery_id, order_id, carrier_id, shipper_id, delivery_status, tracking_num, ship_address, estimated_delivery_date) VALUES (7, 13, 4, 17, 'delivered', 'TRACK013318', '586 Bui Plain', CURRENT_DATE + INTERVAL '2 days');
INSERT INTO orders (order_id, user_id, order_date, required_date, shipped_date, ship_address_id, freight, status, total_amount) VALUES (14, 149, '2026-05-29 11:27:26', CURRENT_DATE + INTERVAL '3 days', NULL, 421, 20000.00, 'cancelled', 3875000.00);
INSERT INTO order_details (order_detail_id, order_id, product_id, quantity, price, discount, total_amount) VALUES (25, 14, 199, 2, 650000.00, 15.00, 1105000.00);
INSERT INTO order_details (order_detail_id, order_id, product_id, quantity, price, discount, total_amount) VALUES (26, 14, 159, 1, 850000.00, 0.00, 850000.00);
INSERT INTO order_details (order_detail_id, order_id, product_id, quantity, price, discount, total_amount) VALUES (27, 14, 94, 2, 950000.00, 0.00, 1900000.00);
INSERT INTO payments (payment_id, order_id, payment_method, payment_date, amount, status) VALUES (14, 14, 'BANKING', NULL, 3875000.00, 'failed');
INSERT INTO orders (order_id, user_id, order_date, required_date, shipped_date, ship_address_id, freight, status, total_amount) VALUES (15, 112, '2026-06-01 19:21:55', CURRENT_DATE + INTERVAL '3 days', NULL, 90, 15000.00, 'shipping', 2000000.00);
INSERT INTO order_details (order_detail_id, order_id, product_id, quantity, price, discount, total_amount) VALUES (28, 15, 72, 1, 150000.00, 10.00, 135000.00);
INSERT INTO order_details (order_detail_id, order_id, product_id, quantity, price, discount, total_amount) VALUES (29, 15, 101, 2, 750000.00, 0.00, 1500000.00);
INSERT INTO order_details (order_detail_id, order_id, product_id, quantity, price, discount, total_amount) VALUES (30, 15, 22, 1, 350000.00, 0.00, 350000.00);
INSERT INTO payments (payment_id, order_id, payment_method, payment_date, amount, status) VALUES (15, 15, 'COD', NULL, 2000000.00, 'pending');
INSERT INTO deliveries (delivery_id, order_id, carrier_id, shipper_id, delivery_status, tracking_num, ship_address, estimated_delivery_date) VALUES (8, 15, 4, 3, 'shipping', 'TRACK015568', '03034 Bui Views', CURRENT_DATE + INTERVAL '2 days');
INSERT INTO orders (order_id, user_id, order_date, required_date, shipped_date, ship_address_id, freight, status, total_amount) VALUES (16, 3, '2026-05-06 20:54:50', CURRENT_DATE + INTERVAL '3 days', CURRENT_DATE, 92, 20000.00, 'delivered', 4460000.00);
INSERT INTO order_details (order_detail_id, order_id, product_id, quantity, price, discount, total_amount) VALUES (31, 16, 57, 2, 1050000.00, 10.00, 1890000.00);
INSERT INTO order_details (order_detail_id, order_id, product_id, quantity, price, discount, total_amount) VALUES (32, 16, 70, 2, 450000.00, 15.00, 765000.00);
INSERT INTO order_details (order_detail_id, order_id, product_id, quantity, price, discount, total_amount) VALUES (33, 16, 41, 2, 1050000.00, 15.00, 1785000.00);
INSERT INTO payments (payment_id, order_id, payment_method, payment_date, amount, status) VALUES (16, 16, 'COD', CURRENT_TIMESTAMP, 4460000.00, 'completed');
INSERT INTO deliveries (delivery_id, order_id, carrier_id, shipper_id, delivery_status, tracking_num, ship_address, estimated_delivery_date) VALUES (9, 16, 1, 29, 'delivered', 'TRACK016782', '0158 Ha Village', CURRENT_DATE + INTERVAL '2 days');
INSERT INTO orders (order_id, user_id, order_date, required_date, shipped_date, ship_address_id, freight, status, total_amount) VALUES (17, 290, '2026-05-08 23:02:35', CURRENT_DATE + INTERVAL '3 days', NULL, 9, 35000.00, 'cancelled', 1730000.00);
INSERT INTO order_details (order_detail_id, order_id, product_id, quantity, price, discount, total_amount) VALUES (34, 17, 77, 2, 150000.00, 10.00, 270000.00);
INSERT INTO order_details (order_detail_id, order_id, product_id, quantity, price, discount, total_amount) VALUES (35, 17, 20, 1, 1050000.00, 5.00, 997500.00);
INSERT INTO order_details (order_detail_id, order_id, product_id, quantity, price, discount, total_amount) VALUES (36, 17, 191, 1, 450000.00, 5.00, 427500.00);
INSERT INTO payments (payment_id, order_id, payment_method, payment_date, amount, status) VALUES (17, 17, 'BANKING', NULL, 1730000.00, 'failed');
INSERT INTO orders (order_id, user_id, order_date, required_date, shipped_date, ship_address_id, freight, status, total_amount) VALUES (18, 185, '2026-06-01 06:57:44', CURRENT_DATE + INTERVAL '3 days', NULL, 298, 35000.00, 'pending', 1270000.00);
INSERT INTO order_details (order_detail_id, order_id, product_id, quantity, price, discount, total_amount) VALUES (37, 18, 172, 2, 650000.00, 5.00, 1235000.00);
INSERT INTO payments (payment_id, order_id, payment_method, payment_date, amount, status) VALUES (18, 18, 'PAYPAL', NULL, 1270000.00, 'pending');
INSERT INTO orders (order_id, user_id, order_date, required_date, shipped_date, ship_address_id, freight, status, total_amount) VALUES (19, 201, '2026-05-12 13:29:44', CURRENT_DATE + INTERVAL '3 days', CURRENT_DATE, 238, 35000.00, 'delivered', 2197500.00);
INSERT INTO order_details (order_detail_id, order_id, product_id, quantity, price, discount, total_amount) VALUES (38, 19, 123, 2, 950000.00, 15.00, 1615000.00);
INSERT INTO order_details (order_detail_id, order_id, product_id, quantity, price, discount, total_amount) VALUES (39, 19, 64, 1, 150000.00, 5.00, 142500.00);
INSERT INTO order_details (order_detail_id, order_id, product_id, quantity, price, discount, total_amount) VALUES (40, 19, 168, 1, 450000.00, 10.00, 405000.00);
INSERT INTO payments (payment_id, order_id, payment_method, payment_date, amount, status) VALUES (19, 19, 'MOMO', CURRENT_TIMESTAMP, 2197500.00, 'completed');
INSERT INTO deliveries (delivery_id, order_id, carrier_id, shipper_id, delivery_status, tracking_num, ship_address, estimated_delivery_date) VALUES (10, 19, 2, 15, 'delivered', 'TRACK019986', '0706 Long Bypass', CURRENT_DATE + INTERVAL '2 days');
INSERT INTO orders (order_id, user_id, order_date, required_date, shipped_date, ship_address_id, freight, status, total_amount) VALUES (20, 257, '2026-05-20 07:21:29', CURRENT_DATE + INTERVAL '3 days', CURRENT_DATE, 356, 20000.00, 'delivered', 2060000.00);
INSERT INTO order_details (order_detail_id, order_id, product_id, quantity, price, discount, total_amount) VALUES (41, 20, 181, 1, 750000.00, 5.00, 712500.00);
INSERT INTO order_details (order_detail_id, order_id, product_id, quantity, price, discount, total_amount) VALUES (42, 20, 28, 2, 250000.00, 15.00, 425000.00);
INSERT INTO order_details (order_detail_id, order_id, product_id, quantity, price, discount, total_amount) VALUES (43, 20, 85, 1, 950000.00, 5.00, 902500.00);
INSERT INTO payments (payment_id, order_id, payment_method, payment_date, amount, status) VALUES (20, 20, 'VNPAY', CURRENT_TIMESTAMP, 2060000.00, 'completed');
INSERT INTO deliveries (delivery_id, order_id, carrier_id, shipper_id, delivery_status, tracking_num, ship_address, estimated_delivery_date) VALUES (11, 20, 4, 12, 'delivered', 'TRACK020539', '26442 Nam Burgs', CURRENT_DATE + INTERVAL '2 days');
INSERT INTO orders (order_id, user_id, order_date, required_date, shipped_date, ship_address_id, freight, status, total_amount) VALUES (21, 285, '2026-05-10 21:17:03', CURRENT_DATE + INTERVAL '3 days', NULL, 217, 30000.00, 'cancelled', 975000.00);
INSERT INTO order_details (order_detail_id, order_id, product_id, quantity, price, discount, total_amount) VALUES (44, 21, 75, 1, 1050000.00, 10.00, 945000.00);
INSERT INTO payments (payment_id, order_id, payment_method, payment_date, amount, status) VALUES (21, 21, 'PAYPAL', NULL, 975000.00, 'failed');
INSERT INTO orders (order_id, user_id, order_date, required_date, shipped_date, ship_address_id, freight, status, total_amount) VALUES (22, 250, '2026-05-16 11:21:17', CURRENT_DATE + INTERVAL '3 days', NULL, 193, 35000.00, 'confirmed', 3225000.00);
INSERT INTO order_details (order_detail_id, order_id, product_id, quantity, price, discount, total_amount) VALUES (45, 22, 88, 2, 450000.00, 0.00, 900000.00);
INSERT INTO order_details (order_detail_id, order_id, product_id, quantity, price, discount, total_amount) VALUES (46, 22, 133, 1, 750000.00, 10.00, 675000.00);
INSERT INTO order_details (order_detail_id, order_id, product_id, quantity, price, discount, total_amount) VALUES (47, 22, 175, 2, 850000.00, 5.00, 1615000.00);
INSERT INTO payments (payment_id, order_id, payment_method, payment_date, amount, status) VALUES (22, 22, 'COD', NULL, 3225000.00, 'pending');
INSERT INTO deliveries (delivery_id, order_id, carrier_id, shipper_id, delivery_status, tracking_num, ship_address, estimated_delivery_date) VALUES (12, 22, 3, 6, 'picking', 'TRACK022500', '12493 Trinh Turnpike', CURRENT_DATE + INTERVAL '2 days');
INSERT INTO orders (order_id, user_id, order_date, required_date, shipped_date, ship_address_id, freight, status, total_amount) VALUES (23, 206, '2026-05-29 17:30:16', CURRENT_DATE + INTERVAL '3 days', CURRENT_DATE, 16, 15000.00, 'delivered', 510000.00);
INSERT INTO order_details (order_detail_id, order_id, product_id, quantity, price, discount, total_amount) VALUES (48, 23, 59, 2, 150000.00, 10.00, 270000.00);
INSERT INTO order_details (order_detail_id, order_id, product_id, quantity, price, discount, total_amount) VALUES (49, 23, 173, 1, 250000.00, 10.00, 225000.00);
INSERT INTO payments (payment_id, order_id, payment_method, payment_date, amount, status) VALUES (23, 23, 'MOMO', CURRENT_TIMESTAMP, 510000.00, 'completed');
INSERT INTO deliveries (delivery_id, order_id, carrier_id, shipper_id, delivery_status, tracking_num, ship_address, estimated_delivery_date) VALUES (13, 23, 2, 6, 'delivered', 'TRACK023995', '73313 Vuong Grove', CURRENT_DATE + INTERVAL '2 days');
INSERT INTO reviews (review_id, user_id, product_id, rating, comment, review_date) VALUES (23, 206, 29, 5, 'San pham dong goi can than, giao hang Gen Z sieu nhanh, chat luong tuyet voi so voi tam gia!', '2026-05-29 17:30:16');
INSERT INTO orders (order_id, user_id, order_date, required_date, shipped_date, ship_address_id, freight, status, total_amount) VALUES (24, 206, '2026-05-05 05:17:12', CURRENT_DATE + INTERVAL '3 days', CURRENT_DATE, 340, 25000.00, 'delivered', 3535000.00);
INSERT INTO order_details (order_detail_id, order_id, product_id, quantity, price, discount, total_amount) VALUES (50, 24, 71, 2, 450000.00, 15.00, 765000.00);
INSERT INTO order_details (order_detail_id, order_id, product_id, quantity, price, discount, total_amount) VALUES (51, 24, 4, 2, 850000.00, 15.00, 1445000.00);
INSERT INTO order_details (order_detail_id, order_id, product_id, quantity, price, discount, total_amount) VALUES (52, 24, 160, 2, 650000.00, 0.00, 1300000.00);
INSERT INTO payments (payment_id, order_id, payment_method, payment_date, amount, status) VALUES (24, 24, 'BANKING', CURRENT_TIMESTAMP, 3535000.00, 'completed');
INSERT INTO deliveries (delivery_id, order_id, carrier_id, shipper_id, delivery_status, tracking_num, ship_address, estimated_delivery_date) VALUES (14, 24, 1, 9, 'delivered', 'TRACK024092', '39194 Mai Station', CURRENT_DATE + INTERVAL '2 days');
INSERT INTO orders (order_id, user_id, order_date, required_date, shipped_date, ship_address_id, freight, status, total_amount) VALUES (25, 109, '2026-06-01 19:31:22', CURRENT_DATE + INTERVAL '3 days', NULL, 432, 20000.00, 'cancelled', 2537500.00);
INSERT INTO order_details (order_detail_id, order_id, product_id, quantity, price, discount, total_amount) VALUES (53, 25, 63, 1, 950000.00, 15.00, 807500.00);
INSERT INTO order_details (order_detail_id, order_id, product_id, quantity, price, discount, total_amount) VALUES (54, 25, 150, 2, 950000.00, 10.00, 1710000.00);
INSERT INTO payments (payment_id, order_id, payment_method, payment_date, amount, status) VALUES (25, 25, 'MOMO', NULL, 2537500.00, 'failed');
INSERT INTO orders (order_id, user_id, order_date, required_date, shipped_date, ship_address_id, freight, status, total_amount) VALUES (26, 194, '2026-05-09 15:07:53', CURRENT_DATE + INTERVAL '3 days', NULL, 27, 20000.00, 'pending', 2015000.00);
INSERT INTO order_details (order_detail_id, order_id, product_id, quantity, price, discount, total_amount) VALUES (55, 26, 142, 2, 1050000.00, 5.00, 1995000.00);
INSERT INTO payments (payment_id, order_id, payment_method, payment_date, amount, status) VALUES (26, 26, 'COD', NULL, 2015000.00, 'pending');
INSERT INTO orders (order_id, user_id, order_date, required_date, shipped_date, ship_address_id, freight, status, total_amount) VALUES (27, 67, '2026-05-28 21:33:44', CURRENT_DATE + INTERVAL '3 days', NULL, 405, 35000.00, 'cancelled', 1055000.00);
INSERT INTO order_details (order_detail_id, order_id, product_id, quantity, price, discount, total_amount) VALUES (56, 27, 116, 1, 350000.00, 15.00, 297500.00);
INSERT INTO order_details (order_detail_id, order_id, product_id, quantity, price, discount, total_amount) VALUES (57, 27, 117, 1, 850000.00, 15.00, 722500.00);
INSERT INTO payments (payment_id, order_id, payment_method, payment_date, amount, status) VALUES (27, 27, 'VNPAY', NULL, 1055000.00, 'failed');
INSERT INTO orders (order_id, user_id, order_date, required_date, shipped_date, ship_address_id, freight, status, total_amount) VALUES (28, 125, '2026-05-10 20:55:43', CURRENT_DATE + INTERVAL '3 days', CURRENT_DATE, 247, 15000.00, 'delivered', 1522500.00);
INSERT INTO order_details (order_detail_id, order_id, product_id, quantity, price, discount, total_amount) VALUES (58, 28, 166, 1, 250000.00, 10.00, 225000.00);
INSERT INTO order_details (order_detail_id, order_id, product_id, quantity, price, discount, total_amount) VALUES (59, 28, 101, 2, 550000.00, 5.00, 1045000.00);
INSERT INTO order_details (order_detail_id, order_id, product_id, quantity, price, discount, total_amount) VALUES (60, 28, 183, 1, 250000.00, 5.00, 237500.00);
INSERT INTO payments (payment_id, order_id, payment_method, payment_date, amount, status) VALUES (28, 28, 'MOMO', CURRENT_TIMESTAMP, 1522500.00, 'completed');
INSERT INTO deliveries (delivery_id, order_id, carrier_id, shipper_id, delivery_status, tracking_num, ship_address, estimated_delivery_date) VALUES (15, 28, 3, 45, 'delivered', 'TRACK028031', '9028 Minh Forge', CURRENT_DATE + INTERVAL '2 days');
INSERT INTO reviews (review_id, user_id, product_id, rating, comment, review_date) VALUES (28, 125, 119, 4, 'San pham dong goi can than, giao hang Gen Z sieu nhanh, chat luong tuyet voi so voi tam gia!', '2026-05-10 20:55:43');
INSERT INTO orders (order_id, user_id, order_date, required_date, shipped_date, ship_address_id, freight, status, total_amount) VALUES (29, 299, '2026-05-25 08:02:39', CURRENT_DATE + INTERVAL '3 days', CURRENT_DATE, 19, 15000.00, 'delivered', 1905000.00);
INSERT INTO order_details (order_detail_id, order_id, product_id, quantity, price, discount, total_amount) VALUES (61, 29, 52, 2, 1050000.00, 10.00, 1890000.00);
INSERT INTO payments (payment_id, order_id, payment_method, payment_date, amount, status) VALUES (29, 29, 'COD', CURRENT_TIMESTAMP, 1905000.00, 'completed');
INSERT INTO deliveries (delivery_id, order_id, carrier_id, shipper_id, delivery_status, tracking_num, ship_address, estimated_delivery_date) VALUES (16, 29, 2, 20, 'delivered', 'TRACK029183', '756 Vuong Cape', CURRENT_DATE + INTERVAL '2 days');
INSERT INTO orders (order_id, user_id, order_date, required_date, shipped_date, ship_address_id, freight, status, total_amount) VALUES (30, 267, '2026-05-24 15:59:33', CURRENT_DATE + INTERVAL '3 days', NULL, 283, 15000.00, 'cancelled', 2070000.00);
INSERT INTO order_details (order_detail_id, order_id, product_id, quantity, price, discount, total_amount) VALUES (62, 30, 76, 2, 350000.00, 10.00, 630000.00);
INSERT INTO order_details (order_detail_id, order_id, product_id, quantity, price, discount, total_amount) VALUES (63, 30, 87, 2, 750000.00, 5.00, 1425000.00);
INSERT INTO payments (payment_id, order_id, payment_method, payment_date, amount, status) VALUES (30, 30, 'COD', NULL, 2070000.00, 'failed');
INSERT INTO orders (order_id, user_id, order_date, required_date, shipped_date, ship_address_id, freight, status, total_amount) VALUES (31, 3, '2026-05-05 08:49:38', CURRENT_DATE + INTERVAL '3 days', CURRENT_DATE, 425, 35000.00, 'delivered', 842500.00);
INSERT INTO order_details (order_detail_id, order_id, product_id, quantity, price, discount, total_amount) VALUES (64, 31, 111, 1, 950000.00, 15.00, 807500.00);
INSERT INTO payments (payment_id, order_id, payment_method, payment_date, amount, status) VALUES (31, 31, 'BANKING', CURRENT_TIMESTAMP, 842500.00, 'completed');
INSERT INTO deliveries (delivery_id, order_id, carrier_id, shipper_id, delivery_status, tracking_num, ship_address, estimated_delivery_date) VALUES (17, 31, 4, 15, 'delivered', 'TRACK031573', '077 Pham Glen', CURRENT_DATE + INTERVAL '2 days');
INSERT INTO reviews (review_id, user_id, product_id, rating, comment, review_date) VALUES (31, 3, 27, 4, 'San pham dong goi can than, giao hang Gen Z sieu nhanh, chat luong tuyet voi so voi tam gia!', '2026-05-05 08:49:38');
INSERT INTO orders (order_id, user_id, order_date, required_date, shipped_date, ship_address_id, freight, status, total_amount) VALUES (32, 277, '2026-05-15 13:21:46', CURRENT_DATE + INTERVAL '3 days', NULL, 145, 15000.00, 'cancelled', 2832500.00);
INSERT INTO order_details (order_detail_id, order_id, product_id, quantity, price, discount, total_amount) VALUES (65, 32, 21, 2, 750000.00, 0.00, 1500000.00);
INSERT INTO order_details (order_detail_id, order_id, product_id, quantity, price, discount, total_amount) VALUES (66, 32, 104, 2, 550000.00, 15.00, 935000.00);
INSERT INTO order_details (order_detail_id, order_id, product_id, quantity, price, discount, total_amount) VALUES (67, 32, 130, 1, 450000.00, 15.00, 382500.00);
INSERT INTO payments (payment_id, order_id, payment_method, payment_date, amount, status) VALUES (32, 32, 'VNPAY', NULL, 2832500.00, 'failed');
INSERT INTO orders (order_id, user_id, order_date, required_date, shipped_date, ship_address_id, freight, status, total_amount) VALUES (33, 125, '2026-05-08 18:44:32', CURRENT_DATE + INTERVAL '3 days', NULL, 199, 20000.00, 'pending', 1585000.00);
INSERT INTO order_details (order_detail_id, order_id, product_id, quantity, price, discount, total_amount) VALUES (68, 33, 98, 1, 850000.00, 5.00, 807500.00);
INSERT INTO order_details (order_detail_id, order_id, product_id, quantity, price, discount, total_amount) VALUES (69, 33, 155, 2, 350000.00, 10.00, 630000.00);
INSERT INTO order_details (order_detail_id, order_id, product_id, quantity, price, discount, total_amount) VALUES (70, 33, 95, 1, 150000.00, 15.00, 127500.00);
INSERT INTO payments (payment_id, order_id, payment_method, payment_date, amount, status) VALUES (33, 33, 'VNPAY', NULL, 1585000.00, 'pending');
INSERT INTO orders (order_id, user_id, order_date, required_date, shipped_date, ship_address_id, freight, status, total_amount) VALUES (34, 117, '2026-05-07 07:30:15', CURRENT_DATE + INTERVAL '3 days', NULL, 284, 30000.00, 'pending', 380000.00);
INSERT INTO order_details (order_detail_id, order_id, product_id, quantity, price, discount, total_amount) VALUES (71, 34, 124, 1, 350000.00, 0.00, 350000.00);
INSERT INTO payments (payment_id, order_id, payment_method, payment_date, amount, status) VALUES (34, 34, 'PAYPAL', NULL, 380000.00, 'pending');
INSERT INTO orders (order_id, user_id, order_date, required_date, shipped_date, ship_address_id, freight, status, total_amount) VALUES (35, 274, '2026-05-24 23:13:58', CURRENT_DATE + INTERVAL '3 days', NULL, 420, 20000.00, 'cancelled', 352500.00);
INSERT INTO order_details (order_detail_id, order_id, product_id, quantity, price, discount, total_amount) VALUES (72, 35, 25, 1, 350000.00, 5.00, 332500.00);
INSERT INTO payments (payment_id, order_id, payment_method, payment_date, amount, status) VALUES (35, 35, 'MOMO', NULL, 352500.00, 'failed');
INSERT INTO orders (order_id, user_id, order_date, required_date, shipped_date, ship_address_id, freight, status, total_amount) VALUES (36, 225, '2026-05-26 03:01:03', CURRENT_DATE + INTERVAL '3 days', NULL, 422, 20000.00, 'confirmed', 2015000.00);
INSERT INTO order_details (order_detail_id, order_id, product_id, quantity, price, discount, total_amount) VALUES (73, 36, 47, 2, 1050000.00, 5.00, 1995000.00);
INSERT INTO payments (payment_id, order_id, payment_method, payment_date, amount, status) VALUES (36, 36, 'COD', NULL, 2015000.00, 'pending');
INSERT INTO deliveries (delivery_id, order_id, carrier_id, shipper_id, delivery_status, tracking_num, ship_address, estimated_delivery_date) VALUES (18, 36, 4, 6, 'picking', 'TRACK036069', '620 Nhu Extension', CURRENT_DATE + INTERVAL '2 days');
INSERT INTO orders (order_id, user_id, order_date, required_date, shipped_date, ship_address_id, freight, status, total_amount) VALUES (37, 263, '2026-05-22 21:22:44', CURRENT_DATE + INTERVAL '3 days', NULL, 40, 20000.00, 'cancelled', 447500.00);
INSERT INTO order_details (order_detail_id, order_id, product_id, quantity, price, discount, total_amount) VALUES (74, 37, 96, 1, 450000.00, 5.00, 427500.00);
INSERT INTO payments (payment_id, order_id, payment_method, payment_date, amount, status) VALUES (37, 37, 'MOMO', NULL, 447500.00, 'failed');
INSERT INTO orders (order_id, user_id, order_date, required_date, shipped_date, ship_address_id, freight, status, total_amount) VALUES (38, 295, '2026-05-14 01:55:58', CURRENT_DATE + INTERVAL '3 days', CURRENT_DATE, 373, 25000.00, 'delivered', 655000.00);
INSERT INTO order_details (order_detail_id, order_id, product_id, quantity, price, discount, total_amount) VALUES (75, 38, 61, 1, 250000.00, 10.00, 225000.00);
INSERT INTO order_details (order_detail_id, order_id, product_id, quantity, price, discount, total_amount) VALUES (76, 38, 181, 1, 450000.00, 10.00, 405000.00);
INSERT INTO payments (payment_id, order_id, payment_method, payment_date, amount, status) VALUES (38, 38, 'PAYPAL', CURRENT_TIMESTAMP, 655000.00, 'completed');
INSERT INTO deliveries (delivery_id, order_id, carrier_id, shipper_id, delivery_status, tracking_num, ship_address, estimated_delivery_date) VALUES (19, 38, 2, 16, 'delivered', 'TRACK038813', '6160 Nguyen Corner', CURRENT_DATE + INTERVAL '2 days');
INSERT INTO reviews (review_id, user_id, product_id, rating, comment, review_date) VALUES (38, 295, 11, 5, 'San pham dong goi can than, giao hang Gen Z sieu nhanh, chat luong tuyet voi so voi tam gia!', '2026-05-14 01:55:58');
INSERT INTO orders (order_id, user_id, order_date, required_date, shipped_date, ship_address_id, freight, status, total_amount) VALUES (39, 117, '2026-05-05 12:14:11', CURRENT_DATE + INTERVAL '3 days', NULL, 396, 35000.00, 'shipping', 4007500.00);
INSERT INTO order_details (order_detail_id, order_id, product_id, quantity, price, discount, total_amount) VALUES (77, 39, 135, 1, 950000.00, 5.00, 902500.00);
INSERT INTO order_details (order_detail_id, order_id, product_id, quantity, price, discount, total_amount) VALUES (78, 39, 107, 2, 650000.00, 10.00, 1170000.00);
INSERT INTO order_details (order_detail_id, order_id, product_id, quantity, price, discount, total_amount) VALUES (79, 39, 126, 2, 950000.00, 0.00, 1900000.00);
INSERT INTO payments (payment_id, order_id, payment_method, payment_date, amount, status) VALUES (39, 39, 'COD', NULL, 4007500.00, 'pending');
INSERT INTO deliveries (delivery_id, order_id, carrier_id, shipper_id, delivery_status, tracking_num, ship_address, estimated_delivery_date) VALUES (20, 39, 4, 29, 'shipping', 'TRACK039155', '464 Trinh Ford', CURRENT_DATE + INTERVAL '2 days');
INSERT INTO orders (order_id, user_id, order_date, required_date, shipped_date, ship_address_id, freight, status, total_amount) VALUES (40, 277, '2026-05-11 12:58:03', CURRENT_DATE + INTERVAL '3 days', NULL, 432, 15000.00, 'cancelled', 1182500.00);
INSERT INTO order_details (order_detail_id, order_id, product_id, quantity, price, discount, total_amount) VALUES (80, 40, 7, 1, 550000.00, 0.00, 550000.00);
INSERT INTO order_details (order_detail_id, order_id, product_id, quantity, price, discount, total_amount) VALUES (81, 40, 88, 1, 650000.00, 5.00, 617500.00);
INSERT INTO payments (payment_id, order_id, payment_method, payment_date, amount, status) VALUES (40, 40, 'COD', NULL, 1182500.00, 'failed');
INSERT INTO orders (order_id, user_id, order_date, required_date, shipped_date, ship_address_id, freight, status, total_amount) VALUES (41, 44, '2026-05-25 01:02:01', CURRENT_DATE + INTERVAL '3 days', NULL, 349, 35000.00, 'confirmed', 1480000.00);
INSERT INTO order_details (order_detail_id, order_id, product_id, quantity, price, discount, total_amount) VALUES (82, 41, 39, 2, 850000.00, 15.00, 1445000.00);
INSERT INTO payments (payment_id, order_id, payment_method, payment_date, amount, status) VALUES (41, 41, 'COD', NULL, 1480000.00, 'pending');
INSERT INTO deliveries (delivery_id, order_id, carrier_id, shipper_id, delivery_status, tracking_num, ship_address, estimated_delivery_date) VALUES (21, 41, 4, 29, 'picking', 'TRACK041037', '0003 Ha Terrace', CURRENT_DATE + INTERVAL '2 days');
INSERT INTO orders (order_id, user_id, order_date, required_date, shipped_date, ship_address_id, freight, status, total_amount) VALUES (42, 178, '2026-05-06 15:04:47', CURRENT_DATE + INTERVAL '3 days', NULL, 148, 30000.00, 'pending', 1267500.00);
INSERT INTO order_details (order_detail_id, order_id, product_id, quantity, price, discount, total_amount) VALUES (83, 42, 131, 2, 450000.00, 10.00, 810000.00);
INSERT INTO order_details (order_detail_id, order_id, product_id, quantity, price, discount, total_amount) VALUES (84, 42, 97, 1, 450000.00, 5.00, 427500.00);
INSERT INTO payments (payment_id, order_id, payment_method, payment_date, amount, status) VALUES (42, 42, 'COD', NULL, 1267500.00, 'pending');
INSERT INTO orders (order_id, user_id, order_date, required_date, shipped_date, ship_address_id, freight, status, total_amount) VALUES (43, 126, '2026-05-19 11:13:34', CURRENT_DATE + INTERVAL '3 days', NULL, 277, 20000.00, 'cancelled', 520000.00);
INSERT INTO order_details (order_detail_id, order_id, product_id, quantity, price, discount, total_amount) VALUES (85, 43, 69, 2, 250000.00, 0.00, 500000.00);
INSERT INTO payments (payment_id, order_id, payment_method, payment_date, amount, status) VALUES (43, 43, 'MOMO', NULL, 520000.00, 'failed');
INSERT INTO orders (order_id, user_id, order_date, required_date, shipped_date, ship_address_id, freight, status, total_amount) VALUES (44, 215, '2026-05-20 10:55:46', CURRENT_DATE + INTERVAL '3 days', NULL, 169, 30000.00, 'shipping', 2025000.00);
INSERT INTO order_details (order_detail_id, order_id, product_id, quantity, price, discount, total_amount) VALUES (86, 44, 46, 2, 1050000.00, 5.00, 1995000.00);
INSERT INTO payments (payment_id, order_id, payment_method, payment_date, amount, status) VALUES (44, 44, 'PAYPAL', NULL, 2025000.00, 'pending');
INSERT INTO deliveries (delivery_id, order_id, carrier_id, shipper_id, delivery_status, tracking_num, ship_address, estimated_delivery_date) VALUES (22, 44, 1, 5, 'shipping', 'TRACK044424', '34756 Truong Corners', CURRENT_DATE + INTERVAL '2 days');
INSERT INTO orders (order_id, user_id, order_date, required_date, shipped_date, ship_address_id, freight, status, total_amount) VALUES (45, 276, '2026-05-25 03:16:14', CURRENT_DATE + INTERVAL '3 days', NULL, 285, 15000.00, 'shipping', 1377500.00);
INSERT INTO order_details (order_detail_id, order_id, product_id, quantity, price, discount, total_amount) VALUES (87, 45, 45, 1, 450000.00, 5.00, 427500.00);
INSERT INTO order_details (order_detail_id, order_id, product_id, quantity, price, discount, total_amount) VALUES (88, 45, 133, 2, 550000.00, 15.00, 935000.00);
INSERT INTO payments (payment_id, order_id, payment_method, payment_date, amount, status) VALUES (45, 45, 'VNPAY', NULL, 1377500.00, 'pending');
INSERT INTO deliveries (delivery_id, order_id, carrier_id, shipper_id, delivery_status, tracking_num, ship_address, estimated_delivery_date) VALUES (23, 45, 1, 11, 'shipping', 'TRACK045128', '5950 Ngoc Junctions', CURRENT_DATE + INTERVAL '2 days');
INSERT INTO orders (order_id, user_id, order_date, required_date, shipped_date, ship_address_id, freight, status, total_amount) VALUES (46, 204, '2026-05-11 08:18:17', CURRENT_DATE + INTERVAL '3 days', NULL, 43, 15000.00, 'cancelled', 2802500.00);
INSERT INTO order_details (order_detail_id, order_id, product_id, quantity, price, discount, total_amount) VALUES (89, 46, 159, 2, 850000.00, 15.00, 1445000.00);
INSERT INTO order_details (order_detail_id, order_id, product_id, quantity, price, discount, total_amount) VALUES (90, 46, 31, 1, 1050000.00, 15.00, 892500.00);
INSERT INTO order_details (order_detail_id, order_id, product_id, quantity, price, discount, total_amount) VALUES (91, 46, 34, 1, 450000.00, 0.00, 450000.00);
INSERT INTO payments (payment_id, order_id, payment_method, payment_date, amount, status) VALUES (46, 46, 'VNPAY', NULL, 2802500.00, 'failed');
INSERT INTO orders (order_id, user_id, order_date, required_date, shipped_date, ship_address_id, freight, status, total_amount) VALUES (47, 49, '2026-05-16 13:47:13', CURRENT_DATE + INTERVAL '3 days', NULL, 237, 15000.00, 'pending', 315000.00);
INSERT INTO order_details (order_detail_id, order_id, product_id, quantity, price, discount, total_amount) VALUES (92, 47, 39, 2, 150000.00, 0.00, 300000.00);
INSERT INTO payments (payment_id, order_id, payment_method, payment_date, amount, status) VALUES (47, 47, 'MOMO', NULL, 315000.00, 'pending');
INSERT INTO orders (order_id, user_id, order_date, required_date, shipped_date, ship_address_id, freight, status, total_amount) VALUES (48, 112, '2026-05-13 12:14:42', CURRENT_DATE + INTERVAL '3 days', CURRENT_DATE, 46, 25000.00, 'delivered', 610000.00);
INSERT INTO order_details (order_detail_id, order_id, product_id, quantity, price, discount, total_amount) VALUES (93, 48, 40, 1, 150000.00, 10.00, 135000.00);
INSERT INTO order_details (order_detail_id, order_id, product_id, quantity, price, discount, total_amount) VALUES (94, 48, 133, 1, 450000.00, 0.00, 450000.00);
INSERT INTO payments (payment_id, order_id, payment_method, payment_date, amount, status) VALUES (48, 48, 'PAYPAL', CURRENT_TIMESTAMP, 610000.00, 'completed');
INSERT INTO deliveries (delivery_id, order_id, carrier_id, shipper_id, delivery_status, tracking_num, ship_address, estimated_delivery_date) VALUES (24, 48, 1, 4, 'delivered', 'TRACK048437', '59242 Trieu Mountain', CURRENT_DATE + INTERVAL '2 days');
INSERT INTO orders (order_id, user_id, order_date, required_date, shipped_date, ship_address_id, freight, status, total_amount) VALUES (49, 131, '2026-05-05 19:52:44', CURRENT_DATE + INTERVAL '3 days', NULL, 144, 20000.00, 'pending', 1125000.00);
INSERT INTO order_details (order_detail_id, order_id, product_id, quantity, price, discount, total_amount) VALUES (95, 49, 30, 1, 250000.00, 10.00, 225000.00);
INSERT INTO order_details (order_detail_id, order_id, product_id, quantity, price, discount, total_amount) VALUES (96, 49, 88, 2, 250000.00, 5.00, 475000.00);
INSERT INTO order_details (order_detail_id, order_id, product_id, quantity, price, discount, total_amount) VALUES (97, 49, 31, 1, 450000.00, 10.00, 405000.00);
INSERT INTO payments (payment_id, order_id, payment_method, payment_date, amount, status) VALUES (49, 49, 'COD', NULL, 1125000.00, 'pending');
INSERT INTO orders (order_id, user_id, order_date, required_date, shipped_date, ship_address_id, freight, status, total_amount) VALUES (50, 230, '2026-05-27 17:16:19', CURRENT_DATE + INTERVAL '3 days', NULL, 293, 25000.00, 'confirmed', 880000.00);
INSERT INTO order_details (order_detail_id, order_id, product_id, quantity, price, discount, total_amount) VALUES (98, 50, 17, 1, 950000.00, 10.00, 855000.00);
INSERT INTO payments (payment_id, order_id, payment_method, payment_date, amount, status) VALUES (50, 50, 'PAYPAL', NULL, 880000.00, 'pending');
INSERT INTO deliveries (delivery_id, order_id, carrier_id, shipper_id, delivery_status, tracking_num, ship_address, estimated_delivery_date) VALUES (25, 50, 2, 6, 'picking', 'TRACK050184', '971 Tang Glens', CURRENT_DATE + INTERVAL '2 days');
INSERT INTO orders (order_id, user_id, order_date, required_date, shipped_date, ship_address_id, freight, status, total_amount) VALUES (51, 27, '2026-05-23 00:10:05', CURRENT_DATE + INTERVAL '3 days', NULL, 115, 30000.00, 'cancelled', 930000.00);
INSERT INTO order_details (order_detail_id, order_id, product_id, quantity, price, discount, total_amount) VALUES (99, 51, 69, 2, 450000.00, 0.00, 900000.00);
INSERT INTO payments (payment_id, order_id, payment_method, payment_date, amount, status) VALUES (51, 51, 'MOMO', NULL, 930000.00, 'failed');
INSERT INTO orders (order_id, user_id, order_date, required_date, shipped_date, ship_address_id, freight, status, total_amount) VALUES (52, 89, '2026-05-31 06:18:12', CURRENT_DATE + INTERVAL '3 days', NULL, 252, 25000.00, 'shipping', 3115000.00);
INSERT INTO order_details (order_detail_id, order_id, product_id, quantity, price, discount, total_amount) VALUES (100, 52, 59, 1, 1050000.00, 0.00, 1050000.00);
INSERT INTO order_details (order_detail_id, order_id, product_id, quantity, price, discount, total_amount) VALUES (101, 52, 199, 2, 150000.00, 15.00, 255000.00);
INSERT INTO order_details (order_detail_id, order_id, product_id, quantity, price, discount, total_amount) VALUES (102, 52, 177, 2, 1050000.00, 15.00, 1785000.00);
INSERT INTO payments (payment_id, order_id, payment_method, payment_date, amount, status) VALUES (52, 52, 'COD', NULL, 3115000.00, 'pending');
INSERT INTO deliveries (delivery_id, order_id, carrier_id, shipper_id, delivery_status, tracking_num, ship_address, estimated_delivery_date) VALUES (26, 52, 2, 26, 'shipping', 'TRACK052461', '523 Son Mountain', CURRENT_DATE + INTERVAL '2 days');
INSERT INTO orders (order_id, user_id, order_date, required_date, shipped_date, ship_address_id, freight, status, total_amount) VALUES (53, 195, '2026-05-12 17:05:08', CURRENT_DATE + INTERVAL '3 days', NULL, 345, 20000.00, 'shipping', 1125000.00);
INSERT INTO order_details (order_detail_id, order_id, product_id, quantity, price, discount, total_amount) VALUES (103, 53, 158, 2, 650000.00, 15.00, 1105000.00);
INSERT INTO payments (payment_id, order_id, payment_method, payment_date, amount, status) VALUES (53, 53, 'COD', NULL, 1125000.00, 'pending');
INSERT INTO deliveries (delivery_id, order_id, carrier_id, shipper_id, delivery_status, tracking_num, ship_address, estimated_delivery_date) VALUES (27, 53, 2, 48, 'shipping', 'TRACK053250', '75464 Lam Flats', CURRENT_DATE + INTERVAL '2 days');
INSERT INTO orders (order_id, user_id, order_date, required_date, shipped_date, ship_address_id, freight, status, total_amount) VALUES (54, 174, '2026-05-18 18:03:27', CURRENT_DATE + INTERVAL '3 days', NULL, 385, 35000.00, 'confirmed', 2925000.00);
INSERT INTO order_details (order_detail_id, order_id, product_id, quantity, price, discount, total_amount) VALUES (104, 54, 81, 2, 750000.00, 15.00, 1275000.00);
INSERT INTO order_details (order_detail_id, order_id, product_id, quantity, price, discount, total_amount) VALUES (105, 54, 53, 2, 850000.00, 5.00, 1615000.00);
INSERT INTO payments (payment_id, order_id, payment_method, payment_date, amount, status) VALUES (54, 54, 'BANKING', NULL, 2925000.00, 'pending');
INSERT INTO deliveries (delivery_id, order_id, carrier_id, shipper_id, delivery_status, tracking_num, ship_address, estimated_delivery_date) VALUES (28, 54, 1, 10, 'picking', 'TRACK054126', '98988 Nguyen Roads', CURRENT_DATE + INTERVAL '2 days');
INSERT INTO orders (order_id, user_id, order_date, required_date, shipped_date, ship_address_id, freight, status, total_amount) VALUES (55, 49, '2026-05-22 23:20:30', CURRENT_DATE + INTERVAL '3 days', NULL, 252, 25000.00, 'shipping', 1585000.00);
INSERT INTO order_details (order_detail_id, order_id, product_id, quantity, price, discount, total_amount) VALUES (106, 55, 83, 2, 650000.00, 10.00, 1170000.00);
INSERT INTO order_details (order_detail_id, order_id, product_id, quantity, price, discount, total_amount) VALUES (107, 55, 81, 2, 150000.00, 15.00, 255000.00);
INSERT INTO order_details (order_detail_id, order_id, product_id, quantity, price, discount, total_amount) VALUES (108, 55, 178, 1, 150000.00, 10.00, 135000.00);
INSERT INTO payments (payment_id, order_id, payment_method, payment_date, amount, status) VALUES (55, 55, 'MOMO', NULL, 1585000.00, 'pending');
INSERT INTO deliveries (delivery_id, order_id, carrier_id, shipper_id, delivery_status, tracking_num, ship_address, estimated_delivery_date) VALUES (29, 55, 4, 48, 'shipping', 'TRACK055222', '86246 Cuong Motorway', CURRENT_DATE + INTERVAL '2 days');
INSERT INTO orders (order_id, user_id, order_date, required_date, shipped_date, ship_address_id, freight, status, total_amount) VALUES (56, 92, '2026-05-27 14:54:59', CURRENT_DATE + INTERVAL '3 days', NULL, 239, 15000.00, 'shipping', 2665000.00);
INSERT INTO order_details (order_detail_id, order_id, product_id, quantity, price, discount, total_amount) VALUES (109, 56, 100, 1, 750000.00, 0.00, 750000.00);
INSERT INTO order_details (order_detail_id, order_id, product_id, quantity, price, discount, total_amount) VALUES (110, 56, 58, 2, 950000.00, 0.00, 1900000.00);
INSERT INTO payments (payment_id, order_id, payment_method, payment_date, amount, status) VALUES (56, 56, 'PAYPAL', NULL, 2665000.00, 'pending');
INSERT INTO deliveries (delivery_id, order_id, carrier_id, shipper_id, delivery_status, tracking_num, ship_address, estimated_delivery_date) VALUES (30, 56, 4, 32, 'shipping', 'TRACK056684', '51129 Phong Trace', CURRENT_DATE + INTERVAL '2 days');
INSERT INTO orders (order_id, user_id, order_date, required_date, shipped_date, ship_address_id, freight, status, total_amount) VALUES (57, 162, '2026-05-21 18:42:20', CURRENT_DATE + INTERVAL '3 days', NULL, 351, 20000.00, 'pending', 2500000.00);
INSERT INTO order_details (order_detail_id, order_id, product_id, quantity, price, discount, total_amount) VALUES (111, 57, 87, 1, 750000.00, 15.00, 637500.00);
INSERT INTO order_details (order_detail_id, order_id, product_id, quantity, price, discount, total_amount) VALUES (112, 57, 71, 1, 1050000.00, 15.00, 892500.00);
INSERT INTO order_details (order_detail_id, order_id, product_id, quantity, price, discount, total_amount) VALUES (113, 57, 171, 1, 950000.00, 0.00, 950000.00);
INSERT INTO payments (payment_id, order_id, payment_method, payment_date, amount, status) VALUES (57, 57, 'VNPAY', NULL, 2500000.00, 'pending');
INSERT INTO orders (order_id, user_id, order_date, required_date, shipped_date, ship_address_id, freight, status, total_amount) VALUES (58, 154, '2026-05-30 07:40:04', CURRENT_DATE + INTERVAL '3 days', NULL, 280, 25000.00, 'cancelled', 1555000.00);
INSERT INTO order_details (order_detail_id, order_id, product_id, quantity, price, discount, total_amount) VALUES (114, 58, 82, 2, 850000.00, 10.00, 1530000.00);
INSERT INTO payments (payment_id, order_id, payment_method, payment_date, amount, status) VALUES (58, 58, 'COD', NULL, 1555000.00, 'failed');
INSERT INTO orders (order_id, user_id, order_date, required_date, shipped_date, ship_address_id, freight, status, total_amount) VALUES (59, 97, '2026-05-08 19:56:44', CURRENT_DATE + INTERVAL '3 days', NULL, 209, 15000.00, 'pending', 387500.00);
INSERT INTO order_details (order_detail_id, order_id, product_id, quantity, price, discount, total_amount) VALUES (115, 59, 21, 1, 250000.00, 5.00, 237500.00);
INSERT INTO order_details (order_detail_id, order_id, product_id, quantity, price, discount, total_amount) VALUES (116, 59, 51, 1, 150000.00, 10.00, 135000.00);
INSERT INTO payments (payment_id, order_id, payment_method, payment_date, amount, status) VALUES (59, 59, 'BANKING', NULL, 387500.00, 'pending');
INSERT INTO orders (order_id, user_id, order_date, required_date, shipped_date, ship_address_id, freight, status, total_amount) VALUES (60, 182, '2026-05-08 10:26:45', CURRENT_DATE + INTERVAL '3 days', NULL, 230, 20000.00, 'pending', 1207500.00);
INSERT INTO order_details (order_detail_id, order_id, product_id, quantity, price, discount, total_amount) VALUES (117, 60, 15, 1, 750000.00, 5.00, 712500.00);
INSERT INTO order_details (order_detail_id, order_id, product_id, quantity, price, discount, total_amount) VALUES (118, 60, 20, 2, 250000.00, 5.00, 475000.00);
INSERT INTO payments (payment_id, order_id, payment_method, payment_date, amount, status) VALUES (60, 60, 'BANKING', NULL, 1207500.00, 'pending');
INSERT INTO orders (order_id, user_id, order_date, required_date, shipped_date, ship_address_id, freight, status, total_amount) VALUES (61, 18, '2026-05-17 23:29:53', CURRENT_DATE + INTERVAL '3 days', NULL, 425, 35000.00, 'confirmed', 985000.00);
INSERT INTO order_details (order_detail_id, order_id, product_id, quantity, price, discount, total_amount) VALUES (119, 61, 188, 1, 950000.00, 0.00, 950000.00);
INSERT INTO payments (payment_id, order_id, payment_method, payment_date, amount, status) VALUES (61, 61, 'VNPAY', NULL, 985000.00, 'pending');
INSERT INTO deliveries (delivery_id, order_id, carrier_id, shipper_id, delivery_status, tracking_num, ship_address, estimated_delivery_date) VALUES (31, 61, 1, 43, 'picking', 'TRACK061825', '4370 Vuong Fields', CURRENT_DATE + INTERVAL '2 days');
INSERT INTO orders (order_id, user_id, order_date, required_date, shipped_date, ship_address_id, freight, status, total_amount) VALUES (62, 212, '2026-05-11 07:18:55', CURRENT_DATE + INTERVAL '3 days', NULL, 416, 25000.00, 'cancelled', 4020000.00);
INSERT INTO order_details (order_detail_id, order_id, product_id, quantity, price, discount, total_amount) VALUES (120, 62, 11, 2, 1050000.00, 15.00, 1785000.00);
INSERT INTO order_details (order_detail_id, order_id, product_id, quantity, price, discount, total_amount) VALUES (121, 62, 50, 2, 950000.00, 5.00, 1805000.00);
INSERT INTO order_details (order_detail_id, order_id, product_id, quantity, price, discount, total_amount) VALUES (122, 62, 115, 1, 450000.00, 10.00, 405000.00);
INSERT INTO payments (payment_id, order_id, payment_method, payment_date, amount, status) VALUES (62, 62, 'BANKING', NULL, 4020000.00, 'failed');
INSERT INTO orders (order_id, user_id, order_date, required_date, shipped_date, ship_address_id, freight, status, total_amount) VALUES (63, 257, '2026-05-05 02:55:24', CURRENT_DATE + INTERVAL '3 days', NULL, 312, 25000.00, 'shipping', 1530000.00);
INSERT INTO order_details (order_detail_id, order_id, product_id, quantity, price, discount, total_amount) VALUES (123, 63, 125, 2, 550000.00, 0.00, 1100000.00);
INSERT INTO order_details (order_detail_id, order_id, product_id, quantity, price, discount, total_amount) VALUES (124, 63, 77, 1, 450000.00, 10.00, 405000.00);
INSERT INTO payments (payment_id, order_id, payment_method, payment_date, amount, status) VALUES (63, 63, 'MOMO', NULL, 1530000.00, 'pending');
INSERT INTO deliveries (delivery_id, order_id, carrier_id, shipper_id, delivery_status, tracking_num, ship_address, estimated_delivery_date) VALUES (32, 63, 4, 48, 'shipping', 'TRACK063565', '1900 Ho Views', CURRENT_DATE + INTERVAL '2 days');
INSERT INTO orders (order_id, user_id, order_date, required_date, shipped_date, ship_address_id, freight, status, total_amount) VALUES (64, 186, '2026-05-07 12:48:49', CURRENT_DATE + INTERVAL '3 days', CURRENT_DATE, 166, 35000.00, 'delivered', 3845000.00);
INSERT INTO order_details (order_detail_id, order_id, product_id, quantity, price, discount, total_amount) VALUES (125, 64, 171, 2, 1050000.00, 15.00, 1785000.00);
INSERT INTO order_details (order_detail_id, order_id, product_id, quantity, price, discount, total_amount) VALUES (126, 64, 41, 2, 1050000.00, 10.00, 1890000.00);
INSERT INTO order_details (order_detail_id, order_id, product_id, quantity, price, discount, total_amount) VALUES (127, 64, 167, 1, 150000.00, 10.00, 135000.00);
INSERT INTO payments (payment_id, order_id, payment_method, payment_date, amount, status) VALUES (64, 64, 'COD', CURRENT_TIMESTAMP, 3845000.00, 'completed');
INSERT INTO deliveries (delivery_id, order_id, carrier_id, shipper_id, delivery_status, tracking_num, ship_address, estimated_delivery_date) VALUES (33, 64, 4, 21, 'delivered', 'TRACK064978', '39445 Ly Pine', CURRENT_DATE + INTERVAL '2 days');
INSERT INTO reviews (review_id, user_id, product_id, rating, comment, review_date) VALUES (64, 186, 27, 4, 'San pham dong goi can than, giao hang Gen Z sieu nhanh, chat luong tuyet voi so voi tam gia!', '2026-05-07 12:48:49');
INSERT INTO orders (order_id, user_id, order_date, required_date, shipped_date, ship_address_id, freight, status, total_amount) VALUES (65, 163, '2026-05-27 19:51:50', CURRENT_DATE + INTERVAL '3 days', NULL, 2, 30000.00, 'pending', 795000.00);
INSERT INTO order_details (order_detail_id, order_id, product_id, quantity, price, discount, total_amount) VALUES (128, 65, 3, 1, 850000.00, 10.00, 765000.00);
INSERT INTO payments (payment_id, order_id, payment_method, payment_date, amount, status) VALUES (65, 65, 'MOMO', NULL, 795000.00, 'pending');
INSERT INTO orders (order_id, user_id, order_date, required_date, shipped_date, ship_address_id, freight, status, total_amount) VALUES (66, 226, '2026-05-06 09:12:22', CURRENT_DATE + INTERVAL '3 days', NULL, 285, 25000.00, 'cancelled', 1697500.00);
INSERT INTO order_details (order_detail_id, order_id, product_id, quantity, price, discount, total_amount) VALUES (129, 66, 40, 2, 350000.00, 10.00, 630000.00);
INSERT INTO order_details (order_detail_id, order_id, product_id, quantity, price, discount, total_amount) VALUES (130, 66, 163, 1, 650000.00, 5.00, 617500.00);
INSERT INTO order_details (order_detail_id, order_id, product_id, quantity, price, discount, total_amount) VALUES (131, 66, 189, 2, 250000.00, 15.00, 425000.00);
INSERT INTO payments (payment_id, order_id, payment_method, payment_date, amount, status) VALUES (66, 66, 'BANKING', NULL, 1697500.00, 'failed');
INSERT INTO orders (order_id, user_id, order_date, required_date, shipped_date, ship_address_id, freight, status, total_amount) VALUES (67, 187, '2026-05-19 00:44:55', CURRENT_DATE + INTERVAL '3 days', NULL, 301, 25000.00, 'shipping', 725000.00);
INSERT INTO order_details (order_detail_id, order_id, product_id, quantity, price, discount, total_amount) VALUES (132, 67, 175, 1, 350000.00, 0.00, 350000.00);
INSERT INTO order_details (order_detail_id, order_id, product_id, quantity, price, discount, total_amount) VALUES (133, 67, 183, 1, 350000.00, 0.00, 350000.00);
INSERT INTO payments (payment_id, order_id, payment_method, payment_date, amount, status) VALUES (67, 67, 'MOMO', NULL, 725000.00, 'pending');
INSERT INTO deliveries (delivery_id, order_id, carrier_id, shipper_id, delivery_status, tracking_num, ship_address, estimated_delivery_date) VALUES (34, 67, 2, 27, 'shipping', 'TRACK067572', '737 Dinh Roads', CURRENT_DATE + INTERVAL '2 days');
INSERT INTO orders (order_id, user_id, order_date, required_date, shipped_date, ship_address_id, freight, status, total_amount) VALUES (68, 150, '2026-05-30 17:08:14', CURRENT_DATE + INTERVAL '3 days', NULL, 223, 15000.00, 'cancelled', 347500.00);
INSERT INTO order_details (order_detail_id, order_id, product_id, quantity, price, discount, total_amount) VALUES (134, 68, 163, 1, 350000.00, 5.00, 332500.00);
INSERT INTO payments (payment_id, order_id, payment_method, payment_date, amount, status) VALUES (68, 68, 'MOMO', NULL, 347500.00, 'failed');
INSERT INTO orders (order_id, user_id, order_date, required_date, shipped_date, ship_address_id, freight, status, total_amount) VALUES (69, 174, '2026-05-21 13:08:46', CURRENT_DATE + INTERVAL '3 days', CURRENT_DATE, 303, 25000.00, 'delivered', 1015000.00);
INSERT INTO order_details (order_detail_id, order_id, product_id, quantity, price, discount, total_amount) VALUES (135, 69, 10, 2, 550000.00, 10.00, 990000.00);
INSERT INTO payments (payment_id, order_id, payment_method, payment_date, amount, status) VALUES (69, 69, 'MOMO', CURRENT_TIMESTAMP, 1015000.00, 'completed');
INSERT INTO deliveries (delivery_id, order_id, carrier_id, shipper_id, delivery_status, tracking_num, ship_address, estimated_delivery_date) VALUES (35, 69, 2, 36, 'delivered', 'TRACK069968', '098 Ho Junction', CURRENT_DATE + INTERVAL '2 days');
INSERT INTO reviews (review_id, user_id, product_id, rating, comment, review_date) VALUES (69, 174, 183, 4, 'San pham dong goi can than, giao hang Gen Z sieu nhanh, chat luong tuyet voi so voi tam gia!', '2026-05-21 13:08:46');
INSERT INTO orders (order_id, user_id, order_date, required_date, shipped_date, ship_address_id, freight, status, total_amount) VALUES (70, 103, '2026-05-21 13:05:57', CURRENT_DATE + INTERVAL '3 days', CURRENT_DATE, 305, 15000.00, 'delivered', 3515000.00);
INSERT INTO order_details (order_detail_id, order_id, product_id, quantity, price, discount, total_amount) VALUES (136, 70, 70, 2, 450000.00, 15.00, 765000.00);
INSERT INTO order_details (order_detail_id, order_id, product_id, quantity, price, discount, total_amount) VALUES (137, 70, 39, 1, 950000.00, 0.00, 950000.00);
INSERT INTO order_details (order_detail_id, order_id, product_id, quantity, price, discount, total_amount) VALUES (138, 70, 180, 2, 1050000.00, 15.00, 1785000.00);
INSERT INTO payments (payment_id, order_id, payment_method, payment_date, amount, status) VALUES (70, 70, 'COD', CURRENT_TIMESTAMP, 3515000.00, 'completed');
INSERT INTO deliveries (delivery_id, order_id, carrier_id, shipper_id, delivery_status, tracking_num, ship_address, estimated_delivery_date) VALUES (36, 70, 2, 48, 'delivered', 'TRACK070643', '2615 Nhung Island', CURRENT_DATE + INTERVAL '2 days');
INSERT INTO orders (order_id, user_id, order_date, required_date, shipped_date, ship_address_id, freight, status, total_amount) VALUES (71, 39, '2026-05-09 21:43:07', CURRENT_DATE + INTERVAL '3 days', NULL, 436, 15000.00, 'cancelled', 1580000.00);
INSERT INTO order_details (order_detail_id, order_id, product_id, quantity, price, discount, total_amount) VALUES (139, 71, 19, 1, 650000.00, 15.00, 552500.00);
INSERT INTO order_details (order_detail_id, order_id, product_id, quantity, price, discount, total_amount) VALUES (140, 71, 5, 1, 450000.00, 15.00, 382500.00);
INSERT INTO order_details (order_detail_id, order_id, product_id, quantity, price, discount, total_amount) VALUES (141, 71, 78, 2, 350000.00, 10.00, 630000.00);
INSERT INTO payments (payment_id, order_id, payment_method, payment_date, amount, status) VALUES (71, 71, 'MOMO', NULL, 1580000.00, 'failed');
INSERT INTO orders (order_id, user_id, order_date, required_date, shipped_date, ship_address_id, freight, status, total_amount) VALUES (72, 133, '2026-05-27 21:50:34', CURRENT_DATE + INTERVAL '3 days', NULL, 127, 15000.00, 'shipping', 1890000.00);
INSERT INTO order_details (order_detail_id, order_id, product_id, quantity, price, discount, total_amount) VALUES (142, 72, 50, 1, 750000.00, 10.00, 675000.00);
INSERT INTO order_details (order_detail_id, order_id, product_id, quantity, price, discount, total_amount) VALUES (143, 72, 103, 2, 250000.00, 10.00, 450000.00);
INSERT INTO order_details (order_detail_id, order_id, product_id, quantity, price, discount, total_amount) VALUES (144, 72, 43, 1, 750000.00, 0.00, 750000.00);
INSERT INTO payments (payment_id, order_id, payment_method, payment_date, amount, status) VALUES (72, 72, 'MOMO', NULL, 1890000.00, 'pending');
INSERT INTO deliveries (delivery_id, order_id, carrier_id, shipper_id, delivery_status, tracking_num, ship_address, estimated_delivery_date) VALUES (37, 72, 2, 37, 'shipping', 'TRACK072168', '972 Lam Park', CURRENT_DATE + INTERVAL '2 days');
INSERT INTO orders (order_id, user_id, order_date, required_date, shipped_date, ship_address_id, freight, status, total_amount) VALUES (73, 140, '2026-05-20 21:21:20', CURRENT_DATE + INTERVAL '3 days', NULL, 441, 35000.00, 'pending', 350000.00);
INSERT INTO order_details (order_detail_id, order_id, product_id, quantity, price, discount, total_amount) VALUES (145, 73, 27, 1, 350000.00, 10.00, 315000.00);
INSERT INTO payments (payment_id, order_id, payment_method, payment_date, amount, status) VALUES (73, 73, 'BANKING', NULL, 350000.00, 'pending');
INSERT INTO orders (order_id, user_id, order_date, required_date, shipped_date, ship_address_id, freight, status, total_amount) VALUES (74, 162, '2026-05-08 20:28:09', CURRENT_DATE + INTERVAL '3 days', CURRENT_DATE, 262, 35000.00, 'delivered', 485000.00);
INSERT INTO order_details (order_detail_id, order_id, product_id, quantity, price, discount, total_amount) VALUES (146, 74, 51, 2, 250000.00, 10.00, 450000.00);
INSERT INTO payments (payment_id, order_id, payment_method, payment_date, amount, status) VALUES (74, 74, 'MOMO', CURRENT_TIMESTAMP, 485000.00, 'completed');
INSERT INTO deliveries (delivery_id, order_id, carrier_id, shipper_id, delivery_status, tracking_num, ship_address, estimated_delivery_date) VALUES (38, 74, 2, 18, 'delivered', 'TRACK074762', '16177 Quoc Curve', CURRENT_DATE + INTERVAL '2 days');
INSERT INTO orders (order_id, user_id, order_date, required_date, shipped_date, ship_address_id, freight, status, total_amount) VALUES (75, 165, '2026-05-07 19:48:19', CURRENT_DATE + INTERVAL '3 days', NULL, 247, 30000.00, 'confirmed', 1920000.00);
INSERT INTO order_details (order_detail_id, order_id, product_id, quantity, price, discount, total_amount) VALUES (147, 75, 179, 2, 1050000.00, 10.00, 1890000.00);
INSERT INTO payments (payment_id, order_id, payment_method, payment_date, amount, status) VALUES (75, 75, 'BANKING', NULL, 1920000.00, 'pending');
INSERT INTO deliveries (delivery_id, order_id, carrier_id, shipper_id, delivery_status, tracking_num, ship_address, estimated_delivery_date) VALUES (39, 75, 2, 6, 'picking', 'TRACK075804', '4855 Vu Plains', CURRENT_DATE + INTERVAL '2 days');
INSERT INTO orders (order_id, user_id, order_date, required_date, shipped_date, ship_address_id, freight, status, total_amount) VALUES (76, 194, '2026-05-11 16:00:03', CURRENT_DATE + INTERVAL '3 days', NULL, 372, 30000.00, 'pending', 2182500.00);
INSERT INTO order_details (order_detail_id, order_id, product_id, quantity, price, discount, total_amount) VALUES (148, 76, 69, 2, 650000.00, 15.00, 1105000.00);
INSERT INTO order_details (order_detail_id, order_id, product_id, quantity, price, discount, total_amount) VALUES (149, 76, 69, 1, 650000.00, 15.00, 552500.00);
INSERT INTO order_details (order_detail_id, order_id, product_id, quantity, price, discount, total_amount) VALUES (150, 76, 51, 1, 550000.00, 10.00, 495000.00);
INSERT INTO payments (payment_id, order_id, payment_method, payment_date, amount, status) VALUES (76, 76, 'VNPAY', NULL, 2182500.00, 'pending');
INSERT INTO orders (order_id, user_id, order_date, required_date, shipped_date, ship_address_id, freight, status, total_amount) VALUES (77, 150, '2026-05-28 03:16:35', CURRENT_DATE + INTERVAL '3 days', CURRENT_DATE, 10, 35000.00, 'delivered', 637500.00);
INSERT INTO order_details (order_detail_id, order_id, product_id, quantity, price, discount, total_amount) VALUES (151, 77, 117, 1, 150000.00, 15.00, 127500.00);
INSERT INTO order_details (order_detail_id, order_id, product_id, quantity, price, discount, total_amount) VALUES (152, 77, 100, 2, 250000.00, 5.00, 475000.00);
INSERT INTO payments (payment_id, order_id, payment_method, payment_date, amount, status) VALUES (77, 77, 'VNPAY', CURRENT_TIMESTAMP, 637500.00, 'completed');
INSERT INTO deliveries (delivery_id, order_id, carrier_id, shipper_id, delivery_status, tracking_num, ship_address, estimated_delivery_date) VALUES (40, 77, 1, 20, 'delivered', 'TRACK077378', '96248 Truong Pike', CURRENT_DATE + INTERVAL '2 days');
INSERT INTO reviews (review_id, user_id, product_id, rating, comment, review_date) VALUES (77, 150, 121, 4, 'San pham dong goi can than, giao hang Gen Z sieu nhanh, chat luong tuyet voi so voi tam gia!', '2026-05-28 03:16:35');
INSERT INTO orders (order_id, user_id, order_date, required_date, shipped_date, ship_address_id, freight, status, total_amount) VALUES (78, 253, '2026-05-11 15:10:22', CURRENT_DATE + INTERVAL '3 days', NULL, 436, 35000.00, 'pending', 2797500.00);
INSERT INTO order_details (order_detail_id, order_id, product_id, quantity, price, discount, total_amount) VALUES (153, 78, 112, 1, 950000.00, 15.00, 807500.00);
INSERT INTO order_details (order_detail_id, order_id, product_id, quantity, price, discount, total_amount) VALUES (154, 78, 186, 2, 950000.00, 5.00, 1805000.00);
INSERT INTO order_details (order_detail_id, order_id, product_id, quantity, price, discount, total_amount) VALUES (155, 78, 104, 1, 150000.00, 0.00, 150000.00);
INSERT INTO payments (payment_id, order_id, payment_method, payment_date, amount, status) VALUES (78, 78, 'PAYPAL', NULL, 2797500.00, 'pending');
INSERT INTO orders (order_id, user_id, order_date, required_date, shipped_date, ship_address_id, freight, status, total_amount) VALUES (79, 221, '2026-05-31 01:15:10', CURRENT_DATE + INTERVAL '3 days', NULL, 184, 15000.00, 'confirmed', 1742500.00);
INSERT INTO order_details (order_detail_id, order_id, product_id, quantity, price, discount, total_amount) VALUES (156, 79, 189, 1, 450000.00, 5.00, 427500.00);
INSERT INTO order_details (order_detail_id, order_id, product_id, quantity, price, discount, total_amount) VALUES (157, 79, 78, 2, 650000.00, 0.00, 1300000.00);
INSERT INTO payments (payment_id, order_id, payment_method, payment_date, amount, status) VALUES (79, 79, 'COD', NULL, 1742500.00, 'pending');
INSERT INTO deliveries (delivery_id, order_id, carrier_id, shipper_id, delivery_status, tracking_num, ship_address, estimated_delivery_date) VALUES (41, 79, 1, 25, 'picking', 'TRACK079536', '2841 Dao Mission', CURRENT_DATE + INTERVAL '2 days');
INSERT INTO orders (order_id, user_id, order_date, required_date, shipped_date, ship_address_id, freight, status, total_amount) VALUES (80, 105, '2026-05-29 10:38:05', CURRENT_DATE + INTERVAL '3 days', NULL, 160, 30000.00, 'confirmed', 315000.00);
INSERT INTO order_details (order_detail_id, order_id, product_id, quantity, price, discount, total_amount) VALUES (158, 80, 148, 2, 150000.00, 5.00, 285000.00);
INSERT INTO payments (payment_id, order_id, payment_method, payment_date, amount, status) VALUES (80, 80, 'COD', NULL, 315000.00, 'pending');
INSERT INTO deliveries (delivery_id, order_id, carrier_id, shipper_id, delivery_status, tracking_num, ship_address, estimated_delivery_date) VALUES (42, 80, 4, 23, 'picking', 'TRACK080736', '60185 Trinh Wells', CURRENT_DATE + INTERVAL '2 days');
INSERT INTO orders (order_id, user_id, order_date, required_date, shipped_date, ship_address_id, freight, status, total_amount) VALUES (81, 78, '2026-05-18 02:01:11', CURRENT_DATE + INTERVAL '3 days', NULL, 312, 30000.00, 'shipping', 505000.00);
INSERT INTO order_details (order_detail_id, order_id, product_id, quantity, price, discount, total_amount) VALUES (159, 81, 125, 2, 250000.00, 5.00, 475000.00);
INSERT INTO payments (payment_id, order_id, payment_method, payment_date, amount, status) VALUES (81, 81, 'BANKING', NULL, 505000.00, 'pending');
INSERT INTO deliveries (delivery_id, order_id, carrier_id, shipper_id, delivery_status, tracking_num, ship_address, estimated_delivery_date) VALUES (43, 81, 2, 36, 'shipping', 'TRACK081956', '59016 Ngo Square', CURRENT_DATE + INTERVAL '2 days');
INSERT INTO orders (order_id, user_id, order_date, required_date, shipped_date, ship_address_id, freight, status, total_amount) VALUES (82, 163, '2026-05-15 04:55:27', CURRENT_DATE + INTERVAL '3 days', CURRENT_DATE, 347, 30000.00, 'delivered', 2810000.00);
INSERT INTO order_details (order_detail_id, order_id, product_id, quantity, price, discount, total_amount) VALUES (160, 82, 126, 2, 150000.00, 5.00, 285000.00);
INSERT INTO order_details (order_detail_id, order_id, product_id, quantity, price, discount, total_amount) VALUES (161, 82, 121, 1, 1050000.00, 0.00, 1050000.00);
INSERT INTO order_details (order_detail_id, order_id, product_id, quantity, price, discount, total_amount) VALUES (162, 82, 36, 2, 850000.00, 15.00, 1445000.00);
INSERT INTO payments (payment_id, order_id, payment_method, payment_date, amount, status) VALUES (82, 82, 'PAYPAL', CURRENT_TIMESTAMP, 2810000.00, 'completed');
INSERT INTO deliveries (delivery_id, order_id, carrier_id, shipper_id, delivery_status, tracking_num, ship_address, estimated_delivery_date) VALUES (44, 82, 1, 7, 'delivered', 'TRACK082469', '0264 Mai Village', CURRENT_DATE + INTERVAL '2 days');
INSERT INTO orders (order_id, user_id, order_date, required_date, shipped_date, ship_address_id, freight, status, total_amount) VALUES (83, 244, '2026-05-28 11:09:05', CURRENT_DATE + INTERVAL '3 days', NULL, 343, 35000.00, 'cancelled', 1632500.00);
INSERT INTO order_details (order_detail_id, order_id, product_id, quantity, price, discount, total_amount) VALUES (163, 83, 133, 1, 650000.00, 15.00, 552500.00);
INSERT INTO order_details (order_detail_id, order_id, product_id, quantity, price, discount, total_amount) VALUES (164, 83, 22, 2, 550000.00, 5.00, 1045000.00);
INSERT INTO payments (payment_id, order_id, payment_method, payment_date, amount, status) VALUES (83, 83, 'MOMO', NULL, 1632500.00, 'failed');
INSERT INTO orders (order_id, user_id, order_date, required_date, shipped_date, ship_address_id, freight, status, total_amount) VALUES (84, 98, '2026-05-23 10:49:47', CURRENT_DATE + INTERVAL '3 days', NULL, 95, 35000.00, 'pending', 1072500.00);
INSERT INTO order_details (order_detail_id, order_id, product_id, quantity, price, discount, total_amount) VALUES (165, 84, 127, 1, 850000.00, 15.00, 722500.00);
INSERT INTO order_details (order_detail_id, order_id, product_id, quantity, price, discount, total_amount) VALUES (166, 84, 116, 1, 350000.00, 10.00, 315000.00);
INSERT INTO payments (payment_id, order_id, payment_method, payment_date, amount, status) VALUES (84, 84, 'BANKING', NULL, 1072500.00, 'pending');
INSERT INTO orders (order_id, user_id, order_date, required_date, shipped_date, ship_address_id, freight, status, total_amount) VALUES (85, 208, '2026-05-08 21:44:35', CURRENT_DATE + INTERVAL '3 days', NULL, 195, 25000.00, 'confirmed', 2250000.00);
INSERT INTO order_details (order_detail_id, order_id, product_id, quantity, price, discount, total_amount) VALUES (167, 85, 71, 2, 250000.00, 0.00, 500000.00);
INSERT INTO order_details (order_detail_id, order_id, product_id, quantity, price, discount, total_amount) VALUES (168, 85, 67, 2, 750000.00, 5.00, 1425000.00);
INSERT INTO order_details (order_detail_id, order_id, product_id, quantity, price, discount, total_amount) VALUES (169, 85, 125, 2, 150000.00, 0.00, 300000.00);
INSERT INTO payments (payment_id, order_id, payment_method, payment_date, amount, status) VALUES (85, 85, 'VNPAY', NULL, 2250000.00, 'pending');
INSERT INTO deliveries (delivery_id, order_id, carrier_id, shipper_id, delivery_status, tracking_num, ship_address, estimated_delivery_date) VALUES (45, 85, 4, 35, 'picking', 'TRACK085235', '562 Tran Walk', CURRENT_DATE + INTERVAL '2 days');
INSERT INTO orders (order_id, user_id, order_date, required_date, shipped_date, ship_address_id, freight, status, total_amount) VALUES (86, 101, '2026-06-02 02:19:38', CURRENT_DATE + INTERVAL '3 days', NULL, 162, 15000.00, 'confirmed', 1460000.00);
INSERT INTO order_details (order_detail_id, order_id, product_id, quantity, price, discount, total_amount) VALUES (170, 86, 4, 2, 850000.00, 15.00, 1445000.00);
INSERT INTO payments (payment_id, order_id, payment_method, payment_date, amount, status) VALUES (86, 86, 'COD', NULL, 1460000.00, 'pending');
INSERT INTO deliveries (delivery_id, order_id, carrier_id, shipper_id, delivery_status, tracking_num, ship_address, estimated_delivery_date) VALUES (46, 86, 2, 18, 'picking', 'TRACK086576', '2627 Truong Cove', CURRENT_DATE + INTERVAL '2 days');
INSERT INTO orders (order_id, user_id, order_date, required_date, shipped_date, ship_address_id, freight, status, total_amount) VALUES (87, 136, '2026-05-24 00:37:06', CURRENT_DATE + INTERVAL '3 days', NULL, 124, 15000.00, 'shipping', 2277500.00);
INSERT INTO order_details (order_detail_id, order_id, product_id, quantity, price, discount, total_amount) VALUES (171, 87, 128, 2, 950000.00, 10.00, 1710000.00);
INSERT INTO order_details (order_detail_id, order_id, product_id, quantity, price, discount, total_amount) VALUES (172, 87, 90, 1, 650000.00, 15.00, 552500.00);
INSERT INTO payments (payment_id, order_id, payment_method, payment_date, amount, status) VALUES (87, 87, 'PAYPAL', NULL, 2277500.00, 'pending');
INSERT INTO deliveries (delivery_id, order_id, carrier_id, shipper_id, delivery_status, tracking_num, ship_address, estimated_delivery_date) VALUES (47, 87, 1, 4, 'shipping', 'TRACK087469', '3370 Nam Square', CURRENT_DATE + INTERVAL '2 days');
INSERT INTO orders (order_id, user_id, order_date, required_date, shipped_date, ship_address_id, freight, status, total_amount) VALUES (88, 242, '2026-05-25 06:37:56', CURRENT_DATE + INTERVAL '3 days', NULL, 43, 15000.00, 'shipping', 982500.00);
INSERT INTO order_details (order_detail_id, order_id, product_id, quantity, price, discount, total_amount) VALUES (173, 88, 113, 1, 750000.00, 5.00, 712500.00);
INSERT INTO order_details (order_detail_id, order_id, product_id, quantity, price, discount, total_amount) VALUES (174, 88, 105, 2, 150000.00, 15.00, 255000.00);
INSERT INTO payments (payment_id, order_id, payment_method, payment_date, amount, status) VALUES (88, 88, 'COD', NULL, 982500.00, 'pending');
INSERT INTO deliveries (delivery_id, order_id, carrier_id, shipper_id, delivery_status, tracking_num, ship_address, estimated_delivery_date) VALUES (48, 88, 3, 44, 'shipping', 'TRACK088065', '81882 Tuan Parkway', CURRENT_DATE + INTERVAL '2 days');
INSERT INTO orders (order_id, user_id, order_date, required_date, shipped_date, ship_address_id, freight, status, total_amount) VALUES (89, 267, '2026-05-07 09:21:16', CURRENT_DATE + INTERVAL '3 days', NULL, 232, 15000.00, 'shipping', 652500.00);
INSERT INTO order_details (order_detail_id, order_id, product_id, quantity, price, discount, total_amount) VALUES (175, 89, 193, 1, 750000.00, 15.00, 637500.00);
INSERT INTO payments (payment_id, order_id, payment_method, payment_date, amount, status) VALUES (89, 89, 'PAYPAL', NULL, 652500.00, 'pending');
INSERT INTO deliveries (delivery_id, order_id, carrier_id, shipper_id, delivery_status, tracking_num, ship_address, estimated_delivery_date) VALUES (49, 89, 4, 39, 'shipping', 'TRACK089724', '20504 Tham Hills', CURRENT_DATE + INTERVAL '2 days');
INSERT INTO orders (order_id, user_id, order_date, required_date, shipped_date, ship_address_id, freight, status, total_amount) VALUES (90, 247, '2026-05-14 13:36:16', CURRENT_DATE + INTERVAL '3 days', CURRENT_DATE, 149, 15000.00, 'delivered', 2352500.00);
INSERT INTO order_details (order_detail_id, order_id, product_id, quantity, price, discount, total_amount) VALUES (176, 90, 104, 2, 1050000.00, 15.00, 1785000.00);
INSERT INTO order_details (order_detail_id, order_id, product_id, quantity, price, discount, total_amount) VALUES (177, 90, 141, 1, 650000.00, 15.00, 552500.00);
INSERT INTO payments (payment_id, order_id, payment_method, payment_date, amount, status) VALUES (90, 90, 'VNPAY', CURRENT_TIMESTAMP, 2352500.00, 'completed');
INSERT INTO deliveries (delivery_id, order_id, carrier_id, shipper_id, delivery_status, tracking_num, ship_address, estimated_delivery_date) VALUES (50, 90, 1, 23, 'delivered', 'TRACK090639', '219 Lam Mountain', CURRENT_DATE + INTERVAL '2 days');
INSERT INTO reviews (review_id, user_id, product_id, rating, comment, review_date) VALUES (90, 247, 167, 4, 'San pham dong goi can than, giao hang Gen Z sieu nhanh, chat luong tuyet voi so voi tam gia!', '2026-05-14 13:36:16');
INSERT INTO orders (order_id, user_id, order_date, required_date, shipped_date, ship_address_id, freight, status, total_amount) VALUES (91, 178, '2026-06-01 19:42:34', CURRENT_DATE + INTERVAL '3 days', NULL, 423, 25000.00, 'confirmed', 2212500.00);
INSERT INTO order_details (order_detail_id, order_id, product_id, quantity, price, discount, total_amount) VALUES (178, 91, 1, 2, 1050000.00, 10.00, 1890000.00);
INSERT INTO order_details (order_detail_id, order_id, product_id, quantity, price, discount, total_amount) VALUES (179, 91, 139, 1, 350000.00, 15.00, 297500.00);
INSERT INTO payments (payment_id, order_id, payment_method, payment_date, amount, status) VALUES (91, 91, 'MOMO', NULL, 2212500.00, 'pending');
INSERT INTO deliveries (delivery_id, order_id, carrier_id, shipper_id, delivery_status, tracking_num, ship_address, estimated_delivery_date) VALUES (51, 91, 3, 4, 'picking', 'TRACK091926', '85030 Tang Fort', CURRENT_DATE + INTERVAL '2 days');
INSERT INTO orders (order_id, user_id, order_date, required_date, shipped_date, ship_address_id, freight, status, total_amount) VALUES (92, 115, '2026-05-28 15:57:17', CURRENT_DATE + INTERVAL '3 days', NULL, 83, 35000.00, 'shipping', 1160000.00);
INSERT INTO order_details (order_detail_id, order_id, product_id, quantity, price, discount, total_amount) VALUES (180, 92, 196, 1, 150000.00, 15.00, 127500.00);
INSERT INTO order_details (order_detail_id, order_id, product_id, quantity, price, discount, total_amount) VALUES (181, 92, 42, 1, 1050000.00, 5.00, 997500.00);
INSERT INTO payments (payment_id, order_id, payment_method, payment_date, amount, status) VALUES (92, 92, 'BANKING', NULL, 1160000.00, 'pending');
INSERT INTO deliveries (delivery_id, order_id, carrier_id, shipper_id, delivery_status, tracking_num, ship_address, estimated_delivery_date) VALUES (52, 92, 2, 28, 'shipping', 'TRACK092337', '577 Tran Corner', CURRENT_DATE + INTERVAL '2 days');
INSERT INTO orders (order_id, user_id, order_date, required_date, shipped_date, ship_address_id, freight, status, total_amount) VALUES (93, 18, '2026-05-08 08:37:11', CURRENT_DATE + INTERVAL '3 days', CURRENT_DATE, 369, 15000.00, 'delivered', 510000.00);
INSERT INTO order_details (order_detail_id, order_id, product_id, quantity, price, discount, total_amount) VALUES (182, 93, 133, 1, 550000.00, 10.00, 495000.00);
INSERT INTO payments (payment_id, order_id, payment_method, payment_date, amount, status) VALUES (93, 93, 'VNPAY', CURRENT_TIMESTAMP, 510000.00, 'completed');
INSERT INTO deliveries (delivery_id, order_id, carrier_id, shipper_id, delivery_status, tracking_num, ship_address, estimated_delivery_date) VALUES (53, 93, 1, 6, 'delivered', 'TRACK093062', '2022 Nhan Camp', CURRENT_DATE + INTERVAL '2 days');
INSERT INTO orders (order_id, user_id, order_date, required_date, shipped_date, ship_address_id, freight, status, total_amount) VALUES (94, 78, '2026-05-12 15:23:14', CURRENT_DATE + INTERVAL '3 days', CURRENT_DATE, 241, 15000.00, 'delivered', 2735000.00);
INSERT INTO order_details (order_detail_id, order_id, product_id, quantity, price, discount, total_amount) VALUES (183, 94, 88, 2, 850000.00, 5.00, 1615000.00);
INSERT INTO order_details (order_detail_id, order_id, product_id, quantity, price, discount, total_amount) VALUES (184, 94, 119, 2, 650000.00, 15.00, 1105000.00);
INSERT INTO payments (payment_id, order_id, payment_method, payment_date, amount, status) VALUES (94, 94, 'COD', CURRENT_TIMESTAMP, 2735000.00, 'completed');
INSERT INTO deliveries (delivery_id, order_id, carrier_id, shipper_id, delivery_status, tracking_num, ship_address, estimated_delivery_date) VALUES (54, 94, 3, 6, 'delivered', 'TRACK094945', '4190 Vuong Unions', CURRENT_DATE + INTERVAL '2 days');
INSERT INTO reviews (review_id, user_id, product_id, rating, comment, review_date) VALUES (94, 78, 198, 4, 'San pham dong goi can than, giao hang Gen Z sieu nhanh, chat luong tuyet voi so voi tam gia!', '2026-05-12 15:23:14');
INSERT INTO orders (order_id, user_id, order_date, required_date, shipped_date, ship_address_id, freight, status, total_amount) VALUES (95, 25, '2026-05-22 06:23:09', CURRENT_DATE + INTERVAL '3 days', NULL, 197, 20000.00, 'confirmed', 1295000.00);
INSERT INTO order_details (order_detail_id, order_id, product_id, quantity, price, discount, total_amount) VALUES (185, 95, 128, 2, 750000.00, 15.00, 1275000.00);
INSERT INTO payments (payment_id, order_id, payment_method, payment_date, amount, status) VALUES (95, 95, 'BANKING', NULL, 1295000.00, 'pending');
INSERT INTO deliveries (delivery_id, order_id, carrier_id, shipper_id, delivery_status, tracking_num, ship_address, estimated_delivery_date) VALUES (55, 95, 1, 5, 'picking', 'TRACK095711', '248 Mai Glens', CURRENT_DATE + INTERVAL '2 days');
INSERT INTO orders (order_id, user_id, order_date, required_date, shipped_date, ship_address_id, freight, status, total_amount) VALUES (96, 6, '2026-05-05 00:48:16', CURRENT_DATE + INTERVAL '3 days', NULL, 274, 15000.00, 'shipping', 617500.00);
INSERT INTO order_details (order_detail_id, order_id, product_id, quantity, price, discount, total_amount) VALUES (186, 96, 44, 1, 350000.00, 5.00, 332500.00);
INSERT INTO order_details (order_detail_id, order_id, product_id, quantity, price, discount, total_amount) VALUES (187, 96, 40, 2, 150000.00, 10.00, 270000.00);
INSERT INTO payments (payment_id, order_id, payment_method, payment_date, amount, status) VALUES (96, 96, 'VNPAY', NULL, 617500.00, 'pending');
INSERT INTO deliveries (delivery_id, order_id, carrier_id, shipper_id, delivery_status, tracking_num, ship_address, estimated_delivery_date) VALUES (56, 96, 1, 15, 'shipping', 'TRACK096047', '3786 Bui Overpass', CURRENT_DATE + INTERVAL '2 days');
INSERT INTO orders (order_id, user_id, order_date, required_date, shipped_date, ship_address_id, freight, status, total_amount) VALUES (97, 142, '2026-05-30 03:34:16', CURRENT_DATE + INTERVAL '3 days', NULL, 129, 15000.00, 'confirmed', 2615000.00);
INSERT INTO order_details (order_detail_id, order_id, product_id, quantity, price, discount, total_amount) VALUES (188, 97, 15, 2, 550000.00, 0.00, 1100000.00);
INSERT INTO order_details (order_detail_id, order_id, product_id, quantity, price, discount, total_amount) VALUES (189, 97, 145, 1, 250000.00, 10.00, 225000.00);
INSERT INTO order_details (order_detail_id, order_id, product_id, quantity, price, discount, total_amount) VALUES (190, 97, 195, 2, 750000.00, 15.00, 1275000.00);
INSERT INTO payments (payment_id, order_id, payment_method, payment_date, amount, status) VALUES (97, 97, 'VNPAY', NULL, 2615000.00, 'pending');
INSERT INTO deliveries (delivery_id, order_id, carrier_id, shipper_id, delivery_status, tracking_num, ship_address, estimated_delivery_date) VALUES (57, 97, 4, 5, 'picking', 'TRACK097415', '23419 Do Lodge', CURRENT_DATE + INTERVAL '2 days');
INSERT INTO orders (order_id, user_id, order_date, required_date, shipped_date, ship_address_id, freight, status, total_amount) VALUES (98, 199, '2026-05-12 00:39:57', CURRENT_DATE + INTERVAL '3 days', CURRENT_DATE, 152, 35000.00, 'delivered', 735000.00);
INSERT INTO order_details (order_detail_id, order_id, product_id, quantity, price, discount, total_amount) VALUES (191, 98, 31, 2, 250000.00, 10.00, 450000.00);
INSERT INTO order_details (order_detail_id, order_id, product_id, quantity, price, discount, total_amount) VALUES (192, 98, 106, 1, 250000.00, 0.00, 250000.00);
INSERT INTO payments (payment_id, order_id, payment_method, payment_date, amount, status) VALUES (98, 98, 'VNPAY', CURRENT_TIMESTAMP, 735000.00, 'completed');
INSERT INTO deliveries (delivery_id, order_id, carrier_id, shipper_id, delivery_status, tracking_num, ship_address, estimated_delivery_date) VALUES (58, 98, 2, 16, 'delivered', 'TRACK098115', '73430 Ho Plains', CURRENT_DATE + INTERVAL '2 days');
INSERT INTO reviews (review_id, user_id, product_id, rating, comment, review_date) VALUES (98, 199, 167, 5, 'San pham dong goi can than, giao hang Gen Z sieu nhanh, chat luong tuyet voi so voi tam gia!', '2026-05-12 00:39:57');
INSERT INTO orders (order_id, user_id, order_date, required_date, shipped_date, ship_address_id, freight, status, total_amount) VALUES (99, 127, '2026-05-19 05:16:02', CURRENT_DATE + INTERVAL '3 days', NULL, 175, 25000.00, 'confirmed', 2217500.00);
INSERT INTO order_details (order_detail_id, order_id, product_id, quantity, price, discount, total_amount) VALUES (193, 99, 154, 1, 150000.00, 15.00, 127500.00);
INSERT INTO order_details (order_detail_id, order_id, product_id, quantity, price, discount, total_amount) VALUES (194, 99, 187, 2, 250000.00, 10.00, 450000.00);
INSERT INTO order_details (order_detail_id, order_id, product_id, quantity, price, discount, total_amount) VALUES (195, 99, 4, 2, 850000.00, 5.00, 1615000.00);
INSERT INTO payments (payment_id, order_id, payment_method, payment_date, amount, status) VALUES (99, 99, 'COD', NULL, 2217500.00, 'pending');
INSERT INTO deliveries (delivery_id, order_id, carrier_id, shipper_id, delivery_status, tracking_num, ship_address, estimated_delivery_date) VALUES (59, 99, 1, 43, 'picking', 'TRACK099884', '45217 Nhan Harbor', CURRENT_DATE + INTERVAL '2 days');
INSERT INTO orders (order_id, user_id, order_date, required_date, shipped_date, ship_address_id, freight, status, total_amount) VALUES (100, 222, '2026-05-18 22:18:40', CURRENT_DATE + INTERVAL '3 days', NULL, 191, 20000.00, 'shipping', 445000.00);
INSERT INTO order_details (order_detail_id, order_id, product_id, quantity, price, discount, total_amount) VALUES (196, 100, 135, 2, 250000.00, 15.00, 425000.00);
INSERT INTO payments (payment_id, order_id, payment_method, payment_date, amount, status) VALUES (100, 100, 'VNPAY', NULL, 445000.00, 'pending');
INSERT INTO deliveries (delivery_id, order_id, carrier_id, shipper_id, delivery_status, tracking_num, ship_address, estimated_delivery_date) VALUES (60, 100, 4, 44, 'shipping', 'TRACK100938', '0223 Truong Walks', CURRENT_DATE + INTERVAL '2 days');
INSERT INTO orders (order_id, user_id, order_date, required_date, shipped_date, ship_address_id, freight, status, total_amount) VALUES (101, 233, '2026-05-05 22:41:22', CURRENT_DATE + INTERVAL '3 days', NULL, 56, 15000.00, 'cancelled', 465000.00);
INSERT INTO order_details (order_detail_id, order_id, product_id, quantity, price, discount, total_amount) VALUES (197, 101, 27, 2, 250000.00, 10.00, 450000.00);
INSERT INTO payments (payment_id, order_id, payment_method, payment_date, amount, status) VALUES (101, 101, 'VNPAY', NULL, 465000.00, 'failed');
INSERT INTO orders (order_id, user_id, order_date, required_date, shipped_date, ship_address_id, freight, status, total_amount) VALUES (102, 163, '2026-05-30 02:07:01', CURRENT_DATE + INTERVAL '3 days', NULL, 74, 15000.00, 'cancelled', 537500.00);
INSERT INTO order_details (order_detail_id, order_id, product_id, quantity, price, discount, total_amount) VALUES (198, 102, 166, 1, 550000.00, 5.00, 522500.00);
INSERT INTO payments (payment_id, order_id, payment_method, payment_date, amount, status) VALUES (102, 102, 'BANKING', NULL, 537500.00, 'failed');
INSERT INTO orders (order_id, user_id, order_date, required_date, shipped_date, ship_address_id, freight, status, total_amount) VALUES (103, 277, '2026-05-13 20:38:45', CURRENT_DATE + INTERVAL '3 days', NULL, 51, 35000.00, 'shipping', 1735000.00);
INSERT INTO order_details (order_detail_id, order_id, product_id, quantity, price, discount, total_amount) VALUES (199, 103, 102, 2, 850000.00, 0.00, 1700000.00);
INSERT INTO payments (payment_id, order_id, payment_method, payment_date, amount, status) VALUES (103, 103, 'MOMO', NULL, 1735000.00, 'pending');
INSERT INTO deliveries (delivery_id, order_id, carrier_id, shipper_id, delivery_status, tracking_num, ship_address, estimated_delivery_date) VALUES (61, 103, 1, 38, 'shipping', 'TRACK103207', '8448 Ho Mount', CURRENT_DATE + INTERVAL '2 days');
INSERT INTO orders (order_id, user_id, order_date, required_date, shipped_date, ship_address_id, freight, status, total_amount) VALUES (104, 89, '2026-05-28 04:09:40', CURRENT_DATE + INTERVAL '3 days', NULL, 180, 35000.00, 'pending', 2185000.00);
INSERT INTO order_details (order_detail_id, order_id, product_id, quantity, price, discount, total_amount) VALUES (200, 104, 68, 1, 550000.00, 0.00, 550000.00);
INSERT INTO order_details (order_detail_id, order_id, product_id, quantity, price, discount, total_amount) VALUES (201, 104, 198, 1, 1050000.00, 0.00, 1050000.00);
INSERT INTO order_details (order_detail_id, order_id, product_id, quantity, price, discount, total_amount) VALUES (202, 104, 179, 1, 550000.00, 0.00, 550000.00);
INSERT INTO payments (payment_id, order_id, payment_method, payment_date, amount, status) VALUES (104, 104, 'COD', NULL, 2185000.00, 'pending');
INSERT INTO orders (order_id, user_id, order_date, required_date, shipped_date, ship_address_id, freight, status, total_amount) VALUES (105, 273, '2026-05-24 22:55:35', CURRENT_DATE + INTERVAL '3 days', NULL, 335, 15000.00, 'confirmed', 2997500.00);
INSERT INTO order_details (order_detail_id, order_id, product_id, quantity, price, discount, total_amount) VALUES (203, 105, 53, 2, 850000.00, 0.00, 1700000.00);
INSERT INTO order_details (order_detail_id, order_id, product_id, quantity, price, discount, total_amount) VALUES (204, 105, 140, 2, 550000.00, 5.00, 1045000.00);
INSERT INTO order_details (order_detail_id, order_id, product_id, quantity, price, discount, total_amount) VALUES (205, 105, 114, 1, 250000.00, 5.00, 237500.00);
INSERT INTO payments (payment_id, order_id, payment_method, payment_date, amount, status) VALUES (105, 105, 'VNPAY', NULL, 2997500.00, 'pending');
INSERT INTO deliveries (delivery_id, order_id, carrier_id, shipper_id, delivery_status, tracking_num, ship_address, estimated_delivery_date) VALUES (62, 105, 4, 1, 'picking', 'TRACK105635', '8704 Ngo Key', CURRENT_DATE + INTERVAL '2 days');
INSERT INTO orders (order_id, user_id, order_date, required_date, shipped_date, ship_address_id, freight, status, total_amount) VALUES (106, 84, '2026-05-19 18:50:53', CURRENT_DATE + INTERVAL '3 days', NULL, 312, 25000.00, 'cancelled', 2800000.00);
INSERT INTO order_details (order_detail_id, order_id, product_id, quantity, price, discount, total_amount) VALUES (206, 106, 60, 2, 750000.00, 5.00, 1425000.00);
INSERT INTO order_details (order_detail_id, order_id, product_id, quantity, price, discount, total_amount) VALUES (207, 106, 81, 2, 750000.00, 10.00, 1350000.00);
INSERT INTO payments (payment_id, order_id, payment_method, payment_date, amount, status) VALUES (106, 106, 'COD', NULL, 2800000.00, 'failed');
INSERT INTO orders (order_id, user_id, order_date, required_date, shipped_date, ship_address_id, freight, status, total_amount) VALUES (107, 41, '2026-05-14 08:31:38', CURRENT_DATE + INTERVAL '3 days', NULL, 411, 15000.00, 'cancelled', 1250000.00);
INSERT INTO order_details (order_detail_id, order_id, product_id, quantity, price, discount, total_amount) VALUES (208, 107, 92, 1, 350000.00, 5.00, 332500.00);
INSERT INTO order_details (order_detail_id, order_id, product_id, quantity, price, discount, total_amount) VALUES (209, 107, 137, 1, 950000.00, 5.00, 902500.00);
INSERT INTO payments (payment_id, order_id, payment_method, payment_date, amount, status) VALUES (107, 107, 'BANKING', NULL, 1250000.00, 'failed');
INSERT INTO orders (order_id, user_id, order_date, required_date, shipped_date, ship_address_id, freight, status, total_amount) VALUES (108, 290, '2026-05-08 09:06:14', CURRENT_DATE + INTERVAL '3 days', NULL, 63, 25000.00, 'pending', 1772500.00);
INSERT INTO order_details (order_detail_id, order_id, product_id, quantity, price, discount, total_amount) VALUES (210, 108, 98, 1, 950000.00, 5.00, 902500.00);
INSERT INTO order_details (order_detail_id, order_id, product_id, quantity, price, discount, total_amount) VALUES (211, 108, 51, 2, 350000.00, 15.00, 595000.00);
INSERT INTO order_details (order_detail_id, order_id, product_id, quantity, price, discount, total_amount) VALUES (212, 108, 111, 1, 250000.00, 0.00, 250000.00);
INSERT INTO payments (payment_id, order_id, payment_method, payment_date, amount, status) VALUES (108, 108, 'MOMO', NULL, 1772500.00, 'pending');
INSERT INTO orders (order_id, user_id, order_date, required_date, shipped_date, ship_address_id, freight, status, total_amount) VALUES (109, 5, '2026-05-11 12:21:40', CURRENT_DATE + INTERVAL '3 days', NULL, 263, 30000.00, 'confirmed', 1475000.00);
INSERT INTO order_details (order_detail_id, order_id, product_id, quantity, price, discount, total_amount) VALUES (213, 109, 17, 2, 850000.00, 15.00, 1445000.00);
INSERT INTO payments (payment_id, order_id, payment_method, payment_date, amount, status) VALUES (109, 109, 'PAYPAL', NULL, 1475000.00, 'pending');
INSERT INTO deliveries (delivery_id, order_id, carrier_id, shipper_id, delivery_status, tracking_num, ship_address, estimated_delivery_date) VALUES (63, 109, 4, 36, 'picking', 'TRACK109641', '080 Phung Lake', CURRENT_DATE + INTERVAL '2 days');
INSERT INTO orders (order_id, user_id, order_date, required_date, shipped_date, ship_address_id, freight, status, total_amount) VALUES (110, 174, '2026-05-15 19:57:25', CURRENT_DATE + INTERVAL '3 days', NULL, 113, 35000.00, 'shipping', 2115000.00);
INSERT INTO order_details (order_detail_id, order_id, product_id, quantity, price, discount, total_amount) VALUES (214, 110, 135, 1, 950000.00, 15.00, 807500.00);
INSERT INTO order_details (order_detail_id, order_id, product_id, quantity, price, discount, total_amount) VALUES (215, 110, 156, 1, 750000.00, 0.00, 750000.00);
INSERT INTO order_details (order_detail_id, order_id, product_id, quantity, price, discount, total_amount) VALUES (216, 110, 18, 1, 550000.00, 5.00, 522500.00);
INSERT INTO payments (payment_id, order_id, payment_method, payment_date, amount, status) VALUES (110, 110, 'COD', NULL, 2115000.00, 'pending');
INSERT INTO deliveries (delivery_id, order_id, carrier_id, shipper_id, delivery_status, tracking_num, ship_address, estimated_delivery_date) VALUES (64, 110, 1, 34, 'shipping', 'TRACK110069', '333 Phung Drives', CURRENT_DATE + INTERVAL '2 days');
INSERT INTO orders (order_id, user_id, order_date, required_date, shipped_date, ship_address_id, freight, status, total_amount) VALUES (111, 93, '2026-05-11 15:17:55', CURRENT_DATE + INTERVAL '3 days', CURRENT_DATE, 14, 35000.00, 'delivered', 1325000.00);
INSERT INTO order_details (order_detail_id, order_id, product_id, quantity, price, discount, total_amount) VALUES (217, 111, 5, 1, 350000.00, 15.00, 297500.00);
INSERT INTO order_details (order_detail_id, order_id, product_id, quantity, price, discount, total_amount) VALUES (218, 111, 176, 1, 850000.00, 15.00, 722500.00);
INSERT INTO order_details (order_detail_id, order_id, product_id, quantity, price, discount, total_amount) VALUES (219, 111, 151, 2, 150000.00, 10.00, 270000.00);
INSERT INTO payments (payment_id, order_id, payment_method, payment_date, amount, status) VALUES (111, 111, 'PAYPAL', CURRENT_TIMESTAMP, 1325000.00, 'completed');
INSERT INTO deliveries (delivery_id, order_id, carrier_id, shipper_id, delivery_status, tracking_num, ship_address, estimated_delivery_date) VALUES (65, 111, 3, 48, 'delivered', 'TRACK111058', '661 Lam Stravenue', CURRENT_DATE + INTERVAL '2 days');
INSERT INTO reviews (review_id, user_id, product_id, rating, comment, review_date) VALUES (111, 93, 76, 5, 'San pham dong goi can than, giao hang Gen Z sieu nhanh, chat luong tuyet voi so voi tam gia!', '2026-05-11 15:17:55');
INSERT INTO orders (order_id, user_id, order_date, required_date, shipped_date, ship_address_id, freight, status, total_amount) VALUES (112, 115, '2026-05-09 10:41:16', CURRENT_DATE + INTERVAL '3 days', CURRENT_DATE, 316, 30000.00, 'delivered', 330000.00);
INSERT INTO order_details (order_detail_id, order_id, product_id, quantity, price, discount, total_amount) VALUES (220, 112, 92, 2, 150000.00, 0.00, 300000.00);
INSERT INTO payments (payment_id, order_id, payment_method, payment_date, amount, status) VALUES (112, 112, 'COD', CURRENT_TIMESTAMP, 330000.00, 'completed');
INSERT INTO deliveries (delivery_id, order_id, carrier_id, shipper_id, delivery_status, tracking_num, ship_address, estimated_delivery_date) VALUES (66, 112, 2, 15, 'delivered', 'TRACK112632', '5986 Ngo Parkways', CURRENT_DATE + INTERVAL '2 days');
INSERT INTO orders (order_id, user_id, order_date, required_date, shipped_date, ship_address_id, freight, status, total_amount) VALUES (113, 52, '2026-05-08 10:02:40', CURRENT_DATE + INTERVAL '3 days', NULL, 282, 20000.00, 'confirmed', 1810000.00);
INSERT INTO order_details (order_detail_id, order_id, product_id, quantity, price, discount, total_amount) VALUES (221, 113, 177, 2, 550000.00, 15.00, 935000.00);
INSERT INTO order_details (order_detail_id, order_id, product_id, quantity, price, discount, total_amount) VALUES (222, 113, 125, 1, 950000.00, 10.00, 855000.00);
INSERT INTO payments (payment_id, order_id, payment_method, payment_date, amount, status) VALUES (113, 113, 'MOMO', NULL, 1810000.00, 'pending');
INSERT INTO deliveries (delivery_id, order_id, carrier_id, shipper_id, delivery_status, tracking_num, ship_address, estimated_delivery_date) VALUES (67, 113, 4, 2, 'picking', 'TRACK113206', '207 Le Heights', CURRENT_DATE + INTERVAL '2 days');
INSERT INTO orders (order_id, user_id, order_date, required_date, shipped_date, ship_address_id, freight, status, total_amount) VALUES (114, 198, '2026-05-11 15:53:41', CURRENT_DATE + INTERVAL '3 days', NULL, 343, 35000.00, 'confirmed', 1755000.00);
INSERT INTO order_details (order_detail_id, order_id, product_id, quantity, price, discount, total_amount) VALUES (223, 114, 186, 2, 650000.00, 10.00, 1170000.00);
INSERT INTO order_details (order_detail_id, order_id, product_id, quantity, price, discount, total_amount) VALUES (224, 114, 66, 1, 550000.00, 0.00, 550000.00);
INSERT INTO payments (payment_id, order_id, payment_method, payment_date, amount, status) VALUES (114, 114, 'COD', NULL, 1755000.00, 'pending');
INSERT INTO deliveries (delivery_id, order_id, carrier_id, shipper_id, delivery_status, tracking_num, ship_address, estimated_delivery_date) VALUES (68, 114, 4, 40, 'picking', 'TRACK114701', '0519 Nguyen Shoal', CURRENT_DATE + INTERVAL '2 days');
INSERT INTO orders (order_id, user_id, order_date, required_date, shipped_date, ship_address_id, freight, status, total_amount) VALUES (115, 200, '2026-05-23 01:37:43', CURRENT_DATE + INTERVAL '3 days', CURRENT_DATE, 22, 25000.00, 'delivered', 1300000.00);
INSERT INTO order_details (order_detail_id, order_id, product_id, quantity, price, discount, total_amount) VALUES (225, 115, 127, 2, 750000.00, 15.00, 1275000.00);
INSERT INTO payments (payment_id, order_id, payment_method, payment_date, amount, status) VALUES (115, 115, 'MOMO', CURRENT_TIMESTAMP, 1300000.00, 'completed');
INSERT INTO deliveries (delivery_id, order_id, carrier_id, shipper_id, delivery_status, tracking_num, ship_address, estimated_delivery_date) VALUES (69, 115, 4, 28, 'delivered', 'TRACK115615', '165 Tang Throughway', CURRENT_DATE + INTERVAL '2 days');
INSERT INTO reviews (review_id, user_id, product_id, rating, comment, review_date) VALUES (115, 200, 16, 5, 'San pham dong goi can than, giao hang Gen Z sieu nhanh, chat luong tuyet voi so voi tam gia!', '2026-05-23 01:37:43');
INSERT INTO orders (order_id, user_id, order_date, required_date, shipped_date, ship_address_id, freight, status, total_amount) VALUES (116, 119, '2026-05-26 23:40:01', CURRENT_DATE + INTERVAL '3 days', NULL, 414, 15000.00, 'cancelled', 950000.00);
INSERT INTO order_details (order_detail_id, order_id, product_id, quantity, price, discount, total_amount) VALUES (226, 116, 6, 1, 450000.00, 15.00, 382500.00);
INSERT INTO order_details (order_detail_id, order_id, product_id, quantity, price, discount, total_amount) VALUES (227, 116, 194, 1, 650000.00, 15.00, 552500.00);
INSERT INTO payments (payment_id, order_id, payment_method, payment_date, amount, status) VALUES (116, 116, 'BANKING', NULL, 950000.00, 'failed');
INSERT INTO orders (order_id, user_id, order_date, required_date, shipped_date, ship_address_id, freight, status, total_amount) VALUES (117, 72, '2026-05-10 18:30:25', CURRENT_DATE + INTERVAL '3 days', CURRENT_DATE, 323, 15000.00, 'delivered', 265000.00);
INSERT INTO order_details (order_detail_id, order_id, product_id, quantity, price, discount, total_amount) VALUES (228, 117, 80, 1, 250000.00, 0.00, 250000.00);
INSERT INTO payments (payment_id, order_id, payment_method, payment_date, amount, status) VALUES (117, 117, 'MOMO', CURRENT_TIMESTAMP, 265000.00, 'completed');
INSERT INTO deliveries (delivery_id, order_id, carrier_id, shipper_id, delivery_status, tracking_num, ship_address, estimated_delivery_date) VALUES (70, 117, 1, 9, 'delivered', 'TRACK117399', '0086 Tran Cliff', CURRENT_DATE + INTERVAL '2 days');
INSERT INTO orders (order_id, user_id, order_date, required_date, shipped_date, ship_address_id, freight, status, total_amount) VALUES (118, 158, '2026-05-10 19:56:55', CURRENT_DATE + INTERVAL '3 days', NULL, 24, 15000.00, 'pending', 2660000.00);
INSERT INTO order_details (order_detail_id, order_id, product_id, quantity, price, discount, total_amount) VALUES (229, 118, 169, 1, 950000.00, 0.00, 950000.00);
INSERT INTO order_details (order_detail_id, order_id, product_id, quantity, price, discount, total_amount) VALUES (230, 118, 74, 2, 550000.00, 5.00, 1045000.00);
INSERT INTO order_details (order_detail_id, order_id, product_id, quantity, price, discount, total_amount) VALUES (231, 118, 86, 1, 650000.00, 0.00, 650000.00);
INSERT INTO payments (payment_id, order_id, payment_method, payment_date, amount, status) VALUES (118, 118, 'PAYPAL', NULL, 2660000.00, 'pending');
INSERT INTO orders (order_id, user_id, order_date, required_date, shipped_date, ship_address_id, freight, status, total_amount) VALUES (119, 200, '2026-05-14 22:57:22', CURRENT_DATE + INTERVAL '3 days', CURRENT_DATE, 361, 15000.00, 'delivered', 822500.00);
INSERT INTO order_details (order_detail_id, order_id, product_id, quantity, price, discount, total_amount) VALUES (232, 119, 146, 1, 850000.00, 5.00, 807500.00);
INSERT INTO payments (payment_id, order_id, payment_method, payment_date, amount, status) VALUES (119, 119, 'MOMO', CURRENT_TIMESTAMP, 822500.00, 'completed');
INSERT INTO deliveries (delivery_id, order_id, carrier_id, shipper_id, delivery_status, tracking_num, ship_address, estimated_delivery_date) VALUES (71, 119, 3, 23, 'delivered', 'TRACK119555', '291 Ho Rapid', CURRENT_DATE + INTERVAL '2 days');
INSERT INTO orders (order_id, user_id, order_date, required_date, shipped_date, ship_address_id, freight, status, total_amount) VALUES (120, 142, '2026-05-13 08:06:23', CURRENT_DATE + INTERVAL '3 days', NULL, 242, 15000.00, 'shipping', 420000.00);
INSERT INTO order_details (order_detail_id, order_id, product_id, quantity, price, discount, total_amount) VALUES (233, 120, 13, 1, 450000.00, 10.00, 405000.00);
INSERT INTO payments (payment_id, order_id, payment_method, payment_date, amount, status) VALUES (120, 120, 'BANKING', NULL, 420000.00, 'pending');
INSERT INTO deliveries (delivery_id, order_id, carrier_id, shipper_id, delivery_status, tracking_num, ship_address, estimated_delivery_date) VALUES (72, 120, 4, 23, 'shipping', 'TRACK120307', '609 Thu Trace', CURRENT_DATE + INTERVAL '2 days');
INSERT INTO orders (order_id, user_id, order_date, required_date, shipped_date, ship_address_id, freight, status, total_amount) VALUES (121, 222, '2026-05-16 13:00:21', CURRENT_DATE + INTERVAL '3 days', NULL, 83, 15000.00, 'shipping', 3242500.00);
INSERT INTO order_details (order_detail_id, order_id, product_id, quantity, price, discount, total_amount) VALUES (234, 121, 83, 2, 450000.00, 15.00, 765000.00);
INSERT INTO order_details (order_detail_id, order_id, product_id, quantity, price, discount, total_amount) VALUES (235, 121, 30, 1, 550000.00, 15.00, 467500.00);
INSERT INTO order_details (order_detail_id, order_id, product_id, quantity, price, discount, total_amount) VALUES (236, 121, 123, 2, 1050000.00, 5.00, 1995000.00);
INSERT INTO payments (payment_id, order_id, payment_method, payment_date, amount, status) VALUES (121, 121, 'COD', NULL, 3242500.00, 'pending');
INSERT INTO deliveries (delivery_id, order_id, carrier_id, shipper_id, delivery_status, tracking_num, ship_address, estimated_delivery_date) VALUES (73, 121, 3, 9, 'shipping', 'TRACK121119', '967 Ha Glens', CURRENT_DATE + INTERVAL '2 days');
INSERT INTO orders (order_id, user_id, order_date, required_date, shipped_date, ship_address_id, freight, status, total_amount) VALUES (122, 66, '2026-05-31 08:38:19', CURRENT_DATE + INTERVAL '3 days', NULL, 158, 15000.00, 'cancelled', 1012500.00);
INSERT INTO order_details (order_detail_id, order_id, product_id, quantity, price, discount, total_amount) VALUES (237, 122, 189, 2, 250000.00, 5.00, 475000.00);
INSERT INTO order_details (order_detail_id, order_id, product_id, quantity, price, discount, total_amount) VALUES (238, 122, 190, 1, 550000.00, 5.00, 522500.00);
INSERT INTO payments (payment_id, order_id, payment_method, payment_date, amount, status) VALUES (122, 122, 'BANKING', NULL, 1012500.00, 'failed');
INSERT INTO orders (order_id, user_id, order_date, required_date, shipped_date, ship_address_id, freight, status, total_amount) VALUES (123, 214, '2026-05-16 08:36:42', CURRENT_DATE + INTERVAL '3 days', NULL, 384, 15000.00, 'pending', 3600000.00);
INSERT INTO order_details (order_detail_id, order_id, product_id, quantity, price, discount, total_amount) VALUES (239, 123, 81, 2, 550000.00, 15.00, 935000.00);
INSERT INTO order_details (order_detail_id, order_id, product_id, quantity, price, discount, total_amount) VALUES (240, 123, 10, 1, 950000.00, 0.00, 950000.00);
INSERT INTO order_details (order_detail_id, order_id, product_id, quantity, price, discount, total_amount) VALUES (241, 123, 114, 2, 850000.00, 0.00, 1700000.00);
INSERT INTO payments (payment_id, order_id, payment_method, payment_date, amount, status) VALUES (123, 123, 'BANKING', NULL, 3600000.00, 'pending');
INSERT INTO orders (order_id, user_id, order_date, required_date, shipped_date, ship_address_id, freight, status, total_amount) VALUES (124, 86, '2026-05-18 12:13:37', CURRENT_DATE + INTERVAL '3 days', NULL, 28, 30000.00, 'cancelled', 2787500.00);
INSERT INTO order_details (order_detail_id, order_id, product_id, quantity, price, discount, total_amount) VALUES (242, 124, 47, 1, 550000.00, 5.00, 522500.00);
INSERT INTO order_details (order_detail_id, order_id, product_id, quantity, price, discount, total_amount) VALUES (243, 124, 34, 2, 250000.00, 10.00, 450000.00);
INSERT INTO order_details (order_detail_id, order_id, product_id, quantity, price, discount, total_amount) VALUES (244, 124, 123, 2, 1050000.00, 15.00, 1785000.00);
INSERT INTO payments (payment_id, order_id, payment_method, payment_date, amount, status) VALUES (124, 124, 'VNPAY', NULL, 2787500.00, 'failed');
INSERT INTO orders (order_id, user_id, order_date, required_date, shipped_date, ship_address_id, freight, status, total_amount) VALUES (125, 128, '2026-05-07 12:41:12', CURRENT_DATE + INTERVAL '3 days', NULL, 430, 20000.00, 'confirmed', 1445000.00);
INSERT INTO order_details (order_detail_id, order_id, product_id, quantity, price, discount, total_amount) VALUES (245, 125, 132, 2, 750000.00, 5.00, 1425000.00);
INSERT INTO payments (payment_id, order_id, payment_method, payment_date, amount, status) VALUES (125, 125, 'MOMO', NULL, 1445000.00, 'pending');
INSERT INTO deliveries (delivery_id, order_id, carrier_id, shipper_id, delivery_status, tracking_num, ship_address, estimated_delivery_date) VALUES (74, 125, 4, 31, 'picking', 'TRACK125493', '88043 Hoang Fields', CURRENT_DATE + INTERVAL '2 days');
INSERT INTO orders (order_id, user_id, order_date, required_date, shipped_date, ship_address_id, freight, status, total_amount) VALUES (126, 287, '2026-05-17 14:08:46', CURRENT_DATE + INTERVAL '3 days', NULL, 42, 35000.00, 'confirmed', 1935000.00);
INSERT INTO order_details (order_detail_id, order_id, product_id, quantity, price, discount, total_amount) VALUES (246, 126, 155, 2, 450000.00, 5.00, 855000.00);
INSERT INTO order_details (order_detail_id, order_id, product_id, quantity, price, discount, total_amount) VALUES (247, 126, 197, 2, 550000.00, 5.00, 1045000.00);
INSERT INTO payments (payment_id, order_id, payment_method, payment_date, amount, status) VALUES (126, 126, 'BANKING', NULL, 1935000.00, 'pending');
INSERT INTO deliveries (delivery_id, order_id, carrier_id, shipper_id, delivery_status, tracking_num, ship_address, estimated_delivery_date) VALUES (75, 126, 1, 48, 'picking', 'TRACK126368', '0344 Cuong Corners', CURRENT_DATE + INTERVAL '2 days');
INSERT INTO orders (order_id, user_id, order_date, required_date, shipped_date, ship_address_id, freight, status, total_amount) VALUES (127, 90, '2026-05-12 15:49:20', CURRENT_DATE + INTERVAL '3 days', NULL, 117, 35000.00, 'shipping', 460000.00);
INSERT INTO order_details (order_detail_id, order_id, product_id, quantity, price, discount, total_amount) VALUES (248, 127, 115, 2, 250000.00, 15.00, 425000.00);
INSERT INTO payments (payment_id, order_id, payment_method, payment_date, amount, status) VALUES (127, 127, 'BANKING', NULL, 460000.00, 'pending');
INSERT INTO deliveries (delivery_id, order_id, carrier_id, shipper_id, delivery_status, tracking_num, ship_address, estimated_delivery_date) VALUES (76, 127, 2, 49, 'shipping', 'TRACK127287', '223 Ly Inlet', CURRENT_DATE + INTERVAL '2 days');
INSERT INTO orders (order_id, user_id, order_date, required_date, shipped_date, ship_address_id, freight, status, total_amount) VALUES (128, 180, '2026-05-24 07:05:17', CURRENT_DATE + INTERVAL '3 days', NULL, 299, 35000.00, 'cancelled', 1830000.00);
INSERT INTO order_details (order_detail_id, order_id, product_id, quantity, price, discount, total_amount) VALUES (249, 128, 115, 1, 150000.00, 0.00, 150000.00);
INSERT INTO order_details (order_detail_id, order_id, product_id, quantity, price, discount, total_amount) VALUES (250, 128, 135, 2, 350000.00, 15.00, 595000.00);
INSERT INTO order_details (order_detail_id, order_id, product_id, quantity, price, discount, total_amount) VALUES (251, 128, 163, 1, 1050000.00, 0.00, 1050000.00);
INSERT INTO payments (payment_id, order_id, payment_method, payment_date, amount, status) VALUES (128, 128, 'BANKING', NULL, 1830000.00, 'failed');
INSERT INTO orders (order_id, user_id, order_date, required_date, shipped_date, ship_address_id, freight, status, total_amount) VALUES (129, 17, '2026-05-04 05:27:19', CURRENT_DATE + INTERVAL '3 days', NULL, 233, 20000.00, 'pending', 637500.00);
INSERT INTO order_details (order_detail_id, order_id, product_id, quantity, price, discount, total_amount) VALUES (252, 129, 95, 1, 650000.00, 5.00, 617500.00);
INSERT INTO payments (payment_id, order_id, payment_method, payment_date, amount, status) VALUES (129, 129, 'BANKING', NULL, 637500.00, 'pending');
INSERT INTO orders (order_id, user_id, order_date, required_date, shipped_date, ship_address_id, freight, status, total_amount) VALUES (130, 88, '2026-05-09 23:48:27', CURRENT_DATE + INTERVAL '3 days', NULL, 145, 30000.00, 'confirmed', 1782500.00);
INSERT INTO order_details (order_detail_id, order_id, product_id, quantity, price, discount, total_amount) VALUES (253, 130, 18, 1, 750000.00, 0.00, 750000.00);
INSERT INTO order_details (order_detail_id, order_id, product_id, quantity, price, discount, total_amount) VALUES (254, 130, 133, 1, 650000.00, 15.00, 552500.00);
INSERT INTO order_details (order_detail_id, order_id, product_id, quantity, price, discount, total_amount) VALUES (255, 130, 118, 2, 250000.00, 10.00, 450000.00);
INSERT INTO payments (payment_id, order_id, payment_method, payment_date, amount, status) VALUES (130, 130, 'PAYPAL', NULL, 1782500.00, 'pending');
INSERT INTO deliveries (delivery_id, order_id, carrier_id, shipper_id, delivery_status, tracking_num, ship_address, estimated_delivery_date) VALUES (77, 130, 3, 21, 'picking', 'TRACK130418', '46077 Duong Mills', CURRENT_DATE + INTERVAL '2 days');
INSERT INTO orders (order_id, user_id, order_date, required_date, shipped_date, ship_address_id, freight, status, total_amount) VALUES (131, 27, '2026-05-19 20:32:35', CURRENT_DATE + INTERVAL '3 days', NULL, 90, 25000.00, 'confirmed', 1525000.00);
INSERT INTO order_details (order_detail_id, order_id, product_id, quantity, price, discount, total_amount) VALUES (256, 131, 200, 2, 750000.00, 0.00, 1500000.00);
INSERT INTO payments (payment_id, order_id, payment_method, payment_date, amount, status) VALUES (131, 131, 'BANKING', NULL, 1525000.00, 'pending');
INSERT INTO deliveries (delivery_id, order_id, carrier_id, shipper_id, delivery_status, tracking_num, ship_address, estimated_delivery_date) VALUES (78, 131, 3, 22, 'picking', 'TRACK131532', '781 Duong Cape', CURRENT_DATE + INTERVAL '2 days');
INSERT INTO orders (order_id, user_id, order_date, required_date, shipped_date, ship_address_id, freight, status, total_amount) VALUES (132, 222, '2026-05-10 19:03:51', CURRENT_DATE + INTERVAL '3 days', NULL, 203, 25000.00, 'pending', 2540000.00);
INSERT INTO order_details (order_detail_id, order_id, product_id, quantity, price, discount, total_amount) VALUES (257, 132, 136, 2, 450000.00, 15.00, 765000.00);
INSERT INTO order_details (order_detail_id, order_id, product_id, quantity, price, discount, total_amount) VALUES (258, 132, 45, 1, 450000.00, 0.00, 450000.00);
INSERT INTO order_details (order_detail_id, order_id, product_id, quantity, price, discount, total_amount) VALUES (259, 132, 42, 2, 650000.00, 0.00, 1300000.00);
INSERT INTO payments (payment_id, order_id, payment_method, payment_date, amount, status) VALUES (132, 132, 'COD', NULL, 2540000.00, 'pending');
INSERT INTO orders (order_id, user_id, order_date, required_date, shipped_date, ship_address_id, freight, status, total_amount) VALUES (133, 240, '2026-05-04 10:17:57', CURRENT_DATE + INTERVAL '3 days', NULL, 51, 35000.00, 'shipping', 1225000.00);
INSERT INTO order_details (order_detail_id, order_id, product_id, quantity, price, discount, total_amount) VALUES (260, 133, 3, 1, 1050000.00, 15.00, 892500.00);
INSERT INTO order_details (order_detail_id, order_id, product_id, quantity, price, discount, total_amount) VALUES (261, 133, 113, 1, 350000.00, 15.00, 297500.00);
INSERT INTO payments (payment_id, order_id, payment_method, payment_date, amount, status) VALUES (133, 133, 'COD', NULL, 1225000.00, 'pending');
INSERT INTO deliveries (delivery_id, order_id, carrier_id, shipper_id, delivery_status, tracking_num, ship_address, estimated_delivery_date) VALUES (79, 133, 2, 48, 'shipping', 'TRACK133351', '134 Cuong Lock', CURRENT_DATE + INTERVAL '2 days');
INSERT INTO orders (order_id, user_id, order_date, required_date, shipped_date, ship_address_id, freight, status, total_amount) VALUES (134, 148, '2026-05-16 10:05:40', CURRENT_DATE + INTERVAL '3 days', NULL, 262, 35000.00, 'shipping', 1830000.00);
INSERT INTO order_details (order_detail_id, order_id, product_id, quantity, price, discount, total_amount) VALUES (262, 134, 13, 2, 150000.00, 10.00, 270000.00);
INSERT INTO order_details (order_detail_id, order_id, product_id, quantity, price, discount, total_amount) VALUES (263, 134, 38, 2, 650000.00, 0.00, 1300000.00);
INSERT INTO order_details (order_detail_id, order_id, product_id, quantity, price, discount, total_amount) VALUES (264, 134, 122, 1, 250000.00, 10.00, 225000.00);
INSERT INTO payments (payment_id, order_id, payment_method, payment_date, amount, status) VALUES (134, 134, 'BANKING', NULL, 1830000.00, 'pending');
INSERT INTO deliveries (delivery_id, order_id, carrier_id, shipper_id, delivery_status, tracking_num, ship_address, estimated_delivery_date) VALUES (80, 134, 3, 29, 'shipping', 'TRACK134234', '23681 Trinh Corners', CURRENT_DATE + INTERVAL '2 days');
INSERT INTO orders (order_id, user_id, order_date, required_date, shipped_date, ship_address_id, freight, status, total_amount) VALUES (135, 189, '2026-05-20 08:03:39', CURRENT_DATE + INTERVAL '3 days', NULL, 143, 15000.00, 'pending', 870000.00);
INSERT INTO order_details (order_detail_id, order_id, product_id, quantity, price, discount, total_amount) VALUES (265, 135, 116, 1, 950000.00, 10.00, 855000.00);
INSERT INTO payments (payment_id, order_id, payment_method, payment_date, amount, status) VALUES (135, 135, 'VNPAY', NULL, 870000.00, 'pending');
INSERT INTO orders (order_id, user_id, order_date, required_date, shipped_date, ship_address_id, freight, status, total_amount) VALUES (136, 230, '2026-05-24 01:27:32', CURRENT_DATE + INTERVAL '3 days', CURRENT_DATE, 310, 30000.00, 'delivered', 695000.00);
INSERT INTO order_details (order_detail_id, order_id, product_id, quantity, price, discount, total_amount) VALUES (266, 136, 120, 2, 350000.00, 5.00, 665000.00);
INSERT INTO payments (payment_id, order_id, payment_method, payment_date, amount, status) VALUES (136, 136, 'COD', CURRENT_TIMESTAMP, 695000.00, 'completed');
INSERT INTO deliveries (delivery_id, order_id, carrier_id, shipper_id, delivery_status, tracking_num, ship_address, estimated_delivery_date) VALUES (81, 136, 4, 46, 'delivered', 'TRACK136351', '729 Tran Harbor', CURRENT_DATE + INTERVAL '2 days');
INSERT INTO orders (order_id, user_id, order_date, required_date, shipped_date, ship_address_id, freight, status, total_amount) VALUES (137, 175, '2026-05-19 21:01:47', CURRENT_DATE + INTERVAL '3 days', NULL, 342, 25000.00, 'pending', 2772500.00);
INSERT INTO order_details (order_detail_id, order_id, product_id, quantity, price, discount, total_amount) VALUES (267, 137, 133, 2, 350000.00, 5.00, 665000.00);
INSERT INTO order_details (order_detail_id, order_id, product_id, quantity, price, discount, total_amount) VALUES (268, 137, 91, 1, 350000.00, 15.00, 297500.00);
INSERT INTO order_details (order_detail_id, order_id, product_id, quantity, price, discount, total_amount) VALUES (269, 137, 180, 2, 1050000.00, 15.00, 1785000.00);
INSERT INTO payments (payment_id, order_id, payment_method, payment_date, amount, status) VALUES (137, 137, 'VNPAY', NULL, 2772500.00, 'pending');
INSERT INTO orders (order_id, user_id, order_date, required_date, shipped_date, ship_address_id, freight, status, total_amount) VALUES (138, 201, '2026-05-23 05:11:07', CURRENT_DATE + INTERVAL '3 days', NULL, 426, 30000.00, 'shipping', 2070000.00);
INSERT INTO order_details (order_detail_id, order_id, product_id, quantity, price, discount, total_amount) VALUES (270, 138, 47, 1, 550000.00, 15.00, 467500.00);
INSERT INTO order_details (order_detail_id, order_id, product_id, quantity, price, discount, total_amount) VALUES (271, 138, 33, 2, 850000.00, 15.00, 1445000.00);
INSERT INTO order_details (order_detail_id, order_id, product_id, quantity, price, discount, total_amount) VALUES (272, 138, 30, 1, 150000.00, 15.00, 127500.00);
INSERT INTO payments (payment_id, order_id, payment_method, payment_date, amount, status) VALUES (138, 138, 'BANKING', NULL, 2070000.00, 'pending');
INSERT INTO deliveries (delivery_id, order_id, carrier_id, shipper_id, delivery_status, tracking_num, ship_address, estimated_delivery_date) VALUES (82, 138, 2, 39, 'shipping', 'TRACK138764', '07145 Do Summit', CURRENT_DATE + INTERVAL '2 days');
INSERT INTO orders (order_id, user_id, order_date, required_date, shipped_date, ship_address_id, freight, status, total_amount) VALUES (139, 23, '2026-05-27 06:00:40', CURRENT_DATE + INTERVAL '3 days', NULL, 268, 35000.00, 'shipping', 2197500.00);
INSERT INTO order_details (order_detail_id, order_id, product_id, quantity, price, discount, total_amount) VALUES (273, 139, 77, 2, 650000.00, 15.00, 1105000.00);
INSERT INTO order_details (order_detail_id, order_id, product_id, quantity, price, discount, total_amount) VALUES (274, 139, 63, 1, 450000.00, 5.00, 427500.00);
INSERT INTO order_details (order_detail_id, order_id, product_id, quantity, price, discount, total_amount) VALUES (275, 139, 175, 2, 350000.00, 10.00, 630000.00);
INSERT INTO payments (payment_id, order_id, payment_method, payment_date, amount, status) VALUES (139, 139, 'VNPAY', NULL, 2197500.00, 'pending');
INSERT INTO deliveries (delivery_id, order_id, carrier_id, shipper_id, delivery_status, tracking_num, ship_address, estimated_delivery_date) VALUES (83, 139, 4, 36, 'shipping', 'TRACK139146', '85053 Dinh Expressway', CURRENT_DATE + INTERVAL '2 days');
INSERT INTO orders (order_id, user_id, order_date, required_date, shipped_date, ship_address_id, freight, status, total_amount) VALUES (140, 240, '2026-05-20 11:16:00', CURRENT_DATE + INTERVAL '3 days', NULL, 257, 15000.00, 'cancelled', 1272500.00);
INSERT INTO order_details (order_detail_id, order_id, product_id, quantity, price, discount, total_amount) VALUES (276, 140, 87, 1, 250000.00, 5.00, 237500.00);
INSERT INTO order_details (order_detail_id, order_id, product_id, quantity, price, discount, total_amount) VALUES (277, 140, 82, 1, 650000.00, 15.00, 552500.00);
INSERT INTO order_details (order_detail_id, order_id, product_id, quantity, price, discount, total_amount) VALUES (278, 140, 111, 1, 550000.00, 15.00, 467500.00);
INSERT INTO payments (payment_id, order_id, payment_method, payment_date, amount, status) VALUES (140, 140, 'PAYPAL', NULL, 1272500.00, 'failed');
INSERT INTO orders (order_id, user_id, order_date, required_date, shipped_date, ship_address_id, freight, status, total_amount) VALUES (141, 245, '2026-05-09 05:57:04', CURRENT_DATE + INTERVAL '3 days', NULL, 197, 25000.00, 'confirmed', 1375000.00);
INSERT INTO order_details (order_detail_id, order_id, product_id, quantity, price, discount, total_amount) VALUES (279, 141, 7, 2, 750000.00, 10.00, 1350000.00);
INSERT INTO payments (payment_id, order_id, payment_method, payment_date, amount, status) VALUES (141, 141, 'BANKING', NULL, 1375000.00, 'pending');
INSERT INTO deliveries (delivery_id, order_id, carrier_id, shipper_id, delivery_status, tracking_num, ship_address, estimated_delivery_date) VALUES (84, 141, 3, 22, 'picking', 'TRACK141495', '7542 Tang Branch', CURRENT_DATE + INTERVAL '2 days');
INSERT INTO orders (order_id, user_id, order_date, required_date, shipped_date, ship_address_id, freight, status, total_amount) VALUES (142, 256, '2026-05-26 01:58:24', CURRENT_DATE + INTERVAL '3 days', CURRENT_DATE, 175, 25000.00, 'delivered', 407500.00);
INSERT INTO order_details (order_detail_id, order_id, product_id, quantity, price, discount, total_amount) VALUES (280, 142, 31, 1, 450000.00, 15.00, 382500.00);
INSERT INTO payments (payment_id, order_id, payment_method, payment_date, amount, status) VALUES (142, 142, 'PAYPAL', CURRENT_TIMESTAMP, 407500.00, 'completed');
INSERT INTO deliveries (delivery_id, order_id, carrier_id, shipper_id, delivery_status, tracking_num, ship_address, estimated_delivery_date) VALUES (85, 142, 3, 44, 'delivered', 'TRACK142207', '760 Thuy Parkways', CURRENT_DATE + INTERVAL '2 days');
INSERT INTO reviews (review_id, user_id, product_id, rating, comment, review_date) VALUES (142, 256, 51, 4, 'San pham dong goi can than, giao hang Gen Z sieu nhanh, chat luong tuyet voi so voi tam gia!', '2026-05-26 01:58:24');
INSERT INTO orders (order_id, user_id, order_date, required_date, shipped_date, ship_address_id, freight, status, total_amount) VALUES (143, 185, '2026-05-15 04:28:37', CURRENT_DATE + INTERVAL '3 days', NULL, 446, 30000.00, 'pending', 1130000.00);
INSERT INTO order_details (order_detail_id, order_id, product_id, quantity, price, discount, total_amount) VALUES (281, 143, 88, 2, 550000.00, 0.00, 1100000.00);
INSERT INTO payments (payment_id, order_id, payment_method, payment_date, amount, status) VALUES (143, 143, 'MOMO', NULL, 1130000.00, 'pending');
INSERT INTO orders (order_id, user_id, order_date, required_date, shipped_date, ship_address_id, freight, status, total_amount) VALUES (144, 84, '2026-05-26 01:04:03', CURRENT_DATE + INTERVAL '3 days', CURRENT_DATE, 23, 30000.00, 'delivered', 2742500.00);
INSERT INTO order_details (order_detail_id, order_id, product_id, quantity, price, discount, total_amount) VALUES (282, 144, 93, 1, 650000.00, 15.00, 552500.00);
INSERT INTO order_details (order_detail_id, order_id, product_id, quantity, price, discount, total_amount) VALUES (283, 144, 43, 2, 750000.00, 10.00, 1350000.00);
INSERT INTO order_details (order_detail_id, order_id, product_id, quantity, price, discount, total_amount) VALUES (284, 144, 135, 2, 450000.00, 10.00, 810000.00);
INSERT INTO payments (payment_id, order_id, payment_method, payment_date, amount, status) VALUES (144, 144, 'PAYPAL', CURRENT_TIMESTAMP, 2742500.00, 'completed');
INSERT INTO deliveries (delivery_id, order_id, carrier_id, shipper_id, delivery_status, tracking_num, ship_address, estimated_delivery_date) VALUES (86, 144, 4, 15, 'delivered', 'TRACK144249', '0213 Trinh Cove', CURRENT_DATE + INTERVAL '2 days');
INSERT INTO reviews (review_id, user_id, product_id, rating, comment, review_date) VALUES (144, 84, 199, 5, 'San pham dong goi can than, giao hang Gen Z sieu nhanh, chat luong tuyet voi so voi tam gia!', '2026-05-26 01:04:03');
INSERT INTO orders (order_id, user_id, order_date, required_date, shipped_date, ship_address_id, freight, status, total_amount) VALUES (145, 228, '2026-05-21 04:43:12', CURRENT_DATE + INTERVAL '3 days', CURRENT_DATE, 209, 25000.00, 'delivered', 1805000.00);
INSERT INTO order_details (order_detail_id, order_id, product_id, quantity, price, discount, total_amount) VALUES (285, 145, 141, 1, 550000.00, 15.00, 467500.00);
INSERT INTO order_details (order_detail_id, order_id, product_id, quantity, price, discount, total_amount) VALUES (286, 145, 77, 1, 1050000.00, 5.00, 997500.00);
INSERT INTO order_details (order_detail_id, order_id, product_id, quantity, price, discount, total_amount) VALUES (287, 145, 44, 1, 350000.00, 10.00, 315000.00);
INSERT INTO payments (payment_id, order_id, payment_method, payment_date, amount, status) VALUES (145, 145, 'BANKING', CURRENT_TIMESTAMP, 1805000.00, 'completed');
INSERT INTO deliveries (delivery_id, order_id, carrier_id, shipper_id, delivery_status, tracking_num, ship_address, estimated_delivery_date) VALUES (87, 145, 2, 10, 'delivered', 'TRACK145985', '67416 Phung Highway', CURRENT_DATE + INTERVAL '2 days');
INSERT INTO orders (order_id, user_id, order_date, required_date, shipped_date, ship_address_id, freight, status, total_amount) VALUES (146, 142, '2026-05-14 16:16:12', CURRENT_DATE + INTERVAL '3 days', NULL, 173, 25000.00, 'pending', 4612500.00);
INSERT INTO order_details (order_detail_id, order_id, product_id, quantity, price, discount, total_amount) VALUES (288, 146, 100, 2, 950000.00, 0.00, 1900000.00);
INSERT INTO order_details (order_detail_id, order_id, product_id, quantity, price, discount, total_amount) VALUES (289, 146, 145, 2, 1050000.00, 15.00, 1785000.00);
INSERT INTO order_details (order_detail_id, order_id, product_id, quantity, price, discount, total_amount) VALUES (290, 146, 152, 1, 950000.00, 5.00, 902500.00);
INSERT INTO payments (payment_id, order_id, payment_method, payment_date, amount, status) VALUES (146, 146, 'MOMO', NULL, 4612500.00, 'pending');
INSERT INTO orders (order_id, user_id, order_date, required_date, shipped_date, ship_address_id, freight, status, total_amount) VALUES (147, 7, '2026-05-11 14:12:55', CURRENT_DATE + INTERVAL '3 days', NULL, 273, 25000.00, 'pending', 1022500.00);
INSERT INTO order_details (order_detail_id, order_id, product_id, quantity, price, discount, total_amount) VALUES (291, 147, 66, 1, 1050000.00, 5.00, 997500.00);
INSERT INTO payments (payment_id, order_id, payment_method, payment_date, amount, status) VALUES (147, 147, 'COD', NULL, 1022500.00, 'pending');
INSERT INTO orders (order_id, user_id, order_date, required_date, shipped_date, ship_address_id, freight, status, total_amount) VALUES (148, 191, '2026-06-02 07:24:22', CURRENT_DATE + INTERVAL '3 days', NULL, 44, 20000.00, 'pending', 3080000.00);
INSERT INTO order_details (order_detail_id, order_id, product_id, quantity, price, discount, total_amount) VALUES (292, 148, 171, 2, 850000.00, 15.00, 1445000.00);
INSERT INTO order_details (order_detail_id, order_id, product_id, quantity, price, discount, total_amount) VALUES (293, 148, 176, 2, 850000.00, 5.00, 1615000.00);
INSERT INTO payments (payment_id, order_id, payment_method, payment_date, amount, status) VALUES (148, 148, 'MOMO', NULL, 3080000.00, 'pending');
INSERT INTO orders (order_id, user_id, order_date, required_date, shipped_date, ship_address_id, freight, status, total_amount) VALUES (149, 147, '2026-05-11 01:55:19', CURRENT_DATE + INTERVAL '3 days', NULL, 254, 30000.00, 'shipping', 3262500.00);
INSERT INTO order_details (order_detail_id, order_id, product_id, quantity, price, discount, total_amount) VALUES (294, 149, 71, 1, 250000.00, 15.00, 212500.00);
INSERT INTO order_details (order_detail_id, order_id, product_id, quantity, price, discount, total_amount) VALUES (295, 149, 14, 2, 650000.00, 5.00, 1235000.00);
INSERT INTO order_details (order_detail_id, order_id, product_id, quantity, price, discount, total_amount) VALUES (296, 149, 188, 2, 1050000.00, 15.00, 1785000.00);
INSERT INTO payments (payment_id, order_id, payment_method, payment_date, amount, status) VALUES (149, 149, 'BANKING', NULL, 3262500.00, 'pending');
INSERT INTO deliveries (delivery_id, order_id, carrier_id, shipper_id, delivery_status, tracking_num, ship_address, estimated_delivery_date) VALUES (88, 149, 3, 20, 'shipping', 'TRACK149310', '8961 Hoang Orchard', CURRENT_DATE + INTERVAL '2 days');
INSERT INTO orders (order_id, user_id, order_date, required_date, shipped_date, ship_address_id, freight, status, total_amount) VALUES (150, 107, '2026-05-27 21:53:58', CURRENT_DATE + INTERVAL '3 days', CURRENT_DATE, 241, 15000.00, 'delivered', 1290000.00);
INSERT INTO order_details (order_detail_id, order_id, product_id, quantity, price, discount, total_amount) VALUES (297, 150, 141, 2, 750000.00, 15.00, 1275000.00);
INSERT INTO payments (payment_id, order_id, payment_method, payment_date, amount, status) VALUES (150, 150, 'PAYPAL', CURRENT_TIMESTAMP, 1290000.00, 'completed');
INSERT INTO deliveries (delivery_id, order_id, carrier_id, shipper_id, delivery_status, tracking_num, ship_address, estimated_delivery_date) VALUES (89, 150, 1, 45, 'delivered', 'TRACK150348', '929 Dao Plains', CURRENT_DATE + INTERVAL '2 days');
INSERT INTO orders (order_id, user_id, order_date, required_date, shipped_date, ship_address_id, freight, status, total_amount) VALUES (151, 160, '2026-05-16 18:16:36', CURRENT_DATE + INTERVAL '3 days', NULL, 183, 35000.00, 'confirmed', 510000.00);
INSERT INTO order_details (order_detail_id, order_id, product_id, quantity, price, discount, total_amount) VALUES (298, 151, 170, 1, 250000.00, 0.00, 250000.00);
INSERT INTO order_details (order_detail_id, order_id, product_id, quantity, price, discount, total_amount) VALUES (299, 151, 133, 1, 250000.00, 10.00, 225000.00);
INSERT INTO payments (payment_id, order_id, payment_method, payment_date, amount, status) VALUES (151, 151, 'PAYPAL', NULL, 510000.00, 'pending');
INSERT INTO deliveries (delivery_id, order_id, carrier_id, shipper_id, delivery_status, tracking_num, ship_address, estimated_delivery_date) VALUES (90, 151, 1, 38, 'picking', 'TRACK151030', '835 To Drive', CURRENT_DATE + INTERVAL '2 days');
INSERT INTO orders (order_id, user_id, order_date, required_date, shipped_date, ship_address_id, freight, status, total_amount) VALUES (152, 193, '2026-05-10 04:39:32', CURRENT_DATE + INTERVAL '3 days', NULL, 394, 15000.00, 'pending', 3050000.00);
INSERT INTO order_details (order_detail_id, order_id, product_id, quantity, price, discount, total_amount) VALUES (300, 152, 198, 1, 650000.00, 15.00, 552500.00);
INSERT INTO order_details (order_detail_id, order_id, product_id, quantity, price, discount, total_amount) VALUES (301, 152, 108, 1, 450000.00, 15.00, 382500.00);
INSERT INTO order_details (order_detail_id, order_id, product_id, quantity, price, discount, total_amount) VALUES (302, 152, 18, 2, 1050000.00, 0.00, 2100000.00);
INSERT INTO payments (payment_id, order_id, payment_method, payment_date, amount, status) VALUES (152, 152, 'MOMO', NULL, 3050000.00, 'pending');
INSERT INTO orders (order_id, user_id, order_date, required_date, shipped_date, ship_address_id, freight, status, total_amount) VALUES (153, 195, '2026-06-01 15:37:38', CURRENT_DATE + INTERVAL '3 days', NULL, 328, 35000.00, 'confirmed', 510000.00);
INSERT INTO order_details (order_detail_id, order_id, product_id, quantity, price, discount, total_amount) VALUES (303, 153, 175, 2, 250000.00, 5.00, 475000.00);
INSERT INTO payments (payment_id, order_id, payment_method, payment_date, amount, status) VALUES (153, 153, 'BANKING', NULL, 510000.00, 'pending');
INSERT INTO deliveries (delivery_id, order_id, carrier_id, shipper_id, delivery_status, tracking_num, ship_address, estimated_delivery_date) VALUES (91, 153, 3, 11, 'picking', 'TRACK153535', '42020 Vuong Street', CURRENT_DATE + INTERVAL '2 days');
INSERT INTO orders (order_id, user_id, order_date, required_date, shipped_date, ship_address_id, freight, status, total_amount) VALUES (154, 59, '2026-05-15 08:31:11', CURRENT_DATE + INTERVAL '3 days', NULL, 43, 15000.00, 'pending', 3330000.00);
INSERT INTO order_details (order_detail_id, order_id, product_id, quantity, price, discount, total_amount) VALUES (304, 154, 118, 2, 750000.00, 5.00, 1425000.00);
INSERT INTO order_details (order_detail_id, order_id, product_id, quantity, price, discount, total_amount) VALUES (305, 154, 24, 2, 450000.00, 0.00, 900000.00);
INSERT INTO order_details (order_detail_id, order_id, product_id, quantity, price, discount, total_amount) VALUES (306, 154, 106, 2, 550000.00, 10.00, 990000.00);
INSERT INTO payments (payment_id, order_id, payment_method, payment_date, amount, status) VALUES (154, 154, 'VNPAY', NULL, 3330000.00, 'pending');
INSERT INTO orders (order_id, user_id, order_date, required_date, shipped_date, ship_address_id, freight, status, total_amount) VALUES (155, 192, '2026-05-20 02:28:55', CURRENT_DATE + INTERVAL '3 days', NULL, 319, 25000.00, 'confirmed', 1070000.00);
INSERT INTO order_details (order_detail_id, order_id, product_id, quantity, price, discount, total_amount) VALUES (307, 155, 188, 2, 250000.00, 10.00, 450000.00);
INSERT INTO order_details (order_detail_id, order_id, product_id, quantity, price, discount, total_amount) VALUES (308, 155, 16, 2, 350000.00, 15.00, 595000.00);
INSERT INTO payments (payment_id, order_id, payment_method, payment_date, amount, status) VALUES (155, 155, 'PAYPAL', NULL, 1070000.00, 'pending');
INSERT INTO deliveries (delivery_id, order_id, carrier_id, shipper_id, delivery_status, tracking_num, ship_address, estimated_delivery_date) VALUES (92, 155, 3, 2, 'picking', 'TRACK155900', '40404 Dao Place', CURRENT_DATE + INTERVAL '2 days');
INSERT INTO orders (order_id, user_id, order_date, required_date, shipped_date, ship_address_id, freight, status, total_amount) VALUES (156, 276, '2026-05-23 01:01:32', CURRENT_DATE + INTERVAL '3 days', CURRENT_DATE, 136, 25000.00, 'delivered', 1767500.00);
INSERT INTO order_details (order_detail_id, order_id, product_id, quantity, price, discount, total_amount) VALUES (309, 156, 113, 1, 850000.00, 0.00, 850000.00);
INSERT INTO order_details (order_detail_id, order_id, product_id, quantity, price, discount, total_amount) VALUES (310, 156, 170, 1, 1050000.00, 15.00, 892500.00);
INSERT INTO payments (payment_id, order_id, payment_method, payment_date, amount, status) VALUES (156, 156, 'BANKING', CURRENT_TIMESTAMP, 1767500.00, 'completed');
INSERT INTO deliveries (delivery_id, order_id, carrier_id, shipper_id, delivery_status, tracking_num, ship_address, estimated_delivery_date) VALUES (93, 156, 1, 16, 'delivered', 'TRACK156260', '892 Ha Locks', CURRENT_DATE + INTERVAL '2 days');
INSERT INTO orders (order_id, user_id, order_date, required_date, shipped_date, ship_address_id, freight, status, total_amount) VALUES (157, 28, '2026-05-15 18:37:35', CURRENT_DATE + INTERVAL '3 days', NULL, 129, 30000.00, 'cancelled', 157500.00);
INSERT INTO order_details (order_detail_id, order_id, product_id, quantity, price, discount, total_amount) VALUES (311, 157, 66, 1, 150000.00, 15.00, 127500.00);
INSERT INTO payments (payment_id, order_id, payment_method, payment_date, amount, status) VALUES (157, 157, 'PAYPAL', NULL, 157500.00, 'failed');
INSERT INTO orders (order_id, user_id, order_date, required_date, shipped_date, ship_address_id, freight, status, total_amount) VALUES (158, 284, '2026-05-20 13:41:22', CURRENT_DATE + INTERVAL '3 days', NULL, 60, 35000.00, 'confirmed', 1737500.00);
INSERT INTO order_details (order_detail_id, order_id, product_id, quantity, price, discount, total_amount) VALUES (312, 158, 63, 1, 450000.00, 5.00, 427500.00);
INSERT INTO order_details (order_detail_id, order_id, product_id, quantity, price, discount, total_amount) VALUES (313, 158, 38, 2, 750000.00, 15.00, 1275000.00);
INSERT INTO payments (payment_id, order_id, payment_method, payment_date, amount, status) VALUES (158, 158, 'COD', NULL, 1737500.00, 'pending');
INSERT INTO deliveries (delivery_id, order_id, carrier_id, shipper_id, delivery_status, tracking_num, ship_address, estimated_delivery_date) VALUES (94, 158, 4, 40, 'picking', 'TRACK158137', '5913 Nhung Inlet', CURRENT_DATE + INTERVAL '2 days');
INSERT INTO orders (order_id, user_id, order_date, required_date, shipped_date, ship_address_id, freight, status, total_amount) VALUES (159, 54, '2026-05-27 07:49:59', CURRENT_DATE + INTERVAL '3 days', NULL, 384, 15000.00, 'cancelled', 645000.00);
INSERT INTO order_details (order_detail_id, order_id, product_id, quantity, price, discount, total_amount) VALUES (314, 159, 33, 2, 350000.00, 10.00, 630000.00);
INSERT INTO payments (payment_id, order_id, payment_method, payment_date, amount, status) VALUES (159, 159, 'COD', NULL, 645000.00, 'failed');
INSERT INTO orders (order_id, user_id, order_date, required_date, shipped_date, ship_address_id, freight, status, total_amount) VALUES (160, 271, '2026-05-21 05:19:46', CURRENT_DATE + INTERVAL '3 days', NULL, 61, 25000.00, 'confirmed', 3070000.00);
INSERT INTO order_details (order_detail_id, order_id, product_id, quantity, price, discount, total_amount) VALUES (315, 160, 158, 2, 1050000.00, 5.00, 1995000.00);
INSERT INTO order_details (order_detail_id, order_id, product_id, quantity, price, discount, total_amount) VALUES (316, 160, 73, 1, 1050000.00, 0.00, 1050000.00);
INSERT INTO payments (payment_id, order_id, payment_method, payment_date, amount, status) VALUES (160, 160, 'COD', NULL, 3070000.00, 'pending');
INSERT INTO deliveries (delivery_id, order_id, carrier_id, shipper_id, delivery_status, tracking_num, ship_address, estimated_delivery_date) VALUES (95, 160, 2, 47, 'picking', 'TRACK160911', '102 Thang Lock', CURRENT_DATE + INTERVAL '2 days');
INSERT INTO orders (order_id, user_id, order_date, required_date, shipped_date, ship_address_id, freight, status, total_amount) VALUES (161, 203, '2026-05-09 07:08:56', CURRENT_DATE + INTERVAL '3 days', NULL, 302, 15000.00, 'cancelled', 2040000.00);
INSERT INTO order_details (order_detail_id, order_id, product_id, quantity, price, discount, total_amount) VALUES (317, 161, 14, 1, 950000.00, 10.00, 855000.00);
INSERT INTO order_details (order_detail_id, order_id, product_id, quantity, price, discount, total_amount) VALUES (318, 161, 114, 2, 650000.00, 10.00, 1170000.00);
INSERT INTO payments (payment_id, order_id, payment_method, payment_date, amount, status) VALUES (161, 161, 'PAYPAL', NULL, 2040000.00, 'failed');
INSERT INTO orders (order_id, user_id, order_date, required_date, shipped_date, ship_address_id, freight, status, total_amount) VALUES (162, 167, '2026-05-28 08:15:24', CURRENT_DATE + INTERVAL '3 days', NULL, 326, 20000.00, 'pending', 995000.00);
INSERT INTO order_details (order_detail_id, order_id, product_id, quantity, price, discount, total_amount) VALUES (319, 162, 135, 2, 250000.00, 10.00, 450000.00);
INSERT INTO order_details (order_detail_id, order_id, product_id, quantity, price, discount, total_amount) VALUES (320, 162, 110, 2, 150000.00, 10.00, 270000.00);
INSERT INTO order_details (order_detail_id, order_id, product_id, quantity, price, discount, total_amount) VALUES (321, 162, 120, 2, 150000.00, 15.00, 255000.00);
INSERT INTO payments (payment_id, order_id, payment_method, payment_date, amount, status) VALUES (162, 162, 'COD', NULL, 995000.00, 'pending');
INSERT INTO orders (order_id, user_id, order_date, required_date, shipped_date, ship_address_id, freight, status, total_amount) VALUES (163, 162, '2026-05-18 20:53:17', CURRENT_DATE + INTERVAL '3 days', NULL, 195, 15000.00, 'shipping', 822500.00);
INSERT INTO order_details (order_detail_id, order_id, product_id, quantity, price, discount, total_amount) VALUES (322, 163, 112, 1, 950000.00, 15.00, 807500.00);
INSERT INTO payments (payment_id, order_id, payment_method, payment_date, amount, status) VALUES (163, 163, 'PAYPAL', NULL, 822500.00, 'pending');
INSERT INTO deliveries (delivery_id, order_id, carrier_id, shipper_id, delivery_status, tracking_num, ship_address, estimated_delivery_date) VALUES (96, 163, 3, 11, 'shipping', 'TRACK163307', '2083 Ngoc Garden', CURRENT_DATE + INTERVAL '2 days');
INSERT INTO orders (order_id, user_id, order_date, required_date, shipped_date, ship_address_id, freight, status, total_amount) VALUES (164, 224, '2026-05-17 15:32:32', CURRENT_DATE + INTERVAL '3 days', NULL, 236, 25000.00, 'pending', 2342500.00);
INSERT INTO order_details (order_detail_id, order_id, product_id, quantity, price, discount, total_amount) VALUES (323, 164, 110, 1, 550000.00, 5.00, 522500.00);
INSERT INTO order_details (order_detail_id, order_id, product_id, quantity, price, discount, total_amount) VALUES (324, 164, 75, 2, 850000.00, 15.00, 1445000.00);
INSERT INTO order_details (order_detail_id, order_id, product_id, quantity, price, discount, total_amount) VALUES (325, 164, 79, 1, 350000.00, 0.00, 350000.00);
INSERT INTO payments (payment_id, order_id, payment_method, payment_date, amount, status) VALUES (164, 164, 'VNPAY', NULL, 2342500.00, 'pending');
INSERT INTO orders (order_id, user_id, order_date, required_date, shipped_date, ship_address_id, freight, status, total_amount) VALUES (165, 135, '2026-05-06 04:42:01', CURRENT_DATE + INTERVAL '3 days', NULL, 309, 20000.00, 'pending', 1552500.00);
INSERT INTO order_details (order_detail_id, order_id, product_id, quantity, price, discount, total_amount) VALUES (326, 165, 149, 1, 650000.00, 0.00, 650000.00);
INSERT INTO order_details (order_detail_id, order_id, product_id, quantity, price, discount, total_amount) VALUES (327, 165, 43, 1, 450000.00, 15.00, 382500.00);
INSERT INTO order_details (order_detail_id, order_id, product_id, quantity, price, discount, total_amount) VALUES (328, 165, 164, 2, 250000.00, 0.00, 500000.00);
INSERT INTO payments (payment_id, order_id, payment_method, payment_date, amount, status) VALUES (165, 165, 'COD', NULL, 1552500.00, 'pending');
INSERT INTO orders (order_id, user_id, order_date, required_date, shipped_date, ship_address_id, freight, status, total_amount) VALUES (166, 56, '2026-05-23 04:52:04', CURRENT_DATE + INTERVAL '3 days', NULL, 199, 15000.00, 'shipping', 1405000.00);
INSERT INTO order_details (order_detail_id, order_id, product_id, quantity, price, discount, total_amount) VALUES (329, 166, 173, 1, 150000.00, 5.00, 142500.00);
INSERT INTO order_details (order_detail_id, order_id, product_id, quantity, price, discount, total_amount) VALUES (330, 166, 169, 1, 350000.00, 15.00, 297500.00);
INSERT INTO order_details (order_detail_id, order_id, product_id, quantity, price, discount, total_amount) VALUES (331, 166, 75, 1, 950000.00, 0.00, 950000.00);
INSERT INTO payments (payment_id, order_id, payment_method, payment_date, amount, status) VALUES (166, 166, 'PAYPAL', NULL, 1405000.00, 'pending');
INSERT INTO deliveries (delivery_id, order_id, carrier_id, shipper_id, delivery_status, tracking_num, ship_address, estimated_delivery_date) VALUES (97, 166, 4, 32, 'shipping', 'TRACK166765', '69927 Ha Cape', CURRENT_DATE + INTERVAL '2 days');
INSERT INTO orders (order_id, user_id, order_date, required_date, shipped_date, ship_address_id, freight, status, total_amount) VALUES (167, 118, '2026-05-03 18:58:24', CURRENT_DATE + INTERVAL '3 days', NULL, 125, 25000.00, 'cancelled', 1420000.00);
INSERT INTO order_details (order_detail_id, order_id, product_id, quantity, price, discount, total_amount) VALUES (332, 167, 116, 2, 550000.00, 10.00, 990000.00);
INSERT INTO order_details (order_detail_id, order_id, product_id, quantity, price, discount, total_amount) VALUES (333, 167, 191, 1, 450000.00, 10.00, 405000.00);
INSERT INTO payments (payment_id, order_id, payment_method, payment_date, amount, status) VALUES (167, 167, 'BANKING', NULL, 1420000.00, 'failed');
INSERT INTO orders (order_id, user_id, order_date, required_date, shipped_date, ship_address_id, freight, status, total_amount) VALUES (168, 29, '2026-05-15 09:23:59', CURRENT_DATE + INTERVAL '3 days', NULL, 224, 35000.00, 'cancelled', 1565000.00);
INSERT INTO order_details (order_detail_id, order_id, product_id, quantity, price, discount, total_amount) VALUES (334, 168, 86, 1, 850000.00, 10.00, 765000.00);
INSERT INTO order_details (order_detail_id, order_id, product_id, quantity, price, discount, total_amount) VALUES (335, 168, 188, 1, 850000.00, 10.00, 765000.00);
INSERT INTO payments (payment_id, order_id, payment_method, payment_date, amount, status) VALUES (168, 168, 'MOMO', NULL, 1565000.00, 'failed');
INSERT INTO orders (order_id, user_id, order_date, required_date, shipped_date, ship_address_id, freight, status, total_amount) VALUES (169, 32, '2026-05-13 17:24:57', CURRENT_DATE + INTERVAL '3 days', CURRENT_DATE, 115, 30000.00, 'delivered', 1625000.00);
INSERT INTO order_details (order_detail_id, order_id, product_id, quantity, price, discount, total_amount) VALUES (336, 169, 185, 2, 550000.00, 5.00, 1045000.00);
INSERT INTO order_details (order_detail_id, order_id, product_id, quantity, price, discount, total_amount) VALUES (337, 169, 127, 1, 550000.00, 0.00, 550000.00);
INSERT INTO payments (payment_id, order_id, payment_method, payment_date, amount, status) VALUES (169, 169, 'MOMO', CURRENT_TIMESTAMP, 1625000.00, 'completed');
INSERT INTO deliveries (delivery_id, order_id, carrier_id, shipper_id, delivery_status, tracking_num, ship_address, estimated_delivery_date) VALUES (98, 169, 4, 18, 'delivered', 'TRACK169695', '113 Doan Overpass', CURRENT_DATE + INTERVAL '2 days');
INSERT INTO reviews (review_id, user_id, product_id, rating, comment, review_date) VALUES (169, 32, 184, 4, 'San pham dong goi can than, giao hang Gen Z sieu nhanh, chat luong tuyet voi so voi tam gia!', '2026-05-13 17:24:57');
INSERT INTO orders (order_id, user_id, order_date, required_date, shipped_date, ship_address_id, freight, status, total_amount) VALUES (170, 189, '2026-06-01 11:10:57', CURRENT_DATE + INTERVAL '3 days', NULL, 230, 20000.00, 'shipping', 2870000.00);
INSERT INTO order_details (order_detail_id, order_id, product_id, quantity, price, discount, total_amount) VALUES (338, 170, 138, 2, 1050000.00, 0.00, 2100000.00);
INSERT INTO order_details (order_detail_id, order_id, product_id, quantity, price, discount, total_amount) VALUES (339, 170, 116, 1, 750000.00, 0.00, 750000.00);
INSERT INTO payments (payment_id, order_id, payment_method, payment_date, amount, status) VALUES (170, 170, 'PAYPAL', NULL, 2870000.00, 'pending');
INSERT INTO deliveries (delivery_id, order_id, carrier_id, shipper_id, delivery_status, tracking_num, ship_address, estimated_delivery_date) VALUES (99, 170, 1, 3, 'shipping', 'TRACK170233', '876 Bui Mount', CURRENT_DATE + INTERVAL '2 days');
INSERT INTO orders (order_id, user_id, order_date, required_date, shipped_date, ship_address_id, freight, status, total_amount) VALUES (171, 134, '2026-05-18 03:16:31', CURRENT_DATE + INTERVAL '3 days', NULL, 53, 25000.00, 'shipping', 3672500.00);
INSERT INTO order_details (order_detail_id, order_id, product_id, quantity, price, discount, total_amount) VALUES (340, 171, 190, 2, 550000.00, 5.00, 1045000.00);
INSERT INTO order_details (order_detail_id, order_id, product_id, quantity, price, discount, total_amount) VALUES (341, 171, 138, 1, 750000.00, 5.00, 712500.00);
INSERT INTO order_details (order_detail_id, order_id, product_id, quantity, price, discount, total_amount) VALUES (342, 171, 197, 2, 1050000.00, 10.00, 1890000.00);
INSERT INTO payments (payment_id, order_id, payment_method, payment_date, amount, status) VALUES (171, 171, 'BANKING', NULL, 3672500.00, 'pending');
INSERT INTO deliveries (delivery_id, order_id, carrier_id, shipper_id, delivery_status, tracking_num, ship_address, estimated_delivery_date) VALUES (100, 171, 1, 45, 'shipping', 'TRACK171807', '8518 Lam Meadows', CURRENT_DATE + INTERVAL '2 days');
INSERT INTO orders (order_id, user_id, order_date, required_date, shipped_date, ship_address_id, freight, status, total_amount) VALUES (172, 221, '2026-05-16 01:52:46', CURRENT_DATE + INTERVAL '3 days', CURRENT_DATE, 90, 35000.00, 'delivered', 462500.00);
INSERT INTO order_details (order_detail_id, order_id, product_id, quantity, price, discount, total_amount) VALUES (343, 172, 149, 1, 450000.00, 5.00, 427500.00);
INSERT INTO payments (payment_id, order_id, payment_method, payment_date, amount, status) VALUES (172, 172, 'MOMO', CURRENT_TIMESTAMP, 462500.00, 'completed');
INSERT INTO deliveries (delivery_id, order_id, carrier_id, shipper_id, delivery_status, tracking_num, ship_address, estimated_delivery_date) VALUES (101, 172, 1, 11, 'delivered', 'TRACK172488', '690 Tam Bypass', CURRENT_DATE + INTERVAL '2 days');
INSERT INTO orders (order_id, user_id, order_date, required_date, shipped_date, ship_address_id, freight, status, total_amount) VALUES (173, 187, '2026-05-26 00:14:55', CURRENT_DATE + INTERVAL '3 days', NULL, 78, 25000.00, 'pending', 1790000.00);
INSERT INTO order_details (order_detail_id, order_id, product_id, quantity, price, discount, total_amount) VALUES (344, 173, 9, 2, 350000.00, 15.00, 595000.00);
INSERT INTO order_details (order_detail_id, order_id, product_id, quantity, price, discount, total_amount) VALUES (345, 173, 64, 2, 650000.00, 10.00, 1170000.00);
INSERT INTO payments (payment_id, order_id, payment_method, payment_date, amount, status) VALUES (173, 173, 'PAYPAL', NULL, 1790000.00, 'pending');
INSERT INTO orders (order_id, user_id, order_date, required_date, shipped_date, ship_address_id, freight, status, total_amount) VALUES (174, 4, '2026-05-15 12:57:37', CURRENT_DATE + INTERVAL '3 days', NULL, 34, 20000.00, 'confirmed', 2120000.00);
INSERT INTO order_details (order_detail_id, order_id, product_id, quantity, price, discount, total_amount) VALUES (346, 174, 15, 2, 1050000.00, 0.00, 2100000.00);
INSERT INTO payments (payment_id, order_id, payment_method, payment_date, amount, status) VALUES (174, 174, 'COD', NULL, 2120000.00, 'pending');
INSERT INTO deliveries (delivery_id, order_id, carrier_id, shipper_id, delivery_status, tracking_num, ship_address, estimated_delivery_date) VALUES (102, 174, 1, 26, 'picking', 'TRACK174866', '28207 Phung Pike', CURRENT_DATE + INTERVAL '2 days');
INSERT INTO orders (order_id, user_id, order_date, required_date, shipped_date, ship_address_id, freight, status, total_amount) VALUES (175, 75, '2026-05-11 16:41:36', CURRENT_DATE + INTERVAL '3 days', NULL, 291, 30000.00, 'shipping', 1630000.00);
INSERT INTO order_details (order_detail_id, order_id, product_id, quantity, price, discount, total_amount) VALUES (347, 175, 130, 1, 650000.00, 0.00, 650000.00);
INSERT INTO order_details (order_detail_id, order_id, product_id, quantity, price, discount, total_amount) VALUES (348, 175, 196, 1, 950000.00, 0.00, 950000.00);
INSERT INTO payments (payment_id, order_id, payment_method, payment_date, amount, status) VALUES (175, 175, 'COD', NULL, 1630000.00, 'pending');
INSERT INTO deliveries (delivery_id, order_id, carrier_id, shipper_id, delivery_status, tracking_num, ship_address, estimated_delivery_date) VALUES (103, 175, 4, 36, 'shipping', 'TRACK175420', '644 Ho Ports', CURRENT_DATE + INTERVAL '2 days');
INSERT INTO orders (order_id, user_id, order_date, required_date, shipped_date, ship_address_id, freight, status, total_amount) VALUES (176, 140, '2026-06-02 14:35:27', CURRENT_DATE + INTERVAL '3 days', NULL, 166, 25000.00, 'confirmed', 1440000.00);
INSERT INTO order_details (order_detail_id, order_id, product_id, quantity, price, discount, total_amount) VALUES (349, 176, 38, 2, 350000.00, 5.00, 665000.00);
INSERT INTO order_details (order_detail_id, order_id, product_id, quantity, price, discount, total_amount) VALUES (350, 176, 127, 1, 750000.00, 0.00, 750000.00);
INSERT INTO payments (payment_id, order_id, payment_method, payment_date, amount, status) VALUES (176, 176, 'COD', NULL, 1440000.00, 'pending');
INSERT INTO deliveries (delivery_id, order_id, carrier_id, shipper_id, delivery_status, tracking_num, ship_address, estimated_delivery_date) VALUES (104, 176, 3, 39, 'picking', 'TRACK176080', '957 Ha Trail', CURRENT_DATE + INTERVAL '2 days');
INSERT INTO orders (order_id, user_id, order_date, required_date, shipped_date, ship_address_id, freight, status, total_amount) VALUES (177, 107, '2026-05-10 06:30:24', CURRENT_DATE + INTERVAL '3 days', NULL, 412, 25000.00, 'confirmed', 1730000.00);
INSERT INTO order_details (order_detail_id, order_id, product_id, quantity, price, discount, total_amount) VALUES (351, 177, 97, 2, 650000.00, 0.00, 1300000.00);
INSERT INTO order_details (order_detail_id, order_id, product_id, quantity, price, discount, total_amount) VALUES (352, 177, 102, 1, 450000.00, 10.00, 405000.00);
INSERT INTO payments (payment_id, order_id, payment_method, payment_date, amount, status) VALUES (177, 177, 'BANKING', NULL, 1730000.00, 'pending');
INSERT INTO deliveries (delivery_id, order_id, carrier_id, shipper_id, delivery_status, tracking_num, ship_address, estimated_delivery_date) VALUES (105, 177, 4, 22, 'picking', 'TRACK177272', '00686 Vuong Route', CURRENT_DATE + INTERVAL '2 days');
INSERT INTO orders (order_id, user_id, order_date, required_date, shipped_date, ship_address_id, freight, status, total_amount) VALUES (178, 237, '2026-05-18 18:52:36', CURRENT_DATE + INTERVAL '3 days', NULL, 187, 25000.00, 'pending', 4700000.00);
INSERT INTO order_details (order_detail_id, order_id, product_id, quantity, price, discount, total_amount) VALUES (353, 178, 125, 2, 850000.00, 10.00, 1530000.00);
INSERT INTO order_details (order_detail_id, order_id, product_id, quantity, price, discount, total_amount) VALUES (354, 178, 6, 2, 850000.00, 0.00, 1700000.00);
INSERT INTO order_details (order_detail_id, order_id, product_id, quantity, price, discount, total_amount) VALUES (355, 178, 45, 2, 850000.00, 15.00, 1445000.00);
INSERT INTO payments (payment_id, order_id, payment_method, payment_date, amount, status) VALUES (178, 178, 'MOMO', NULL, 4700000.00, 'pending');
INSERT INTO orders (order_id, user_id, order_date, required_date, shipped_date, ship_address_id, freight, status, total_amount) VALUES (179, 52, '2026-05-22 16:38:12', CURRENT_DATE + INTERVAL '3 days', NULL, 42, 35000.00, 'shipping', 4017500.00);
INSERT INTO order_details (order_detail_id, order_id, product_id, quantity, price, discount, total_amount) VALUES (356, 179, 81, 1, 450000.00, 15.00, 382500.00);
INSERT INTO order_details (order_detail_id, order_id, product_id, quantity, price, discount, total_amount) VALUES (357, 179, 53, 2, 850000.00, 0.00, 1700000.00);
INSERT INTO order_details (order_detail_id, order_id, product_id, quantity, price, discount, total_amount) VALUES (358, 179, 26, 2, 950000.00, 0.00, 1900000.00);
INSERT INTO payments (payment_id, order_id, payment_method, payment_date, amount, status) VALUES (179, 179, 'COD', NULL, 4017500.00, 'pending');
INSERT INTO deliveries (delivery_id, order_id, carrier_id, shipper_id, delivery_status, tracking_num, ship_address, estimated_delivery_date) VALUES (106, 179, 3, 15, 'shipping', 'TRACK179667', '95248 Truong Ridges', CURRENT_DATE + INTERVAL '2 days');
INSERT INTO orders (order_id, user_id, order_date, required_date, shipped_date, ship_address_id, freight, status, total_amount) VALUES (180, 13, '2026-05-28 13:15:24', CURRENT_DATE + INTERVAL '3 days', CURRENT_DATE, 333, 35000.00, 'delivered', 682500.00);
INSERT INTO order_details (order_detail_id, order_id, product_id, quantity, price, discount, total_amount) VALUES (359, 180, 117, 1, 350000.00, 0.00, 350000.00);
INSERT INTO order_details (order_detail_id, order_id, product_id, quantity, price, discount, total_amount) VALUES (360, 180, 71, 1, 350000.00, 15.00, 297500.00);
INSERT INTO payments (payment_id, order_id, payment_method, payment_date, amount, status) VALUES (180, 180, 'MOMO', CURRENT_TIMESTAMP, 682500.00, 'completed');
INSERT INTO deliveries (delivery_id, order_id, carrier_id, shipper_id, delivery_status, tracking_num, ship_address, estimated_delivery_date) VALUES (107, 180, 2, 47, 'delivered', 'TRACK180432', '200 Buu Passage', CURRENT_DATE + INTERVAL '2 days');
INSERT INTO orders (order_id, user_id, order_date, required_date, shipped_date, ship_address_id, freight, status, total_amount) VALUES (181, 215, '2026-05-05 19:32:30', CURRENT_DATE + INTERVAL '3 days', NULL, 290, 35000.00, 'confirmed', 935000.00);
INSERT INTO order_details (order_detail_id, order_id, product_id, quantity, price, discount, total_amount) VALUES (361, 181, 55, 2, 450000.00, 0.00, 900000.00);
INSERT INTO payments (payment_id, order_id, payment_method, payment_date, amount, status) VALUES (181, 181, 'COD', NULL, 935000.00, 'pending');
INSERT INTO deliveries (delivery_id, order_id, carrier_id, shipper_id, delivery_status, tracking_num, ship_address, estimated_delivery_date) VALUES (108, 181, 4, 13, 'picking', 'TRACK181076', '298 Phung Cove', CURRENT_DATE + INTERVAL '2 days');
INSERT INTO orders (order_id, user_id, order_date, required_date, shipped_date, ship_address_id, freight, status, total_amount) VALUES (182, 40, '2026-05-16 20:11:01', CURRENT_DATE + INTERVAL '3 days', CURRENT_DATE, 124, 35000.00, 'delivered', 2025000.00);
INSERT INTO order_details (order_detail_id, order_id, product_id, quantity, price, discount, total_amount) VALUES (362, 182, 50, 1, 1050000.00, 10.00, 945000.00);
INSERT INTO order_details (order_detail_id, order_id, product_id, quantity, price, discount, total_amount) VALUES (363, 182, 182, 2, 550000.00, 5.00, 1045000.00);
INSERT INTO payments (payment_id, order_id, payment_method, payment_date, amount, status) VALUES (182, 182, 'PAYPAL', CURRENT_TIMESTAMP, 2025000.00, 'completed');
INSERT INTO deliveries (delivery_id, order_id, carrier_id, shipper_id, delivery_status, tracking_num, ship_address, estimated_delivery_date) VALUES (109, 182, 4, 31, 'delivered', 'TRACK182835', '72883 Ho Roads', CURRENT_DATE + INTERVAL '2 days');
INSERT INTO reviews (review_id, user_id, product_id, rating, comment, review_date) VALUES (182, 40, 76, 5, 'San pham dong goi can than, giao hang Gen Z sieu nhanh, chat luong tuyet voi so voi tam gia!', '2026-05-16 20:11:01');
INSERT INTO orders (order_id, user_id, order_date, required_date, shipped_date, ship_address_id, freight, status, total_amount) VALUES (183, 185, '2026-05-26 06:00:06', CURRENT_DATE + INTERVAL '3 days', NULL, 14, 20000.00, 'confirmed', 2972500.00);
INSERT INTO order_details (order_detail_id, order_id, product_id, quantity, price, discount, total_amount) VALUES (364, 183, 150, 1, 1050000.00, 0.00, 1050000.00);
INSERT INTO order_details (order_detail_id, order_id, product_id, quantity, price, discount, total_amount) VALUES (365, 183, 176, 2, 750000.00, 10.00, 1350000.00);
INSERT INTO order_details (order_detail_id, order_id, product_id, quantity, price, discount, total_amount) VALUES (366, 183, 34, 1, 650000.00, 15.00, 552500.00);
INSERT INTO payments (payment_id, order_id, payment_method, payment_date, amount, status) VALUES (183, 183, 'VNPAY', NULL, 2972500.00, 'pending');
INSERT INTO deliveries (delivery_id, order_id, carrier_id, shipper_id, delivery_status, tracking_num, ship_address, estimated_delivery_date) VALUES (110, 183, 2, 17, 'picking', 'TRACK183354', '253 Tran Fork', CURRENT_DATE + INTERVAL '2 days');
INSERT INTO orders (order_id, user_id, order_date, required_date, shipped_date, ship_address_id, freight, status, total_amount) VALUES (184, 14, '2026-05-23 04:58:10', CURRENT_DATE + INTERVAL '3 days', NULL, 238, 30000.00, 'confirmed', 1080000.00);
INSERT INTO order_details (order_detail_id, order_id, product_id, quantity, price, discount, total_amount) VALUES (367, 184, 167, 1, 1050000.00, 0.00, 1050000.00);
INSERT INTO payments (payment_id, order_id, payment_method, payment_date, amount, status) VALUES (184, 184, 'VNPAY', NULL, 1080000.00, 'pending');
INSERT INTO deliveries (delivery_id, order_id, carrier_id, shipper_id, delivery_status, tracking_num, ship_address, estimated_delivery_date) VALUES (111, 184, 3, 28, 'picking', 'TRACK184028', '106 Thuy Cliffs', CURRENT_DATE + INTERVAL '2 days');
INSERT INTO orders (order_id, user_id, order_date, required_date, shipped_date, ship_address_id, freight, status, total_amount) VALUES (185, 12, '2026-05-05 00:17:05', CURRENT_DATE + INTERVAL '3 days', NULL, 311, 25000.00, 'cancelled', 790000.00);
INSERT INTO order_details (order_detail_id, order_id, product_id, quantity, price, discount, total_amount) VALUES (368, 185, 34, 1, 850000.00, 10.00, 765000.00);
INSERT INTO payments (payment_id, order_id, payment_method, payment_date, amount, status) VALUES (185, 185, 'MOMO', NULL, 790000.00, 'failed');
INSERT INTO orders (order_id, user_id, order_date, required_date, shipped_date, ship_address_id, freight, status, total_amount) VALUES (186, 178, '2026-05-27 08:32:55', CURRENT_DATE + INTERVAL '3 days', NULL, 366, 20000.00, 'cancelled', 1937500.00);
INSERT INTO order_details (order_detail_id, order_id, product_id, quantity, price, discount, total_amount) VALUES (369, 186, 43, 2, 650000.00, 0.00, 1300000.00);
INSERT INTO order_details (order_detail_id, order_id, product_id, quantity, price, discount, total_amount) VALUES (370, 186, 128, 1, 650000.00, 5.00, 617500.00);
INSERT INTO payments (payment_id, order_id, payment_method, payment_date, amount, status) VALUES (186, 186, 'COD', NULL, 1937500.00, 'failed');
INSERT INTO orders (order_id, user_id, order_date, required_date, shipped_date, ship_address_id, freight, status, total_amount) VALUES (187, 142, '2026-05-19 06:39:59', CURRENT_DATE + INTERVAL '3 days', NULL, 102, 25000.00, 'shipping', 1425000.00);
INSERT INTO order_details (order_detail_id, order_id, product_id, quantity, price, discount, total_amount) VALUES (371, 187, 52, 2, 550000.00, 0.00, 1100000.00);
INSERT INTO order_details (order_detail_id, order_id, product_id, quantity, price, discount, total_amount) VALUES (372, 187, 122, 2, 150000.00, 0.00, 300000.00);
INSERT INTO payments (payment_id, order_id, payment_method, payment_date, amount, status) VALUES (187, 187, 'VNPAY', NULL, 1425000.00, 'pending');
INSERT INTO deliveries (delivery_id, order_id, carrier_id, shipper_id, delivery_status, tracking_num, ship_address, estimated_delivery_date) VALUES (112, 187, 4, 47, 'shipping', 'TRACK187067', '8959 Ngo Tunnel', CURRENT_DATE + INTERVAL '2 days');
INSERT INTO orders (order_id, user_id, order_date, required_date, shipped_date, ship_address_id, freight, status, total_amount) VALUES (188, 193, '2026-05-18 18:25:00', CURRENT_DATE + INTERVAL '3 days', NULL, 229, 20000.00, 'shipping', 2777500.00);
INSERT INTO order_details (order_detail_id, order_id, product_id, quantity, price, discount, total_amount) VALUES (373, 188, 180, 2, 650000.00, 0.00, 1300000.00);
INSERT INTO order_details (order_detail_id, order_id, product_id, quantity, price, discount, total_amount) VALUES (374, 188, 146, 1, 850000.00, 5.00, 807500.00);
INSERT INTO order_details (order_detail_id, order_id, product_id, quantity, price, discount, total_amount) VALUES (375, 188, 63, 1, 650000.00, 0.00, 650000.00);
INSERT INTO payments (payment_id, order_id, payment_method, payment_date, amount, status) VALUES (188, 188, 'COD', NULL, 2777500.00, 'pending');
INSERT INTO deliveries (delivery_id, order_id, carrier_id, shipper_id, delivery_status, tracking_num, ship_address, estimated_delivery_date) VALUES (113, 188, 3, 47, 'shipping', 'TRACK188881', '913 To Springs', CURRENT_DATE + INTERVAL '2 days');
INSERT INTO orders (order_id, user_id, order_date, required_date, shipped_date, ship_address_id, freight, status, total_amount) VALUES (189, 222, '2026-05-05 04:13:10', CURRENT_DATE + INTERVAL '3 days', NULL, 299, 30000.00, 'pending', 922500.00);
INSERT INTO order_details (order_detail_id, order_id, product_id, quantity, price, discount, total_amount) VALUES (376, 189, 49, 1, 1050000.00, 15.00, 892500.00);
INSERT INTO payments (payment_id, order_id, payment_method, payment_date, amount, status) VALUES (189, 189, 'COD', NULL, 922500.00, 'pending');
INSERT INTO orders (order_id, user_id, order_date, required_date, shipped_date, ship_address_id, freight, status, total_amount) VALUES (190, 84, '2026-05-26 00:09:30', CURRENT_DATE + INTERVAL '3 days', NULL, 2, 15000.00, 'shipping', 1155000.00);
INSERT INTO order_details (order_detail_id, order_id, product_id, quantity, price, discount, total_amount) VALUES (377, 190, 188, 2, 550000.00, 10.00, 990000.00);
INSERT INTO order_details (order_detail_id, order_id, product_id, quantity, price, discount, total_amount) VALUES (378, 190, 100, 1, 150000.00, 0.00, 150000.00);
INSERT INTO payments (payment_id, order_id, payment_method, payment_date, amount, status) VALUES (190, 190, 'BANKING', NULL, 1155000.00, 'pending');
INSERT INTO deliveries (delivery_id, order_id, carrier_id, shipper_id, delivery_status, tracking_num, ship_address, estimated_delivery_date) VALUES (114, 190, 2, 33, 'shipping', 'TRACK190614', '834 Ngoc Plain', CURRENT_DATE + INTERVAL '2 days');
INSERT INTO orders (order_id, user_id, order_date, required_date, shipped_date, ship_address_id, freight, status, total_amount) VALUES (191, 51, '2026-05-15 12:02:54', CURRENT_DATE + INTERVAL '3 days', NULL, 104, 35000.00, 'cancelled', 795000.00);
INSERT INTO order_details (order_detail_id, order_id, product_id, quantity, price, discount, total_amount) VALUES (379, 191, 176, 1, 350000.00, 5.00, 332500.00);
INSERT INTO order_details (order_detail_id, order_id, product_id, quantity, price, discount, total_amount) VALUES (380, 191, 74, 1, 450000.00, 5.00, 427500.00);
INSERT INTO payments (payment_id, order_id, payment_method, payment_date, amount, status) VALUES (191, 191, 'PAYPAL', NULL, 795000.00, 'failed');
INSERT INTO orders (order_id, user_id, order_date, required_date, shipped_date, ship_address_id, freight, status, total_amount) VALUES (192, 212, '2026-05-11 20:32:45', CURRENT_DATE + INTERVAL '3 days', NULL, 439, 15000.00, 'confirmed', 440000.00);
INSERT INTO order_details (order_detail_id, order_id, product_id, quantity, price, discount, total_amount) VALUES (381, 192, 7, 2, 250000.00, 15.00, 425000.00);
INSERT INTO payments (payment_id, order_id, payment_method, payment_date, amount, status) VALUES (192, 192, 'COD', NULL, 440000.00, 'pending');
INSERT INTO deliveries (delivery_id, order_id, carrier_id, shipper_id, delivery_status, tracking_num, ship_address, estimated_delivery_date) VALUES (115, 192, 2, 6, 'picking', 'TRACK192250', '41090 Dang Villages', CURRENT_DATE + INTERVAL '2 days');
INSERT INTO orders (order_id, user_id, order_date, required_date, shipped_date, ship_address_id, freight, status, total_amount) VALUES (193, 11, '2026-05-17 12:53:33', CURRENT_DATE + INTERVAL '3 days', NULL, 407, 30000.00, 'confirmed', 3355000.00);
INSERT INTO order_details (order_detail_id, order_id, product_id, quantity, price, discount, total_amount) VALUES (382, 193, 162, 2, 950000.00, 15.00, 1615000.00);
INSERT INTO order_details (order_detail_id, order_id, product_id, quantity, price, discount, total_amount) VALUES (383, 193, 182, 2, 950000.00, 10.00, 1710000.00);
INSERT INTO payments (payment_id, order_id, payment_method, payment_date, amount, status) VALUES (193, 193, 'MOMO', NULL, 3355000.00, 'pending');
INSERT INTO deliveries (delivery_id, order_id, carrier_id, shipper_id, delivery_status, tracking_num, ship_address, estimated_delivery_date) VALUES (116, 193, 4, 30, 'picking', 'TRACK193653', '6863 Dao Rest', CURRENT_DATE + INTERVAL '2 days');
INSERT INTO orders (order_id, user_id, order_date, required_date, shipped_date, ship_address_id, freight, status, total_amount) VALUES (194, 290, '2026-05-20 20:17:24', CURRENT_DATE + INTERVAL '3 days', NULL, 431, 15000.00, 'pending', 1637500.00);
INSERT INTO order_details (order_detail_id, order_id, product_id, quantity, price, discount, total_amount) VALUES (384, 194, 2, 1, 850000.00, 15.00, 722500.00);
INSERT INTO order_details (order_detail_id, order_id, product_id, quantity, price, discount, total_amount) VALUES (385, 194, 76, 2, 450000.00, 0.00, 900000.00);
INSERT INTO payments (payment_id, order_id, payment_method, payment_date, amount, status) VALUES (194, 194, 'VNPAY', NULL, 1637500.00, 'pending');
INSERT INTO orders (order_id, user_id, order_date, required_date, shipped_date, ship_address_id, freight, status, total_amount) VALUES (195, 259, '2026-05-21 17:48:26', CURRENT_DATE + INTERVAL '3 days', CURRENT_DATE, 45, 20000.00, 'delivered', 922500.00);
INSERT INTO order_details (order_detail_id, order_id, product_id, quantity, price, discount, total_amount) VALUES (386, 195, 2, 1, 950000.00, 5.00, 902500.00);
INSERT INTO payments (payment_id, order_id, payment_method, payment_date, amount, status) VALUES (195, 195, 'PAYPAL', CURRENT_TIMESTAMP, 922500.00, 'completed');
INSERT INTO deliveries (delivery_id, order_id, carrier_id, shipper_id, delivery_status, tracking_num, ship_address, estimated_delivery_date) VALUES (117, 195, 1, 17, 'delivered', 'TRACK195052', '387 Tang Drive', CURRENT_DATE + INTERVAL '2 days');
INSERT INTO orders (order_id, user_id, order_date, required_date, shipped_date, ship_address_id, freight, status, total_amount) VALUES (196, 91, '2026-05-10 12:47:58', CURRENT_DATE + INTERVAL '3 days', NULL, 399, 15000.00, 'pending', 3415000.00);
INSERT INTO order_details (order_detail_id, order_id, product_id, quantity, price, discount, total_amount) VALUES (387, 196, 22, 2, 1050000.00, 15.00, 1785000.00);
INSERT INTO order_details (order_detail_id, order_id, product_id, quantity, price, discount, total_amount) VALUES (388, 196, 186, 2, 950000.00, 15.00, 1615000.00);
INSERT INTO payments (payment_id, order_id, payment_method, payment_date, amount, status) VALUES (196, 196, 'COD', NULL, 3415000.00, 'pending');
INSERT INTO orders (order_id, user_id, order_date, required_date, shipped_date, ship_address_id, freight, status, total_amount) VALUES (197, 58, '2026-05-08 16:42:02', CURRENT_DATE + INTERVAL '3 days', CURRENT_DATE, 259, 30000.00, 'delivered', 2755000.00);
INSERT INTO order_details (order_detail_id, order_id, product_id, quantity, price, discount, total_amount) VALUES (389, 197, 100, 2, 450000.00, 5.00, 855000.00);
INSERT INTO order_details (order_detail_id, order_id, product_id, quantity, price, discount, total_amount) VALUES (390, 197, 4, 2, 150000.00, 15.00, 255000.00);
INSERT INTO order_details (order_detail_id, order_id, product_id, quantity, price, discount, total_amount) VALUES (391, 197, 128, 2, 850000.00, 5.00, 1615000.00);
INSERT INTO payments (payment_id, order_id, payment_method, payment_date, amount, status) VALUES (197, 197, 'COD', CURRENT_TIMESTAMP, 2755000.00, 'completed');
INSERT INTO deliveries (delivery_id, order_id, carrier_id, shipper_id, delivery_status, tracking_num, ship_address, estimated_delivery_date) VALUES (118, 197, 4, 38, 'delivered', 'TRACK197236', '34020 Vuong Station', CURRENT_DATE + INTERVAL '2 days');
INSERT INTO reviews (review_id, user_id, product_id, rating, comment, review_date) VALUES (197, 58, 22, 5, 'San pham dong goi can than, giao hang Gen Z sieu nhanh, chat luong tuyet voi so voi tam gia!', '2026-05-08 16:42:02');
INSERT INTO orders (order_id, user_id, order_date, required_date, shipped_date, ship_address_id, freight, status, total_amount) VALUES (198, 142, '2026-05-11 08:44:35', CURRENT_DATE + INTERVAL '3 days', NULL, 222, 25000.00, 'confirmed', 970000.00);
INSERT INTO order_details (order_detail_id, order_id, product_id, quantity, price, discount, total_amount) VALUES (392, 198, 150, 1, 1050000.00, 10.00, 945000.00);
INSERT INTO payments (payment_id, order_id, payment_method, payment_date, amount, status) VALUES (198, 198, 'BANKING', NULL, 970000.00, 'pending');
INSERT INTO deliveries (delivery_id, order_id, carrier_id, shipper_id, delivery_status, tracking_num, ship_address, estimated_delivery_date) VALUES (119, 198, 4, 24, 'picking', 'TRACK198758', '9903 Tang Square', CURRENT_DATE + INTERVAL '2 days');
INSERT INTO orders (order_id, user_id, order_date, required_date, shipped_date, ship_address_id, freight, status, total_amount) VALUES (199, 214, '2026-05-12 20:47:17', CURRENT_DATE + INTERVAL '3 days', NULL, 129, 20000.00, 'shipping', 1190000.00);
INSERT INTO order_details (order_detail_id, order_id, product_id, quantity, price, discount, total_amount) VALUES (393, 199, 144, 2, 650000.00, 10.00, 1170000.00);
INSERT INTO payments (payment_id, order_id, payment_method, payment_date, amount, status) VALUES (199, 199, 'VNPAY', NULL, 1190000.00, 'pending');
INSERT INTO deliveries (delivery_id, order_id, carrier_id, shipper_id, delivery_status, tracking_num, ship_address, estimated_delivery_date) VALUES (120, 199, 1, 5, 'shipping', 'TRACK199760', '843 Ho Groves', CURRENT_DATE + INTERVAL '2 days');
INSERT INTO orders (order_id, user_id, order_date, required_date, shipped_date, ship_address_id, freight, status, total_amount) VALUES (200, 171, '2026-05-14 18:59:17', CURRENT_DATE + INTERVAL '3 days', NULL, 210, 20000.00, 'shipping', 2802500.00);
INSERT INTO order_details (order_detail_id, order_id, product_id, quantity, price, discount, total_amount) VALUES (394, 200, 118, 2, 1050000.00, 15.00, 1785000.00);
INSERT INTO order_details (order_detail_id, order_id, product_id, quantity, price, discount, total_amount) VALUES (395, 200, 200, 1, 1050000.00, 5.00, 997500.00);
INSERT INTO payments (payment_id, order_id, payment_method, payment_date, amount, status) VALUES (200, 200, 'MOMO', NULL, 2802500.00, 'pending');
INSERT INTO deliveries (delivery_id, order_id, carrier_id, shipper_id, delivery_status, tracking_num, ship_address, estimated_delivery_date) VALUES (121, 200, 2, 13, 'shipping', 'TRACK200499', '641 Phung Islands', CURRENT_DATE + INTERVAL '2 days');
INSERT INTO orders (order_id, user_id, order_date, required_date, shipped_date, ship_address_id, freight, status, total_amount) VALUES (201, 181, '2026-05-27 06:52:00', CURRENT_DATE + INTERVAL '3 days', NULL, 219, 35000.00, 'shipping', 462500.00);
INSERT INTO order_details (order_detail_id, order_id, product_id, quantity, price, discount, total_amount) VALUES (396, 201, 184, 1, 450000.00, 5.00, 427500.00);
INSERT INTO payments (payment_id, order_id, payment_method, payment_date, amount, status) VALUES (201, 201, 'VNPAY', NULL, 462500.00, 'pending');
INSERT INTO deliveries (delivery_id, order_id, carrier_id, shipper_id, delivery_status, tracking_num, ship_address, estimated_delivery_date) VALUES (122, 201, 2, 36, 'shipping', 'TRACK201029', '725 Khang Summit', CURRENT_DATE + INTERVAL '2 days');
INSERT INTO orders (order_id, user_id, order_date, required_date, shipped_date, ship_address_id, freight, status, total_amount) VALUES (202, 272, '2026-05-16 20:24:01', CURRENT_DATE + INTERVAL '3 days', NULL, 370, 25000.00, 'confirmed', 1075000.00);
INSERT INTO order_details (order_detail_id, order_id, product_id, quantity, price, discount, total_amount) VALUES (397, 202, 163, 1, 1050000.00, 0.00, 1050000.00);
INSERT INTO payments (payment_id, order_id, payment_method, payment_date, amount, status) VALUES (202, 202, 'MOMO', NULL, 1075000.00, 'pending');
INSERT INTO deliveries (delivery_id, order_id, carrier_id, shipper_id, delivery_status, tracking_num, ship_address, estimated_delivery_date) VALUES (123, 202, 2, 29, 'picking', 'TRACK202013', '4140 Nhu Lodge', CURRENT_DATE + INTERVAL '2 days');
INSERT INTO orders (order_id, user_id, order_date, required_date, shipped_date, ship_address_id, freight, status, total_amount) VALUES (203, 181, '2026-05-10 23:18:44', CURRENT_DATE + INTERVAL '3 days', NULL, 445, 25000.00, 'shipping', 2627500.00);
INSERT INTO order_details (order_detail_id, order_id, product_id, quantity, price, discount, total_amount) VALUES (398, 203, 13, 2, 1050000.00, 10.00, 1890000.00);
INSERT INTO order_details (order_detail_id, order_id, product_id, quantity, price, discount, total_amount) VALUES (399, 203, 38, 1, 750000.00, 5.00, 712500.00);
INSERT INTO payments (payment_id, order_id, payment_method, payment_date, amount, status) VALUES (203, 203, 'MOMO', NULL, 2627500.00, 'pending');
INSERT INTO deliveries (delivery_id, order_id, carrier_id, shipper_id, delivery_status, tracking_num, ship_address, estimated_delivery_date) VALUES (124, 203, 1, 13, 'shipping', 'TRACK203285', '734 Nguyen Fort', CURRENT_DATE + INTERVAL '2 days');
INSERT INTO orders (order_id, user_id, order_date, required_date, shipped_date, ship_address_id, freight, status, total_amount) VALUES (204, 14, '2026-05-05 21:02:00', CURRENT_DATE + INTERVAL '3 days', NULL, 128, 20000.00, 'confirmed', 1070000.00);
INSERT INTO order_details (order_detail_id, order_id, product_id, quantity, price, discount, total_amount) VALUES (400, 204, 41, 1, 1050000.00, 0.00, 1050000.00);
INSERT INTO payments (payment_id, order_id, payment_method, payment_date, amount, status) VALUES (204, 204, 'PAYPAL', NULL, 1070000.00, 'pending');
INSERT INTO deliveries (delivery_id, order_id, carrier_id, shipper_id, delivery_status, tracking_num, ship_address, estimated_delivery_date) VALUES (125, 204, 4, 38, 'picking', 'TRACK204277', '699 Ngo Turnpike', CURRENT_DATE + INTERVAL '2 days');
INSERT INTO orders (order_id, user_id, order_date, required_date, shipped_date, ship_address_id, freight, status, total_amount) VALUES (205, 280, '2026-05-16 07:04:02', CURRENT_DATE + INTERVAL '3 days', NULL, 163, 30000.00, 'confirmed', 1080000.00);
INSERT INTO order_details (order_detail_id, order_id, product_id, quantity, price, discount, total_amount) VALUES (401, 205, 12, 1, 1050000.00, 0.00, 1050000.00);
INSERT INTO payments (payment_id, order_id, payment_method, payment_date, amount, status) VALUES (205, 205, 'VNPAY', NULL, 1080000.00, 'pending');
INSERT INTO deliveries (delivery_id, order_id, carrier_id, shipper_id, delivery_status, tracking_num, ship_address, estimated_delivery_date) VALUES (126, 205, 2, 17, 'picking', 'TRACK205295', '395 Truong Brooks', CURRENT_DATE + INTERVAL '2 days');
INSERT INTO orders (order_id, user_id, order_date, required_date, shipped_date, ship_address_id, freight, status, total_amount) VALUES (206, 125, '2026-06-01 04:00:40', CURRENT_DATE + INTERVAL '3 days', NULL, 41, 20000.00, 'shipping', 2042500.00);
INSERT INTO order_details (order_detail_id, order_id, product_id, quantity, price, discount, total_amount) VALUES (402, 206, 6, 2, 650000.00, 0.00, 1300000.00);
INSERT INTO order_details (order_detail_id, order_id, product_id, quantity, price, discount, total_amount) VALUES (403, 206, 135, 1, 850000.00, 15.00, 722500.00);
INSERT INTO payments (payment_id, order_id, payment_method, payment_date, amount, status) VALUES (206, 206, 'MOMO', NULL, 2042500.00, 'pending');
INSERT INTO deliveries (delivery_id, order_id, carrier_id, shipper_id, delivery_status, tracking_num, ship_address, estimated_delivery_date) VALUES (127, 206, 1, 33, 'shipping', 'TRACK206152', '57113 Hoang Village', CURRENT_DATE + INTERVAL '2 days');
INSERT INTO orders (order_id, user_id, order_date, required_date, shipped_date, ship_address_id, freight, status, total_amount) VALUES (207, 198, '2026-05-31 13:59:12', CURRENT_DATE + INTERVAL '3 days', NULL, 183, 30000.00, 'shipping', 1200000.00);
INSERT INTO order_details (order_detail_id, order_id, product_id, quantity, price, discount, total_amount) VALUES (404, 207, 183, 2, 650000.00, 10.00, 1170000.00);
INSERT INTO payments (payment_id, order_id, payment_method, payment_date, amount, status) VALUES (207, 207, 'BANKING', NULL, 1200000.00, 'pending');
INSERT INTO deliveries (delivery_id, order_id, carrier_id, shipper_id, delivery_status, tracking_num, ship_address, estimated_delivery_date) VALUES (128, 207, 1, 8, 'shipping', 'TRACK207607', '0341 Khoa Isle', CURRENT_DATE + INTERVAL '2 days');
INSERT INTO orders (order_id, user_id, order_date, required_date, shipped_date, ship_address_id, freight, status, total_amount) VALUES (208, 73, '2026-05-27 20:47:44', CURRENT_DATE + INTERVAL '3 days', NULL, 387, 15000.00, 'cancelled', 1820000.00);
INSERT INTO order_details (order_detail_id, order_id, product_id, quantity, price, discount, total_amount) VALUES (405, 208, 66, 2, 950000.00, 5.00, 1805000.00);
INSERT INTO payments (payment_id, order_id, payment_method, payment_date, amount, status) VALUES (208, 208, 'VNPAY', NULL, 1820000.00, 'failed');
INSERT INTO orders (order_id, user_id, order_date, required_date, shipped_date, ship_address_id, freight, status, total_amount) VALUES (209, 215, '2026-05-16 12:09:24', CURRENT_DATE + INTERVAL '3 days', NULL, 311, 35000.00, 'pending', 935000.00);
INSERT INTO order_details (order_detail_id, order_id, product_id, quantity, price, discount, total_amount) VALUES (406, 209, 58, 2, 450000.00, 0.00, 900000.00);
INSERT INTO payments (payment_id, order_id, payment_method, payment_date, amount, status) VALUES (209, 209, 'VNPAY', NULL, 935000.00, 'pending');
INSERT INTO orders (order_id, user_id, order_date, required_date, shipped_date, ship_address_id, freight, status, total_amount) VALUES (210, 246, '2026-05-06 23:59:59', CURRENT_DATE + INTERVAL '3 days', NULL, 287, 30000.00, 'cancelled', 2785000.00);
INSERT INTO order_details (order_detail_id, order_id, product_id, quantity, price, discount, total_amount) VALUES (407, 210, 53, 1, 550000.00, 5.00, 522500.00);
INSERT INTO order_details (order_detail_id, order_id, product_id, quantity, price, discount, total_amount) VALUES (408, 210, 190, 1, 850000.00, 5.00, 807500.00);
INSERT INTO order_details (order_detail_id, order_id, product_id, quantity, price, discount, total_amount) VALUES (409, 210, 51, 2, 750000.00, 5.00, 1425000.00);
INSERT INTO payments (payment_id, order_id, payment_method, payment_date, amount, status) VALUES (210, 210, 'COD', NULL, 2785000.00, 'failed');
INSERT INTO orders (order_id, user_id, order_date, required_date, shipped_date, ship_address_id, freight, status, total_amount) VALUES (211, 227, '2026-05-27 22:44:35', CURRENT_DATE + INTERVAL '3 days', NULL, 88, 35000.00, 'pending', 2792500.00);
INSERT INTO order_details (order_detail_id, order_id, product_id, quantity, price, discount, total_amount) VALUES (410, 211, 192, 1, 650000.00, 15.00, 552500.00);
INSERT INTO order_details (order_detail_id, order_id, product_id, quantity, price, discount, total_amount) VALUES (411, 211, 190, 2, 750000.00, 10.00, 1350000.00);
INSERT INTO order_details (order_detail_id, order_id, product_id, quantity, price, discount, total_amount) VALUES (412, 211, 67, 2, 450000.00, 5.00, 855000.00);
INSERT INTO payments (payment_id, order_id, payment_method, payment_date, amount, status) VALUES (211, 211, 'BANKING', NULL, 2792500.00, 'pending');
INSERT INTO orders (order_id, user_id, order_date, required_date, shipped_date, ship_address_id, freight, status, total_amount) VALUES (212, 175, '2026-05-12 18:09:37', CURRENT_DATE + INTERVAL '3 days', NULL, 379, 35000.00, 'shipping', 272500.00);
INSERT INTO order_details (order_detail_id, order_id, product_id, quantity, price, discount, total_amount) VALUES (413, 212, 96, 1, 250000.00, 5.00, 237500.00);
INSERT INTO payments (payment_id, order_id, payment_method, payment_date, amount, status) VALUES (212, 212, 'PAYPAL', NULL, 272500.00, 'pending');
INSERT INTO deliveries (delivery_id, order_id, carrier_id, shipper_id, delivery_status, tracking_num, ship_address, estimated_delivery_date) VALUES (129, 212, 3, 8, 'shipping', 'TRACK212950', '691 Phu Extension', CURRENT_DATE + INTERVAL '2 days');
INSERT INTO orders (order_id, user_id, order_date, required_date, shipped_date, ship_address_id, freight, status, total_amount) VALUES (213, 73, '2026-05-23 07:31:56', CURRENT_DATE + INTERVAL '3 days', CURRENT_DATE, 352, 25000.00, 'delivered', 2257500.00);
INSERT INTO order_details (order_detail_id, order_id, product_id, quantity, price, discount, total_amount) VALUES (414, 213, 157, 2, 450000.00, 5.00, 855000.00);
INSERT INTO order_details (order_detail_id, order_id, product_id, quantity, price, discount, total_amount) VALUES (415, 213, 95, 2, 550000.00, 5.00, 1045000.00);
INSERT INTO order_details (order_detail_id, order_id, product_id, quantity, price, discount, total_amount) VALUES (416, 213, 168, 1, 350000.00, 5.00, 332500.00);
INSERT INTO payments (payment_id, order_id, payment_method, payment_date, amount, status) VALUES (213, 213, 'VNPAY', CURRENT_TIMESTAMP, 2257500.00, 'completed');
INSERT INTO deliveries (delivery_id, order_id, carrier_id, shipper_id, delivery_status, tracking_num, ship_address, estimated_delivery_date) VALUES (130, 213, 3, 8, 'delivered', 'TRACK213292', '91076 Dinh Wells', CURRENT_DATE + INTERVAL '2 days');
INSERT INTO orders (order_id, user_id, order_date, required_date, shipped_date, ship_address_id, freight, status, total_amount) VALUES (214, 296, '2026-05-10 17:00:14', CURRENT_DATE + INTERVAL '3 days', NULL, 99, 25000.00, 'cancelled', 1575000.00);
INSERT INTO order_details (order_detail_id, order_id, product_id, quantity, price, discount, total_amount) VALUES (417, 214, 53, 2, 350000.00, 0.00, 700000.00);
INSERT INTO order_details (order_detail_id, order_id, product_id, quantity, price, discount, total_amount) VALUES (418, 214, 32, 1, 850000.00, 0.00, 850000.00);
INSERT INTO payments (payment_id, order_id, payment_method, payment_date, amount, status) VALUES (214, 214, 'MOMO', NULL, 1575000.00, 'failed');
INSERT INTO orders (order_id, user_id, order_date, required_date, shipped_date, ship_address_id, freight, status, total_amount) VALUES (215, 216, '2026-05-29 10:08:03', CURRENT_DATE + INTERVAL '3 days', NULL, 61, 15000.00, 'cancelled', 2870000.00);
INSERT INTO order_details (order_detail_id, order_id, product_id, quantity, price, discount, total_amount) VALUES (419, 215, 111, 2, 950000.00, 5.00, 1805000.00);
INSERT INTO order_details (order_detail_id, order_id, product_id, quantity, price, discount, total_amount) VALUES (420, 215, 33, 1, 1050000.00, 0.00, 1050000.00);
INSERT INTO payments (payment_id, order_id, payment_method, payment_date, amount, status) VALUES (215, 215, 'VNPAY', NULL, 2870000.00, 'failed');
INSERT INTO orders (order_id, user_id, order_date, required_date, shipped_date, ship_address_id, freight, status, total_amount) VALUES (216, 13, '2026-05-03 23:24:04', CURRENT_DATE + INTERVAL '3 days', NULL, 288, 30000.00, 'pending', 255000.00);
INSERT INTO order_details (order_detail_id, order_id, product_id, quantity, price, discount, total_amount) VALUES (421, 216, 181, 1, 250000.00, 10.00, 225000.00);
INSERT INTO payments (payment_id, order_id, payment_method, payment_date, amount, status) VALUES (216, 216, 'BANKING', NULL, 255000.00, 'pending');
INSERT INTO orders (order_id, user_id, order_date, required_date, shipped_date, ship_address_id, freight, status, total_amount) VALUES (217, 264, '2026-06-01 20:39:19', CURRENT_DATE + INTERVAL '3 days', NULL, 259, 15000.00, 'confirmed', 1652500.00);
INSERT INTO order_details (order_detail_id, order_id, product_id, quantity, price, discount, total_amount) VALUES (422, 217, 126, 1, 550000.00, 15.00, 467500.00);
INSERT INTO order_details (order_detail_id, order_id, product_id, quantity, price, discount, total_amount) VALUES (423, 217, 48, 2, 650000.00, 10.00, 1170000.00);
INSERT INTO payments (payment_id, order_id, payment_method, payment_date, amount, status) VALUES (217, 217, 'COD', NULL, 1652500.00, 'pending');
INSERT INTO deliveries (delivery_id, order_id, carrier_id, shipper_id, delivery_status, tracking_num, ship_address, estimated_delivery_date) VALUES (131, 217, 1, 42, 'picking', 'TRACK217449', '136 Dinh Burgs', CURRENT_DATE + INTERVAL '2 days');
INSERT INTO orders (order_id, user_id, order_date, required_date, shipped_date, ship_address_id, freight, status, total_amount) VALUES (218, 281, '2026-05-11 07:51:16', CURRENT_DATE + INTERVAL '3 days', NULL, 331, 20000.00, 'shipping', 852500.00);
INSERT INTO order_details (order_detail_id, order_id, product_id, quantity, price, discount, total_amount) VALUES (424, 218, 115, 1, 450000.00, 15.00, 382500.00);
INSERT INTO order_details (order_detail_id, order_id, product_id, quantity, price, discount, total_amount) VALUES (425, 218, 97, 2, 250000.00, 10.00, 450000.00);
INSERT INTO payments (payment_id, order_id, payment_method, payment_date, amount, status) VALUES (218, 218, 'VNPAY', NULL, 852500.00, 'pending');
INSERT INTO deliveries (delivery_id, order_id, carrier_id, shipper_id, delivery_status, tracking_num, ship_address, estimated_delivery_date) VALUES (132, 218, 1, 40, 'shipping', 'TRACK218332', '60577 Duong Key', CURRENT_DATE + INTERVAL '2 days');
INSERT INTO orders (order_id, user_id, order_date, required_date, shipped_date, ship_address_id, freight, status, total_amount) VALUES (219, 273, '2026-05-30 15:57:23', CURRENT_DATE + INTERVAL '3 days', NULL, 355, 25000.00, 'pending', 3787500.00);
INSERT INTO order_details (order_detail_id, order_id, product_id, quantity, price, discount, total_amount) VALUES (426, 219, 23, 2, 1050000.00, 0.00, 2100000.00);
INSERT INTO order_details (order_detail_id, order_id, product_id, quantity, price, discount, total_amount) VALUES (427, 219, 180, 2, 450000.00, 5.00, 855000.00);
INSERT INTO order_details (order_detail_id, order_id, product_id, quantity, price, discount, total_amount) VALUES (428, 219, 184, 1, 950000.00, 15.00, 807500.00);
INSERT INTO payments (payment_id, order_id, payment_method, payment_date, amount, status) VALUES (219, 219, 'PAYPAL', NULL, 3787500.00, 'pending');
INSERT INTO orders (order_id, user_id, order_date, required_date, shipped_date, ship_address_id, freight, status, total_amount) VALUES (220, 253, '2026-05-20 11:49:29', CURRENT_DATE + INTERVAL '3 days', NULL, 388, 20000.00, 'cancelled', 1045000.00);
INSERT INTO order_details (order_detail_id, order_id, product_id, quantity, price, discount, total_amount) VALUES (429, 220, 88, 2, 250000.00, 5.00, 475000.00);
INSERT INTO order_details (order_detail_id, order_id, product_id, quantity, price, discount, total_amount) VALUES (430, 220, 44, 1, 550000.00, 0.00, 550000.00);
INSERT INTO payments (payment_id, order_id, payment_method, payment_date, amount, status) VALUES (220, 220, 'MOMO', NULL, 1045000.00, 'failed');
INSERT INTO orders (order_id, user_id, order_date, required_date, shipped_date, ship_address_id, freight, status, total_amount) VALUES (221, 38, '2026-05-12 06:05:28', CURRENT_DATE + INTERVAL '3 days', NULL, 258, 20000.00, 'confirmed', 1280000.00);
INSERT INTO order_details (order_detail_id, order_id, product_id, quantity, price, discount, total_amount) VALUES (431, 221, 190, 2, 450000.00, 10.00, 810000.00);
INSERT INTO order_details (order_detail_id, order_id, product_id, quantity, price, discount, total_amount) VALUES (432, 221, 86, 2, 250000.00, 10.00, 450000.00);
INSERT INTO payments (payment_id, order_id, payment_method, payment_date, amount, status) VALUES (221, 221, 'COD', NULL, 1280000.00, 'pending');
INSERT INTO deliveries (delivery_id, order_id, carrier_id, shipper_id, delivery_status, tracking_num, ship_address, estimated_delivery_date) VALUES (133, 221, 4, 11, 'picking', 'TRACK221255', '520 Dinh Green', CURRENT_DATE + INTERVAL '2 days');
INSERT INTO orders (order_id, user_id, order_date, required_date, shipped_date, ship_address_id, freight, status, total_amount) VALUES (222, 280, '2026-05-29 13:54:11', CURRENT_DATE + INTERVAL '3 days', CURRENT_DATE, 188, 30000.00, 'delivered', 3070000.00);
INSERT INTO order_details (order_detail_id, order_id, product_id, quantity, price, discount, total_amount) VALUES (433, 222, 17, 2, 750000.00, 5.00, 1425000.00);
INSERT INTO order_details (order_detail_id, order_id, product_id, quantity, price, discount, total_amount) VALUES (434, 222, 61, 2, 950000.00, 15.00, 1615000.00);
INSERT INTO payments (payment_id, order_id, payment_method, payment_date, amount, status) VALUES (222, 222, 'PAYPAL', CURRENT_TIMESTAMP, 3070000.00, 'completed');
INSERT INTO deliveries (delivery_id, order_id, carrier_id, shipper_id, delivery_status, tracking_num, ship_address, estimated_delivery_date) VALUES (134, 222, 2, 5, 'delivered', 'TRACK222964', '98335 Long Junction', CURRENT_DATE + INTERVAL '2 days');
INSERT INTO orders (order_id, user_id, order_date, required_date, shipped_date, ship_address_id, freight, status, total_amount) VALUES (223, 56, '2026-05-21 03:09:39', CURRENT_DATE + INTERVAL '3 days', NULL, 300, 20000.00, 'confirmed', 2775000.00);
INSERT INTO order_details (order_detail_id, order_id, product_id, quantity, price, discount, total_amount) VALUES (435, 223, 104, 2, 150000.00, 10.00, 270000.00);
INSERT INTO order_details (order_detail_id, order_id, product_id, quantity, price, discount, total_amount) VALUES (436, 223, 166, 2, 1050000.00, 15.00, 1785000.00);
INSERT INTO order_details (order_detail_id, order_id, product_id, quantity, price, discount, total_amount) VALUES (437, 223, 190, 2, 350000.00, 0.00, 700000.00);
INSERT INTO payments (payment_id, order_id, payment_method, payment_date, amount, status) VALUES (223, 223, 'MOMO', NULL, 2775000.00, 'pending');
INSERT INTO deliveries (delivery_id, order_id, carrier_id, shipper_id, delivery_status, tracking_num, ship_address, estimated_delivery_date) VALUES (135, 223, 2, 12, 'picking', 'TRACK223855', '92488 Ngo Courts', CURRENT_DATE + INTERVAL '2 days');
INSERT INTO orders (order_id, user_id, order_date, required_date, shipped_date, ship_address_id, freight, status, total_amount) VALUES (224, 135, '2026-05-08 19:04:49', CURRENT_DATE + INTERVAL '3 days', NULL, 183, 30000.00, 'pending', 2830000.00);
INSERT INTO order_details (order_detail_id, order_id, product_id, quantity, price, discount, total_amount) VALUES (438, 224, 183, 2, 350000.00, 15.00, 595000.00);
INSERT INTO order_details (order_detail_id, order_id, product_id, quantity, price, discount, total_amount) VALUES (439, 224, 174, 1, 350000.00, 10.00, 315000.00);
INSERT INTO order_details (order_detail_id, order_id, product_id, quantity, price, discount, total_amount) VALUES (440, 224, 171, 2, 1050000.00, 10.00, 1890000.00);
INSERT INTO payments (payment_id, order_id, payment_method, payment_date, amount, status) VALUES (224, 224, 'BANKING', NULL, 2830000.00, 'pending');
INSERT INTO orders (order_id, user_id, order_date, required_date, shipped_date, ship_address_id, freight, status, total_amount) VALUES (225, 3, '2026-05-07 23:38:58', CURRENT_DATE + INTERVAL '3 days', NULL, 205, 30000.00, 'pending', 2190000.00);
INSERT INTO order_details (order_detail_id, order_id, product_id, quantity, price, discount, total_amount) VALUES (441, 225, 70, 2, 250000.00, 10.00, 450000.00);
INSERT INTO order_details (order_detail_id, order_id, product_id, quantity, price, discount, total_amount) VALUES (442, 225, 66, 2, 950000.00, 10.00, 1710000.00);
INSERT INTO payments (payment_id, order_id, payment_method, payment_date, amount, status) VALUES (225, 225, 'BANKING', NULL, 2190000.00, 'pending');
INSERT INTO orders (order_id, user_id, order_date, required_date, shipped_date, ship_address_id, freight, status, total_amount) VALUES (226, 192, '2026-05-24 17:39:06', CURRENT_DATE + INTERVAL '3 days', NULL, 162, 25000.00, 'confirmed', 1197500.00);
INSERT INTO order_details (order_detail_id, order_id, product_id, quantity, price, discount, total_amount) VALUES (443, 226, 182, 1, 450000.00, 0.00, 450000.00);
INSERT INTO order_details (order_detail_id, order_id, product_id, quantity, price, discount, total_amount) VALUES (444, 226, 1, 1, 850000.00, 15.00, 722500.00);
INSERT INTO payments (payment_id, order_id, payment_method, payment_date, amount, status) VALUES (226, 226, 'BANKING', NULL, 1197500.00, 'pending');
INSERT INTO deliveries (delivery_id, order_id, carrier_id, shipper_id, delivery_status, tracking_num, ship_address, estimated_delivery_date) VALUES (136, 226, 2, 5, 'picking', 'TRACK226710', '32831 Mai Hills', CURRENT_DATE + INTERVAL '2 days');
INSERT INTO orders (order_id, user_id, order_date, required_date, shipped_date, ship_address_id, freight, status, total_amount) VALUES (227, 41, '2026-05-30 01:35:30', CURRENT_DATE + INTERVAL '3 days', NULL, 148, 35000.00, 'shipping', 1205000.00);
INSERT INTO order_details (order_detail_id, order_id, product_id, quantity, price, discount, total_amount) VALUES (445, 227, 65, 2, 650000.00, 10.00, 1170000.00);
INSERT INTO payments (payment_id, order_id, payment_method, payment_date, amount, status) VALUES (227, 227, 'BANKING', NULL, 1205000.00, 'pending');
INSERT INTO deliveries (delivery_id, order_id, carrier_id, shipper_id, delivery_status, tracking_num, ship_address, estimated_delivery_date) VALUES (137, 227, 1, 24, 'shipping', 'TRACK227818', '9560 Tam Plain', CURRENT_DATE + INTERVAL '2 days');
INSERT INTO orders (order_id, user_id, order_date, required_date, shipped_date, ship_address_id, freight, status, total_amount) VALUES (228, 51, '2026-05-16 09:38:54', CURRENT_DATE + INTERVAL '3 days', NULL, 82, 20000.00, 'confirmed', 685000.00);
INSERT INTO order_details (order_detail_id, order_id, product_id, quantity, price, discount, total_amount) VALUES (446, 228, 18, 2, 350000.00, 5.00, 665000.00);
INSERT INTO payments (payment_id, order_id, payment_method, payment_date, amount, status) VALUES (228, 228, 'BANKING', NULL, 685000.00, 'pending');
INSERT INTO deliveries (delivery_id, order_id, carrier_id, shipper_id, delivery_status, tracking_num, ship_address, estimated_delivery_date) VALUES (138, 228, 3, 37, 'picking', 'TRACK228608', '1669 Hoang Views', CURRENT_DATE + INTERVAL '2 days');
INSERT INTO orders (order_id, user_id, order_date, required_date, shipped_date, ship_address_id, freight, status, total_amount) VALUES (229, 125, '2026-05-12 05:40:35', CURRENT_DATE + INTERVAL '3 days', NULL, 148, 20000.00, 'cancelled', 685000.00);
INSERT INTO order_details (order_detail_id, order_id, product_id, quantity, price, discount, total_amount) VALUES (447, 229, 55, 2, 350000.00, 5.00, 665000.00);
INSERT INTO payments (payment_id, order_id, payment_method, payment_date, amount, status) VALUES (229, 229, 'VNPAY', NULL, 685000.00, 'failed');
INSERT INTO orders (order_id, user_id, order_date, required_date, shipped_date, ship_address_id, freight, status, total_amount) VALUES (230, 284, '2026-05-10 10:10:53', CURRENT_DATE + INTERVAL '3 days', NULL, 301, 15000.00, 'pending', 2340000.00);
INSERT INTO order_details (order_detail_id, order_id, product_id, quantity, price, discount, total_amount) VALUES (448, 230, 167, 1, 250000.00, 10.00, 225000.00);
INSERT INTO order_details (order_detail_id, order_id, product_id, quantity, price, discount, total_amount) VALUES (449, 230, 139, 1, 350000.00, 10.00, 315000.00);
INSERT INTO order_details (order_detail_id, order_id, product_id, quantity, price, discount, total_amount) VALUES (450, 230, 6, 2, 1050000.00, 15.00, 1785000.00);
INSERT INTO payments (payment_id, order_id, payment_method, payment_date, amount, status) VALUES (230, 230, 'COD', NULL, 2340000.00, 'pending');
INSERT INTO orders (order_id, user_id, order_date, required_date, shipped_date, ship_address_id, freight, status, total_amount) VALUES (231, 213, '2026-05-22 15:47:13', CURRENT_DATE + INTERVAL '3 days', NULL, 54, 30000.00, 'cancelled', 752500.00);
INSERT INTO order_details (order_detail_id, order_id, product_id, quantity, price, discount, total_amount) VALUES (451, 231, 193, 1, 850000.00, 15.00, 722500.00);
INSERT INTO payments (payment_id, order_id, payment_method, payment_date, amount, status) VALUES (231, 231, 'MOMO', NULL, 752500.00, 'failed');
INSERT INTO orders (order_id, user_id, order_date, required_date, shipped_date, ship_address_id, freight, status, total_amount) VALUES (232, 176, '2026-05-16 17:50:05', CURRENT_DATE + INTERVAL '3 days', CURRENT_DATE, 329, 20000.00, 'delivered', 1410000.00);
INSERT INTO order_details (order_detail_id, order_id, product_id, quantity, price, discount, total_amount) VALUES (452, 232, 108, 1, 450000.00, 10.00, 405000.00);
INSERT INTO order_details (order_detail_id, order_id, product_id, quantity, price, discount, total_amount) VALUES (453, 232, 3, 1, 150000.00, 10.00, 135000.00);
INSERT INTO order_details (order_detail_id, order_id, product_id, quantity, price, discount, total_amount) VALUES (454, 232, 139, 1, 850000.00, 0.00, 850000.00);
INSERT INTO payments (payment_id, order_id, payment_method, payment_date, amount, status) VALUES (232, 232, 'VNPAY', CURRENT_TIMESTAMP, 1410000.00, 'completed');
INSERT INTO deliveries (delivery_id, order_id, carrier_id, shipper_id, delivery_status, tracking_num, ship_address, estimated_delivery_date) VALUES (139, 232, 4, 35, 'delivered', 'TRACK232691', '97725 Ngo Falls', CURRENT_DATE + INTERVAL '2 days');
INSERT INTO orders (order_id, user_id, order_date, required_date, shipped_date, ship_address_id, freight, status, total_amount) VALUES (233, 73, '2026-05-19 22:47:38', CURRENT_DATE + INTERVAL '3 days', NULL, 181, 20000.00, 'cancelled', 1490000.00);
INSERT INTO order_details (order_detail_id, order_id, product_id, quantity, price, discount, total_amount) VALUES (455, 233, 62, 2, 250000.00, 15.00, 425000.00);
INSERT INTO order_details (order_detail_id, order_id, product_id, quantity, price, discount, total_amount) VALUES (456, 233, 120, 2, 550000.00, 5.00, 1045000.00);
INSERT INTO payments (payment_id, order_id, payment_method, payment_date, amount, status) VALUES (233, 233, 'COD', NULL, 1490000.00, 'failed');
INSERT INTO orders (order_id, user_id, order_date, required_date, shipped_date, ship_address_id, freight, status, total_amount) VALUES (234, 257, '2026-05-05 00:31:59', CURRENT_DATE + INTERVAL '3 days', NULL, 383, 30000.00, 'confirmed', 965000.00);
INSERT INTO order_details (order_detail_id, order_id, product_id, quantity, price, discount, total_amount) VALUES (457, 234, 116, 2, 550000.00, 15.00, 935000.00);
INSERT INTO payments (payment_id, order_id, payment_method, payment_date, amount, status) VALUES (234, 234, 'PAYPAL', NULL, 965000.00, 'pending');
INSERT INTO deliveries (delivery_id, order_id, carrier_id, shipper_id, delivery_status, tracking_num, ship_address, estimated_delivery_date) VALUES (140, 234, 4, 25, 'picking', 'TRACK234575', '706 Ho Trace', CURRENT_DATE + INTERVAL '2 days');
INSERT INTO orders (order_id, user_id, order_date, required_date, shipped_date, ship_address_id, freight, status, total_amount) VALUES (235, 287, '2026-05-08 20:26:35', CURRENT_DATE + INTERVAL '3 days', NULL, 241, 25000.00, 'shipping', 160000.00);
INSERT INTO order_details (order_detail_id, order_id, product_id, quantity, price, discount, total_amount) VALUES (458, 235, 130, 1, 150000.00, 10.00, 135000.00);
INSERT INTO payments (payment_id, order_id, payment_method, payment_date, amount, status) VALUES (235, 235, 'VNPAY', NULL, 160000.00, 'pending');
INSERT INTO deliveries (delivery_id, order_id, carrier_id, shipper_id, delivery_status, tracking_num, ship_address, estimated_delivery_date) VALUES (141, 235, 1, 24, 'shipping', 'TRACK235187', '4998 Ho Rapids', CURRENT_DATE + INTERVAL '2 days');
INSERT INTO orders (order_id, user_id, order_date, required_date, shipped_date, ship_address_id, freight, status, total_amount) VALUES (236, 241, '2026-05-26 09:33:18', CURRENT_DATE + INTERVAL '3 days', NULL, 141, 15000.00, 'cancelled', 837500.00);
INSERT INTO order_details (order_detail_id, order_id, product_id, quantity, price, discount, total_amount) VALUES (459, 236, 131, 2, 150000.00, 0.00, 300000.00);
INSERT INTO order_details (order_detail_id, order_id, product_id, quantity, price, discount, total_amount) VALUES (460, 236, 161, 1, 550000.00, 5.00, 522500.00);
INSERT INTO payments (payment_id, order_id, payment_method, payment_date, amount, status) VALUES (236, 236, 'VNPAY', NULL, 837500.00, 'failed');
INSERT INTO orders (order_id, user_id, order_date, required_date, shipped_date, ship_address_id, freight, status, total_amount) VALUES (237, 92, '2026-05-19 22:30:26', CURRENT_DATE + INTERVAL '3 days', CURRENT_DATE, 370, 20000.00, 'delivered', 1367500.00);
INSERT INTO order_details (order_detail_id, order_id, product_id, quantity, price, discount, total_amount) VALUES (461, 237, 133, 1, 750000.00, 15.00, 637500.00);
INSERT INTO order_details (order_detail_id, order_id, product_id, quantity, price, discount, total_amount) VALUES (462, 237, 171, 2, 150000.00, 5.00, 285000.00);
INSERT INTO order_details (order_detail_id, order_id, product_id, quantity, price, discount, total_amount) VALUES (463, 237, 154, 2, 250000.00, 15.00, 425000.00);
INSERT INTO payments (payment_id, order_id, payment_method, payment_date, amount, status) VALUES (237, 237, 'MOMO', CURRENT_TIMESTAMP, 1367500.00, 'completed');
INSERT INTO deliveries (delivery_id, order_id, carrier_id, shipper_id, delivery_status, tracking_num, ship_address, estimated_delivery_date) VALUES (142, 237, 4, 30, 'delivered', 'TRACK237082', '3774 Tran Turnpike', CURRENT_DATE + INTERVAL '2 days');
INSERT INTO orders (order_id, user_id, order_date, required_date, shipped_date, ship_address_id, freight, status, total_amount) VALUES (238, 187, '2026-05-07 04:52:23', CURRENT_DATE + INTERVAL '3 days', NULL, 23, 15000.00, 'shipping', 1365000.00);
INSERT INTO order_details (order_detail_id, order_id, product_id, quantity, price, discount, total_amount) VALUES (464, 238, 173, 2, 150000.00, 0.00, 300000.00);
INSERT INTO order_details (order_detail_id, order_id, product_id, quantity, price, discount, total_amount) VALUES (465, 238, 154, 1, 1050000.00, 0.00, 1050000.00);
INSERT INTO payments (payment_id, order_id, payment_method, payment_date, amount, status) VALUES (238, 238, 'MOMO', NULL, 1365000.00, 'pending');
INSERT INTO deliveries (delivery_id, order_id, carrier_id, shipper_id, delivery_status, tracking_num, ship_address, estimated_delivery_date) VALUES (143, 238, 1, 41, 'shipping', 'TRACK238039', '2430 Tien Crescent', CURRENT_DATE + INTERVAL '2 days');
INSERT INTO orders (order_id, user_id, order_date, required_date, shipped_date, ship_address_id, freight, status, total_amount) VALUES (239, 4, '2026-05-20 11:03:40', CURRENT_DATE + INTERVAL '3 days', NULL, 110, 15000.00, 'confirmed', 3415000.00);
INSERT INTO order_details (order_detail_id, order_id, product_id, quantity, price, discount, total_amount) VALUES (466, 239, 51, 2, 950000.00, 15.00, 1615000.00);
INSERT INTO order_details (order_detail_id, order_id, product_id, quantity, price, discount, total_amount) VALUES (467, 239, 90, 2, 1050000.00, 15.00, 1785000.00);
INSERT INTO payments (payment_id, order_id, payment_method, payment_date, amount, status) VALUES (239, 239, 'COD', NULL, 3415000.00, 'pending');
INSERT INTO deliveries (delivery_id, order_id, carrier_id, shipper_id, delivery_status, tracking_num, ship_address, estimated_delivery_date) VALUES (144, 239, 1, 15, 'picking', 'TRACK239036', '955 Dinh Burgs', CURRENT_DATE + INTERVAL '2 days');
INSERT INTO orders (order_id, user_id, order_date, required_date, shipped_date, ship_address_id, freight, status, total_amount) VALUES (240, 233, '2026-05-13 04:17:43', CURRENT_DATE + INTERVAL '3 days', NULL, 315, 35000.00, 'cancelled', 1685000.00);
INSERT INTO order_details (order_detail_id, order_id, product_id, quantity, price, discount, total_amount) VALUES (468, 240, 162, 2, 350000.00, 0.00, 700000.00);
INSERT INTO order_details (order_detail_id, order_id, product_id, quantity, price, discount, total_amount) VALUES (469, 240, 62, 1, 950000.00, 0.00, 950000.00);
INSERT INTO payments (payment_id, order_id, payment_method, payment_date, amount, status) VALUES (240, 240, 'VNPAY', NULL, 1685000.00, 'failed');
INSERT INTO orders (order_id, user_id, order_date, required_date, shipped_date, ship_address_id, freight, status, total_amount) VALUES (241, 200, '2026-05-05 18:50:43', CURRENT_DATE + INTERVAL '3 days', NULL, 116, 30000.00, 'cancelled', 525000.00);
INSERT INTO order_details (order_detail_id, order_id, product_id, quantity, price, discount, total_amount) VALUES (470, 241, 82, 1, 550000.00, 10.00, 495000.00);
INSERT INTO payments (payment_id, order_id, payment_method, payment_date, amount, status) VALUES (241, 241, 'MOMO', NULL, 525000.00, 'failed');
INSERT INTO orders (order_id, user_id, order_date, required_date, shipped_date, ship_address_id, freight, status, total_amount) VALUES (242, 253, '2026-05-07 19:05:09', CURRENT_DATE + INTERVAL '3 days', NULL, 36, 35000.00, 'cancelled', 1135000.00);
INSERT INTO order_details (order_detail_id, order_id, product_id, quantity, price, discount, total_amount) VALUES (471, 242, 157, 2, 550000.00, 0.00, 1100000.00);
INSERT INTO payments (payment_id, order_id, payment_method, payment_date, amount, status) VALUES (242, 242, 'COD', NULL, 1135000.00, 'failed');
INSERT INTO orders (order_id, user_id, order_date, required_date, shipped_date, ship_address_id, freight, status, total_amount) VALUES (243, 167, '2026-05-08 03:09:46', CURRENT_DATE + INTERVAL '3 days', NULL, 77, 35000.00, 'shipping', 757500.00);
INSERT INTO order_details (order_detail_id, order_id, product_id, quantity, price, discount, total_amount) VALUES (472, 243, 118, 1, 850000.00, 15.00, 722500.00);
INSERT INTO payments (payment_id, order_id, payment_method, payment_date, amount, status) VALUES (243, 243, 'PAYPAL', NULL, 757500.00, 'pending');
INSERT INTO deliveries (delivery_id, order_id, carrier_id, shipper_id, delivery_status, tracking_num, ship_address, estimated_delivery_date) VALUES (145, 243, 1, 10, 'shipping', 'TRACK243871', '8053 Hai Hill', CURRENT_DATE + INTERVAL '2 days');
INSERT INTO orders (order_id, user_id, order_date, required_date, shipped_date, ship_address_id, freight, status, total_amount) VALUES (244, 125, '2026-05-11 18:41:55', CURRENT_DATE + INTERVAL '3 days', CURRENT_DATE, 228, 25000.00, 'delivered', 1640000.00);
INSERT INTO order_details (order_detail_id, order_id, product_id, quantity, price, discount, total_amount) VALUES (473, 244, 11, 2, 850000.00, 5.00, 1615000.00);
INSERT INTO payments (payment_id, order_id, payment_method, payment_date, amount, status) VALUES (244, 244, 'BANKING', CURRENT_TIMESTAMP, 1640000.00, 'completed');
INSERT INTO deliveries (delivery_id, order_id, carrier_id, shipper_id, delivery_status, tracking_num, ship_address, estimated_delivery_date) VALUES (146, 244, 3, 42, 'delivered', 'TRACK244816', '9285 Van Crossroad', CURRENT_DATE + INTERVAL '2 days');
INSERT INTO orders (order_id, user_id, order_date, required_date, shipped_date, ship_address_id, freight, status, total_amount) VALUES (245, 100, '2026-05-05 20:50:07', CURRENT_DATE + INTERVAL '3 days', NULL, 329, 25000.00, 'pending', 1427500.00);
INSERT INTO order_details (order_detail_id, order_id, product_id, quantity, price, discount, total_amount) VALUES (474, 245, 148, 1, 450000.00, 10.00, 405000.00);
INSERT INTO order_details (order_detail_id, order_id, product_id, quantity, price, discount, total_amount) VALUES (475, 245, 182, 1, 1050000.00, 5.00, 997500.00);
INSERT INTO payments (payment_id, order_id, payment_method, payment_date, amount, status) VALUES (245, 245, 'MOMO', NULL, 1427500.00, 'pending');
INSERT INTO orders (order_id, user_id, order_date, required_date, shipped_date, ship_address_id, freight, status, total_amount) VALUES (246, 67, '2026-05-30 00:10:29', CURRENT_DATE + INTERVAL '3 days', NULL, 59, 35000.00, 'pending', 700000.00);
INSERT INTO order_details (order_detail_id, order_id, product_id, quantity, price, discount, total_amount) VALUES (476, 246, 129, 2, 350000.00, 5.00, 665000.00);
INSERT INTO payments (payment_id, order_id, payment_method, payment_date, amount, status) VALUES (246, 246, 'PAYPAL', NULL, 700000.00, 'pending');
INSERT INTO orders (order_id, user_id, order_date, required_date, shipped_date, ship_address_id, freight, status, total_amount) VALUES (247, 282, '2026-05-07 10:44:02', CURRENT_DATE + INTERVAL '3 days', NULL, 197, 35000.00, 'cancelled', 800000.00);
INSERT INTO order_details (order_detail_id, order_id, product_id, quantity, price, discount, total_amount) VALUES (477, 247, 144, 2, 450000.00, 15.00, 765000.00);
INSERT INTO payments (payment_id, order_id, payment_method, payment_date, amount, status) VALUES (247, 247, 'PAYPAL', NULL, 800000.00, 'failed');
INSERT INTO orders (order_id, user_id, order_date, required_date, shipped_date, ship_address_id, freight, status, total_amount) VALUES (248, 269, '2026-05-23 06:03:19', CURRENT_DATE + INTERVAL '3 days', NULL, 260, 30000.00, 'cancelled', 3120000.00);
INSERT INTO order_details (order_detail_id, order_id, product_id, quantity, price, discount, total_amount) VALUES (478, 248, 21, 2, 1050000.00, 10.00, 1890000.00);
INSERT INTO order_details (order_detail_id, order_id, product_id, quantity, price, discount, total_amount) VALUES (479, 248, 161, 2, 250000.00, 0.00, 500000.00);
INSERT INTO order_details (order_detail_id, order_id, product_id, quantity, price, discount, total_amount) VALUES (480, 248, 85, 2, 350000.00, 0.00, 700000.00);
INSERT INTO payments (payment_id, order_id, payment_method, payment_date, amount, status) VALUES (248, 248, 'COD', NULL, 3120000.00, 'failed');
INSERT INTO orders (order_id, user_id, order_date, required_date, shipped_date, ship_address_id, freight, status, total_amount) VALUES (249, 193, '2026-05-19 07:20:16', CURRENT_DATE + INTERVAL '3 days', NULL, 335, 30000.00, 'shipping', 1835000.00);
INSERT INTO order_details (order_detail_id, order_id, product_id, quantity, price, discount, total_amount) VALUES (481, 249, 19, 2, 950000.00, 5.00, 1805000.00);
INSERT INTO payments (payment_id, order_id, payment_method, payment_date, amount, status) VALUES (249, 249, 'VNPAY', NULL, 1835000.00, 'pending');
INSERT INTO deliveries (delivery_id, order_id, carrier_id, shipper_id, delivery_status, tracking_num, ship_address, estimated_delivery_date) VALUES (147, 249, 4, 22, 'shipping', 'TRACK249688', '42703 Thuy Turnpike', CURRENT_DATE + INTERVAL '2 days');
INSERT INTO orders (order_id, user_id, order_date, required_date, shipped_date, ship_address_id, freight, status, total_amount) VALUES (250, 199, '2026-05-04 09:35:04', CURRENT_DATE + INTERVAL '3 days', NULL, 439, 35000.00, 'confirmed', 485000.00);
INSERT INTO order_details (order_detail_id, order_id, product_id, quantity, price, discount, total_amount) VALUES (482, 250, 122, 1, 450000.00, 0.00, 450000.00);
INSERT INTO payments (payment_id, order_id, payment_method, payment_date, amount, status) VALUES (250, 250, 'VNPAY', NULL, 485000.00, 'pending');
INSERT INTO deliveries (delivery_id, order_id, carrier_id, shipper_id, delivery_status, tracking_num, ship_address, estimated_delivery_date) VALUES (148, 250, 3, 46, 'picking', 'TRACK250145', '5205 Dao Circles', CURRENT_DATE + INTERVAL '2 days');
INSERT INTO orders (order_id, user_id, order_date, required_date, shipped_date, ship_address_id, freight, status, total_amount) VALUES (251, 74, '2026-05-07 06:12:24', CURRENT_DATE + INTERVAL '3 days', NULL, 141, 15000.00, 'pending', 142500.00);
INSERT INTO order_details (order_detail_id, order_id, product_id, quantity, price, discount, total_amount) VALUES (483, 251, 185, 1, 150000.00, 15.00, 127500.00);
INSERT INTO payments (payment_id, order_id, payment_method, payment_date, amount, status) VALUES (251, 251, 'COD', NULL, 142500.00, 'pending');
INSERT INTO orders (order_id, user_id, order_date, required_date, shipped_date, ship_address_id, freight, status, total_amount) VALUES (252, 37, '2026-05-11 09:11:55', CURRENT_DATE + INTERVAL '3 days', CURRENT_DATE, 270, 15000.00, 'delivered', 1265000.00);
INSERT INTO order_details (order_detail_id, order_id, product_id, quantity, price, discount, total_amount) VALUES (484, 252, 200, 1, 950000.00, 0.00, 950000.00);
INSERT INTO order_details (order_detail_id, order_id, product_id, quantity, price, discount, total_amount) VALUES (485, 252, 165, 2, 150000.00, 0.00, 300000.00);
INSERT INTO payments (payment_id, order_id, payment_method, payment_date, amount, status) VALUES (252, 252, 'VNPAY', CURRENT_TIMESTAMP, 1265000.00, 'completed');
INSERT INTO deliveries (delivery_id, order_id, carrier_id, shipper_id, delivery_status, tracking_num, ship_address, estimated_delivery_date) VALUES (149, 252, 4, 17, 'delivered', 'TRACK252112', '52366 Vuong Crest', CURRENT_DATE + INTERVAL '2 days');
INSERT INTO reviews (review_id, user_id, product_id, rating, comment, review_date) VALUES (252, 37, 197, 5, 'San pham dong goi can than, giao hang Gen Z sieu nhanh, chat luong tuyet voi so voi tam gia!', '2026-05-11 09:11:55');
INSERT INTO orders (order_id, user_id, order_date, required_date, shipped_date, ship_address_id, freight, status, total_amount) VALUES (253, 248, '2026-05-31 06:19:39', CURRENT_DATE + INTERVAL '3 days', NULL, 377, 15000.00, 'confirmed', 870000.00);
INSERT INTO order_details (order_detail_id, order_id, product_id, quantity, price, discount, total_amount) VALUES (486, 253, 96, 2, 150000.00, 10.00, 270000.00);
INSERT INTO order_details (order_detail_id, order_id, product_id, quantity, price, discount, total_amount) VALUES (487, 253, 109, 1, 650000.00, 10.00, 585000.00);
INSERT INTO payments (payment_id, order_id, payment_method, payment_date, amount, status) VALUES (253, 253, 'BANKING', NULL, 870000.00, 'pending');
INSERT INTO deliveries (delivery_id, order_id, carrier_id, shipper_id, delivery_status, tracking_num, ship_address, estimated_delivery_date) VALUES (150, 253, 1, 47, 'picking', 'TRACK253106', '29114 Thang Forest', CURRENT_DATE + INTERVAL '2 days');
INSERT INTO orders (order_id, user_id, order_date, required_date, shipped_date, ship_address_id, freight, status, total_amount) VALUES (254, 96, '2026-05-27 00:09:06', CURRENT_DATE + INTERVAL '3 days', NULL, 34, 20000.00, 'cancelled', 2965000.00);
INSERT INTO order_details (order_detail_id, order_id, product_id, quantity, price, discount, total_amount) VALUES (488, 254, 180, 2, 950000.00, 0.00, 1900000.00);
INSERT INTO order_details (order_detail_id, order_id, product_id, quantity, price, discount, total_amount) VALUES (489, 254, 76, 2, 550000.00, 5.00, 1045000.00);
INSERT INTO payments (payment_id, order_id, payment_method, payment_date, amount, status) VALUES (254, 254, 'MOMO', NULL, 2965000.00, 'failed');
INSERT INTO orders (order_id, user_id, order_date, required_date, shipped_date, ship_address_id, freight, status, total_amount) VALUES (255, 22, '2026-05-26 16:33:37', CURRENT_DATE + INTERVAL '3 days', CURRENT_DATE, 379, 15000.00, 'delivered', 420000.00);
INSERT INTO order_details (order_detail_id, order_id, product_id, quantity, price, discount, total_amount) VALUES (490, 255, 154, 1, 450000.00, 10.00, 405000.00);
INSERT INTO payments (payment_id, order_id, payment_method, payment_date, amount, status) VALUES (255, 255, 'COD', CURRENT_TIMESTAMP, 420000.00, 'completed');
INSERT INTO deliveries (delivery_id, order_id, carrier_id, shipper_id, delivery_status, tracking_num, ship_address, estimated_delivery_date) VALUES (151, 255, 2, 29, 'delivered', 'TRACK255946', '495 Nhung Green', CURRENT_DATE + INTERVAL '2 days');
INSERT INTO reviews (review_id, user_id, product_id, rating, comment, review_date) VALUES (255, 22, 1, 4, 'San pham dong goi can than, giao hang Gen Z sieu nhanh, chat luong tuyet voi so voi tam gia!', '2026-05-26 16:33:37');
INSERT INTO orders (order_id, user_id, order_date, required_date, shipped_date, ship_address_id, freight, status, total_amount) VALUES (256, 150, '2026-05-08 17:46:00', CURRENT_DATE + INTERVAL '3 days', CURRENT_DATE, 214, 25000.00, 'delivered', 1182500.00);
INSERT INTO order_details (order_detail_id, order_id, product_id, quantity, price, discount, total_amount) VALUES (491, 256, 155, 1, 350000.00, 0.00, 350000.00);
INSERT INTO order_details (order_detail_id, order_id, product_id, quantity, price, discount, total_amount) VALUES (492, 256, 132, 1, 950000.00, 15.00, 807500.00);
INSERT INTO payments (payment_id, order_id, payment_method, payment_date, amount, status) VALUES (256, 256, 'COD', CURRENT_TIMESTAMP, 1182500.00, 'completed');
INSERT INTO deliveries (delivery_id, order_id, carrier_id, shipper_id, delivery_status, tracking_num, ship_address, estimated_delivery_date) VALUES (152, 256, 3, 19, 'delivered', 'TRACK256320', '31166 Dang Plains', CURRENT_DATE + INTERVAL '2 days');
INSERT INTO orders (order_id, user_id, order_date, required_date, shipped_date, ship_address_id, freight, status, total_amount) VALUES (257, 6, '2026-05-15 13:36:02', CURRENT_DATE + INTERVAL '3 days', NULL, 90, 20000.00, 'confirmed', 1965000.00);
INSERT INTO order_details (order_detail_id, order_id, product_id, quantity, price, discount, total_amount) VALUES (493, 257, 163, 2, 250000.00, 0.00, 500000.00);
INSERT INTO order_details (order_detail_id, order_id, product_id, quantity, price, discount, total_amount) VALUES (494, 257, 108, 2, 850000.00, 15.00, 1445000.00);
INSERT INTO payments (payment_id, order_id, payment_method, payment_date, amount, status) VALUES (257, 257, 'MOMO', NULL, 1965000.00, 'pending');
INSERT INTO deliveries (delivery_id, order_id, carrier_id, shipper_id, delivery_status, tracking_num, ship_address, estimated_delivery_date) VALUES (153, 257, 3, 22, 'picking', 'TRACK257326', '608 Doan Square', CURRENT_DATE + INTERVAL '2 days');
INSERT INTO orders (order_id, user_id, order_date, required_date, shipped_date, ship_address_id, freight, status, total_amount) VALUES (258, 106, '2026-05-18 17:54:00', CURRENT_DATE + INTERVAL '3 days', CURRENT_DATE, 262, 20000.00, 'delivered', 1655000.00);
INSERT INTO order_details (order_detail_id, order_id, product_id, quantity, price, discount, total_amount) VALUES (495, 258, 90, 2, 150000.00, 5.00, 285000.00);
INSERT INTO order_details (order_detail_id, order_id, product_id, quantity, price, discount, total_amount) VALUES (496, 258, 140, 2, 750000.00, 10.00, 1350000.00);
INSERT INTO payments (payment_id, order_id, payment_method, payment_date, amount, status) VALUES (258, 258, 'COD', CURRENT_TIMESTAMP, 1655000.00, 'completed');
INSERT INTO deliveries (delivery_id, order_id, carrier_id, shipper_id, delivery_status, tracking_num, ship_address, estimated_delivery_date) VALUES (154, 258, 4, 26, 'delivered', 'TRACK258936', '824 Dao Port', CURRENT_DATE + INTERVAL '2 days');
INSERT INTO orders (order_id, user_id, order_date, required_date, shipped_date, ship_address_id, freight, status, total_amount) VALUES (259, 59, '2026-05-13 16:09:38', CURRENT_DATE + INTERVAL '3 days', NULL, 283, 15000.00, 'confirmed', 2460000.00);
INSERT INTO order_details (order_detail_id, order_id, product_id, quantity, price, discount, total_amount) VALUES (497, 259, 54, 1, 450000.00, 10.00, 405000.00);
INSERT INTO order_details (order_detail_id, order_id, product_id, quantity, price, discount, total_amount) VALUES (498, 259, 21, 2, 850000.00, 5.00, 1615000.00);
INSERT INTO order_details (order_detail_id, order_id, product_id, quantity, price, discount, total_amount) VALUES (499, 259, 38, 2, 250000.00, 15.00, 425000.00);
INSERT INTO payments (payment_id, order_id, payment_method, payment_date, amount, status) VALUES (259, 259, 'MOMO', NULL, 2460000.00, 'pending');
INSERT INTO deliveries (delivery_id, order_id, carrier_id, shipper_id, delivery_status, tracking_num, ship_address, estimated_delivery_date) VALUES (155, 259, 3, 44, 'picking', 'TRACK259409', '174 Bui Union', CURRENT_DATE + INTERVAL '2 days');
INSERT INTO orders (order_id, user_id, order_date, required_date, shipped_date, ship_address_id, freight, status, total_amount) VALUES (260, 153, '2026-05-24 11:06:04', CURRENT_DATE + INTERVAL '3 days', NULL, 124, 25000.00, 'shipping', 960000.00);
INSERT INTO order_details (order_detail_id, order_id, product_id, quantity, price, discount, total_amount) VALUES (500, 260, 128, 2, 550000.00, 15.00, 935000.00);
INSERT INTO payments (payment_id, order_id, payment_method, payment_date, amount, status) VALUES (260, 260, 'VNPAY', NULL, 960000.00, 'pending');
INSERT INTO deliveries (delivery_id, order_id, carrier_id, shipper_id, delivery_status, tracking_num, ship_address, estimated_delivery_date) VALUES (156, 260, 2, 37, 'shipping', 'TRACK260263', '42407 Do Plains', CURRENT_DATE + INTERVAL '2 days');
INSERT INTO orders (order_id, user_id, order_date, required_date, shipped_date, ship_address_id, freight, status, total_amount) VALUES (261, 58, '2026-06-01 05:36:02', CURRENT_DATE + INTERVAL '3 days', NULL, 130, 25000.00, 'shipping', 1150000.00);
INSERT INTO order_details (order_detail_id, order_id, product_id, quantity, price, discount, total_amount) VALUES (501, 261, 33, 1, 750000.00, 10.00, 675000.00);
INSERT INTO order_details (order_detail_id, order_id, product_id, quantity, price, discount, total_amount) VALUES (502, 261, 131, 2, 250000.00, 10.00, 450000.00);
INSERT INTO payments (payment_id, order_id, payment_method, payment_date, amount, status) VALUES (261, 261, 'BANKING', NULL, 1150000.00, 'pending');
INSERT INTO deliveries (delivery_id, order_id, carrier_id, shipper_id, delivery_status, tracking_num, ship_address, estimated_delivery_date) VALUES (157, 261, 2, 7, 'shipping', 'TRACK261773', '043 Le Ranch', CURRENT_DATE + INTERVAL '2 days');
INSERT INTO orders (order_id, user_id, order_date, required_date, shipped_date, ship_address_id, freight, status, total_amount) VALUES (262, 146, '2026-05-07 16:54:52', CURRENT_DATE + INTERVAL '3 days', NULL, 387, 25000.00, 'cancelled', 2640000.00);
INSERT INTO order_details (order_detail_id, order_id, product_id, quantity, price, discount, total_amount) VALUES (503, 262, 67, 2, 950000.00, 15.00, 1615000.00);
INSERT INTO order_details (order_detail_id, order_id, product_id, quantity, price, discount, total_amount) VALUES (504, 262, 132, 1, 550000.00, 0.00, 550000.00);
INSERT INTO order_details (order_detail_id, order_id, product_id, quantity, price, discount, total_amount) VALUES (505, 262, 22, 1, 450000.00, 0.00, 450000.00);
INSERT INTO payments (payment_id, order_id, payment_method, payment_date, amount, status) VALUES (262, 262, 'PAYPAL', NULL, 2640000.00, 'failed');
INSERT INTO orders (order_id, user_id, order_date, required_date, shipped_date, ship_address_id, freight, status, total_amount) VALUES (263, 152, '2026-05-27 23:14:54', CURRENT_DATE + INTERVAL '3 days', CURRENT_DATE, 98, 25000.00, 'delivered', 3425000.00);
INSERT INTO order_details (order_detail_id, order_id, product_id, quantity, price, discount, total_amount) VALUES (506, 263, 123, 2, 1050000.00, 0.00, 2100000.00);
INSERT INTO order_details (order_detail_id, order_id, product_id, quantity, price, discount, total_amount) VALUES (507, 263, 48, 2, 650000.00, 0.00, 1300000.00);
INSERT INTO payments (payment_id, order_id, payment_method, payment_date, amount, status) VALUES (263, 263, 'VNPAY', CURRENT_TIMESTAMP, 3425000.00, 'completed');
INSERT INTO deliveries (delivery_id, order_id, carrier_id, shipper_id, delivery_status, tracking_num, ship_address, estimated_delivery_date) VALUES (158, 263, 1, 36, 'delivered', 'TRACK263756', '28057 Mai Skyway', CURRENT_DATE + INTERVAL '2 days');
INSERT INTO reviews (review_id, user_id, product_id, rating, comment, review_date) VALUES (263, 152, 173, 4, 'San pham dong goi can than, giao hang Gen Z sieu nhanh, chat luong tuyet voi so voi tam gia!', '2026-05-27 23:14:54');
INSERT INTO orders (order_id, user_id, order_date, required_date, shipped_date, ship_address_id, freight, status, total_amount) VALUES (264, 36, '2026-05-04 23:34:31', CURRENT_DATE + INTERVAL '3 days', NULL, 344, 20000.00, 'shipping', 1870000.00);
INSERT INTO order_details (order_detail_id, order_id, product_id, quantity, price, discount, total_amount) VALUES (508, 264, 144, 1, 750000.00, 0.00, 750000.00);
INSERT INTO order_details (order_detail_id, order_id, product_id, quantity, price, discount, total_amount) VALUES (509, 264, 19, 2, 550000.00, 0.00, 1100000.00);
INSERT INTO payments (payment_id, order_id, payment_method, payment_date, amount, status) VALUES (264, 264, 'VNPAY', NULL, 1870000.00, 'pending');
INSERT INTO deliveries (delivery_id, order_id, carrier_id, shipper_id, delivery_status, tracking_num, ship_address, estimated_delivery_date) VALUES (159, 264, 2, 41, 'shipping', 'TRACK264876', '491 Khang Port', CURRENT_DATE + INTERVAL '2 days');
INSERT INTO orders (order_id, user_id, order_date, required_date, shipped_date, ship_address_id, freight, status, total_amount) VALUES (265, 147, '2026-05-14 08:51:02', CURRENT_DATE + INTERVAL '3 days', CURRENT_DATE, 193, 35000.00, 'delivered', 800000.00);
INSERT INTO order_details (order_detail_id, order_id, product_id, quantity, price, discount, total_amount) VALUES (510, 265, 89, 2, 450000.00, 15.00, 765000.00);
INSERT INTO payments (payment_id, order_id, payment_method, payment_date, amount, status) VALUES (265, 265, 'PAYPAL', CURRENT_TIMESTAMP, 800000.00, 'completed');
INSERT INTO deliveries (delivery_id, order_id, carrier_id, shipper_id, delivery_status, tracking_num, ship_address, estimated_delivery_date) VALUES (160, 265, 3, 40, 'delivered', 'TRACK265284', '391 Pham Mountain', CURRENT_DATE + INTERVAL '2 days');
INSERT INTO reviews (review_id, user_id, product_id, rating, comment, review_date) VALUES (265, 147, 173, 5, 'San pham dong goi can than, giao hang Gen Z sieu nhanh, chat luong tuyet voi so voi tam gia!', '2026-05-14 08:51:02');
INSERT INTO orders (order_id, user_id, order_date, required_date, shipped_date, ship_address_id, freight, status, total_amount) VALUES (266, 61, '2026-05-11 21:39:59', CURRENT_DATE + INTERVAL '3 days', NULL, 182, 30000.00, 'shipping', 165000.00);
INSERT INTO order_details (order_detail_id, order_id, product_id, quantity, price, discount, total_amount) VALUES (511, 266, 184, 1, 150000.00, 10.00, 135000.00);
INSERT INTO payments (payment_id, order_id, payment_method, payment_date, amount, status) VALUES (266, 266, 'COD', NULL, 165000.00, 'pending');
INSERT INTO deliveries (delivery_id, order_id, carrier_id, shipper_id, delivery_status, tracking_num, ship_address, estimated_delivery_date) VALUES (161, 266, 1, 4, 'shipping', 'TRACK266125', '13494 Phan Forges', CURRENT_DATE + INTERVAL '2 days');
INSERT INTO orders (order_id, user_id, order_date, required_date, shipped_date, ship_address_id, freight, status, total_amount) VALUES (267, 296, '2026-05-09 17:45:30', CURRENT_DATE + INTERVAL '3 days', NULL, 292, 30000.00, 'confirmed', 780000.00);
INSERT INTO order_details (order_detail_id, order_id, product_id, quantity, price, discount, total_amount) VALUES (512, 267, 44, 1, 750000.00, 0.00, 750000.00);
INSERT INTO payments (payment_id, order_id, payment_method, payment_date, amount, status) VALUES (267, 267, 'MOMO', NULL, 780000.00, 'pending');
INSERT INTO deliveries (delivery_id, order_id, carrier_id, shipper_id, delivery_status, tracking_num, ship_address, estimated_delivery_date) VALUES (162, 267, 4, 17, 'picking', 'TRACK267271', '1193 Mai Road', CURRENT_DATE + INTERVAL '2 days');
INSERT INTO orders (order_id, user_id, order_date, required_date, shipped_date, ship_address_id, freight, status, total_amount) VALUES (268, 212, '2026-05-14 01:42:48', CURRENT_DATE + INTERVAL '3 days', NULL, 410, 30000.00, 'confirmed', 4012500.00);
INSERT INTO order_details (order_detail_id, order_id, product_id, quantity, price, discount, total_amount) VALUES (513, 268, 51, 2, 1050000.00, 5.00, 1995000.00);
INSERT INTO order_details (order_detail_id, order_id, product_id, quantity, price, discount, total_amount) VALUES (514, 268, 174, 1, 750000.00, 5.00, 712500.00);
INSERT INTO order_details (order_detail_id, order_id, product_id, quantity, price, discount, total_amount) VALUES (515, 268, 144, 2, 750000.00, 15.00, 1275000.00);
INSERT INTO payments (payment_id, order_id, payment_method, payment_date, amount, status) VALUES (268, 268, 'VNPAY', NULL, 4012500.00, 'pending');
INSERT INTO deliveries (delivery_id, order_id, carrier_id, shipper_id, delivery_status, tracking_num, ship_address, estimated_delivery_date) VALUES (163, 268, 1, 44, 'picking', 'TRACK268045', '738 Phung Valley', CURRENT_DATE + INTERVAL '2 days');
INSERT INTO orders (order_id, user_id, order_date, required_date, shipped_date, ship_address_id, freight, status, total_amount) VALUES (269, 123, '2026-05-24 15:00:18', CURRENT_DATE + INTERVAL '3 days', CURRENT_DATE, 9, 35000.00, 'delivered', 3750000.00);
INSERT INTO order_details (order_detail_id, order_id, product_id, quantity, price, discount, total_amount) VALUES (516, 269, 97, 1, 950000.00, 5.00, 902500.00);
INSERT INTO order_details (order_detail_id, order_id, product_id, quantity, price, discount, total_amount) VALUES (517, 269, 101, 1, 750000.00, 5.00, 712500.00);
INSERT INTO order_details (order_detail_id, order_id, product_id, quantity, price, discount, total_amount) VALUES (518, 269, 147, 2, 1050000.00, 0.00, 2100000.00);
INSERT INTO payments (payment_id, order_id, payment_method, payment_date, amount, status) VALUES (269, 269, 'BANKING', CURRENT_TIMESTAMP, 3750000.00, 'completed');
INSERT INTO deliveries (delivery_id, order_id, carrier_id, shipper_id, delivery_status, tracking_num, ship_address, estimated_delivery_date) VALUES (164, 269, 2, 31, 'delivered', 'TRACK269985', '583 Ho Greens', CURRENT_DATE + INTERVAL '2 days');
INSERT INTO orders (order_id, user_id, order_date, required_date, shipped_date, ship_address_id, freight, status, total_amount) VALUES (270, 210, '2026-06-02 16:29:55', CURRENT_DATE + INTERVAL '3 days', NULL, 396, 15000.00, 'shipping', 507500.00);
INSERT INTO order_details (order_detail_id, order_id, product_id, quantity, price, discount, total_amount) VALUES (519, 270, 170, 2, 150000.00, 15.00, 255000.00);
INSERT INTO order_details (order_detail_id, order_id, product_id, quantity, price, discount, total_amount) VALUES (520, 270, 101, 1, 250000.00, 5.00, 237500.00);
INSERT INTO payments (payment_id, order_id, payment_method, payment_date, amount, status) VALUES (270, 270, 'BANKING', NULL, 507500.00, 'pending');
INSERT INTO deliveries (delivery_id, order_id, carrier_id, shipper_id, delivery_status, tracking_num, ship_address, estimated_delivery_date) VALUES (165, 270, 4, 2, 'shipping', 'TRACK270520', '4230 Phung Square', CURRENT_DATE + INTERVAL '2 days');
INSERT INTO orders (order_id, user_id, order_date, required_date, shipped_date, ship_address_id, freight, status, total_amount) VALUES (271, 181, '2026-05-24 02:47:42', CURRENT_DATE + INTERVAL '3 days', NULL, 136, 15000.00, 'shipping', 420000.00);
INSERT INTO order_details (order_detail_id, order_id, product_id, quantity, price, discount, total_amount) VALUES (521, 271, 157, 1, 450000.00, 10.00, 405000.00);
INSERT INTO payments (payment_id, order_id, payment_method, payment_date, amount, status) VALUES (271, 271, 'BANKING', NULL, 420000.00, 'pending');
INSERT INTO deliveries (delivery_id, order_id, carrier_id, shipper_id, delivery_status, tracking_num, ship_address, estimated_delivery_date) VALUES (166, 271, 3, 31, 'shipping', 'TRACK271388', '277 Dao Passage', CURRENT_DATE + INTERVAL '2 days');
INSERT INTO orders (order_id, user_id, order_date, required_date, shipped_date, ship_address_id, freight, status, total_amount) VALUES (272, 215, '2026-05-20 19:27:06', CURRENT_DATE + INTERVAL '3 days', CURRENT_DATE, 85, 20000.00, 'delivered', 1980000.00);
INSERT INTO order_details (order_detail_id, order_id, product_id, quantity, price, discount, total_amount) VALUES (522, 272, 92, 2, 750000.00, 5.00, 1425000.00);
INSERT INTO order_details (order_detail_id, order_id, product_id, quantity, price, discount, total_amount) VALUES (523, 272, 28, 1, 250000.00, 0.00, 250000.00);
INSERT INTO order_details (order_detail_id, order_id, product_id, quantity, price, discount, total_amount) VALUES (524, 272, 193, 2, 150000.00, 5.00, 285000.00);
INSERT INTO payments (payment_id, order_id, payment_method, payment_date, amount, status) VALUES (272, 272, 'VNPAY', CURRENT_TIMESTAMP, 1980000.00, 'completed');
INSERT INTO deliveries (delivery_id, order_id, carrier_id, shipper_id, delivery_status, tracking_num, ship_address, estimated_delivery_date) VALUES (167, 272, 4, 38, 'delivered', 'TRACK272199', '869 Trieu Forks', CURRENT_DATE + INTERVAL '2 days');
INSERT INTO orders (order_id, user_id, order_date, required_date, shipped_date, ship_address_id, freight, status, total_amount) VALUES (273, 48, '2026-05-17 14:24:34', CURRENT_DATE + INTERVAL '3 days', NULL, 215, 30000.00, 'shipping', 1922500.00);
INSERT INTO order_details (order_detail_id, order_id, product_id, quantity, price, discount, total_amount) VALUES (525, 273, 151, 2, 650000.00, 10.00, 1170000.00);
INSERT INTO order_details (order_detail_id, order_id, product_id, quantity, price, discount, total_amount) VALUES (526, 273, 35, 1, 850000.00, 15.00, 722500.00);
INSERT INTO payments (payment_id, order_id, payment_method, payment_date, amount, status) VALUES (273, 273, 'MOMO', NULL, 1922500.00, 'pending');
INSERT INTO deliveries (delivery_id, order_id, carrier_id, shipper_id, delivery_status, tracking_num, ship_address, estimated_delivery_date) VALUES (168, 273, 4, 17, 'shipping', 'TRACK273408', '58197 Dao Route', CURRENT_DATE + INTERVAL '2 days');
INSERT INTO orders (order_id, user_id, order_date, required_date, shipped_date, ship_address_id, freight, status, total_amount) VALUES (274, 240, '2026-05-25 10:09:19', CURRENT_DATE + INTERVAL '3 days', NULL, 133, 20000.00, 'cancelled', 1760000.00);
INSERT INTO order_details (order_detail_id, order_id, product_id, quantity, price, discount, total_amount) VALUES (527, 274, 152, 2, 750000.00, 5.00, 1425000.00);
INSERT INTO order_details (order_detail_id, order_id, product_id, quantity, price, discount, total_amount) VALUES (528, 274, 106, 1, 350000.00, 10.00, 315000.00);
INSERT INTO payments (payment_id, order_id, payment_method, payment_date, amount, status) VALUES (274, 274, 'VNPAY', NULL, 1760000.00, 'failed');
INSERT INTO orders (order_id, user_id, order_date, required_date, shipped_date, ship_address_id, freight, status, total_amount) VALUES (275, 176, '2026-06-01 09:49:53', CURRENT_DATE + INTERVAL '3 days', NULL, 33, 25000.00, 'cancelled', 1070000.00);
INSERT INTO order_details (order_detail_id, order_id, product_id, quantity, price, discount, total_amount) VALUES (529, 275, 57, 2, 550000.00, 5.00, 1045000.00);
INSERT INTO payments (payment_id, order_id, payment_method, payment_date, amount, status) VALUES (275, 275, 'COD', NULL, 1070000.00, 'failed');
INSERT INTO orders (order_id, user_id, order_date, required_date, shipped_date, ship_address_id, freight, status, total_amount) VALUES (276, 241, '2026-05-24 15:33:01', CURRENT_DATE + INTERVAL '3 days', CURRENT_DATE, 108, 20000.00, 'delivered', 487500.00);
INSERT INTO order_details (order_detail_id, order_id, product_id, quantity, price, discount, total_amount) VALUES (530, 276, 143, 1, 550000.00, 15.00, 467500.00);
INSERT INTO payments (payment_id, order_id, payment_method, payment_date, amount, status) VALUES (276, 276, 'PAYPAL', CURRENT_TIMESTAMP, 487500.00, 'completed');
INSERT INTO deliveries (delivery_id, order_id, carrier_id, shipper_id, delivery_status, tracking_num, ship_address, estimated_delivery_date) VALUES (169, 276, 3, 20, 'delivered', 'TRACK276897', '281 Tran Glen', CURRENT_DATE + INTERVAL '2 days');
INSERT INTO reviews (review_id, user_id, product_id, rating, comment, review_date) VALUES (276, 241, 114, 5, 'San pham dong goi can than, giao hang Gen Z sieu nhanh, chat luong tuyet voi so voi tam gia!', '2026-05-24 15:33:01');
INSERT INTO orders (order_id, user_id, order_date, required_date, shipped_date, ship_address_id, freight, status, total_amount) VALUES (277, 267, '2026-05-27 07:43:24', CURRENT_DATE + INTERVAL '3 days', CURRENT_DATE, 242, 15000.00, 'delivered', 1725000.00);
INSERT INTO order_details (order_detail_id, order_id, product_id, quantity, price, discount, total_amount) VALUES (531, 277, 60, 2, 950000.00, 10.00, 1710000.00);
INSERT INTO payments (payment_id, order_id, payment_method, payment_date, amount, status) VALUES (277, 277, 'COD', CURRENT_TIMESTAMP, 1725000.00, 'completed');
INSERT INTO deliveries (delivery_id, order_id, carrier_id, shipper_id, delivery_status, tracking_num, ship_address, estimated_delivery_date) VALUES (170, 277, 3, 48, 'delivered', 'TRACK277364', '91911 Lam Tunnel', CURRENT_DATE + INTERVAL '2 days');
INSERT INTO reviews (review_id, user_id, product_id, rating, comment, review_date) VALUES (277, 267, 101, 4, 'San pham dong goi can than, giao hang Gen Z sieu nhanh, chat luong tuyet voi so voi tam gia!', '2026-05-27 07:43:24');
INSERT INTO orders (order_id, user_id, order_date, required_date, shipped_date, ship_address_id, freight, status, total_amount) VALUES (278, 210, '2026-05-31 21:03:34', CURRENT_DATE + INTERVAL '3 days', CURRENT_DATE, 89, 20000.00, 'delivered', 1865000.00);
INSERT INTO order_details (order_detail_id, order_id, product_id, quantity, price, discount, total_amount) VALUES (532, 278, 66, 2, 550000.00, 10.00, 990000.00);
INSERT INTO order_details (order_detail_id, order_id, product_id, quantity, price, discount, total_amount) VALUES (533, 278, 108, 2, 450000.00, 5.00, 855000.00);
INSERT INTO payments (payment_id, order_id, payment_method, payment_date, amount, status) VALUES (278, 278, 'COD', CURRENT_TIMESTAMP, 1865000.00, 'completed');
INSERT INTO deliveries (delivery_id, order_id, carrier_id, shipper_id, delivery_status, tracking_num, ship_address, estimated_delivery_date) VALUES (171, 278, 3, 31, 'delivered', 'TRACK278974', '6018 Ly Port', CURRENT_DATE + INTERVAL '2 days');
INSERT INTO reviews (review_id, user_id, product_id, rating, comment, review_date) VALUES (278, 210, 148, 5, 'San pham dong goi can than, giao hang Gen Z sieu nhanh, chat luong tuyet voi so voi tam gia!', '2026-05-31 21:03:34');
INSERT INTO orders (order_id, user_id, order_date, required_date, shipped_date, ship_address_id, freight, status, total_amount) VALUES (279, 57, '2026-05-29 13:22:57', CURRENT_DATE + INTERVAL '3 days', NULL, 28, 30000.00, 'shipping', 582500.00);
INSERT INTO order_details (order_detail_id, order_id, product_id, quantity, price, discount, total_amount) VALUES (534, 279, 11, 1, 650000.00, 15.00, 552500.00);
INSERT INTO payments (payment_id, order_id, payment_method, payment_date, amount, status) VALUES (279, 279, 'COD', NULL, 582500.00, 'pending');
INSERT INTO deliveries (delivery_id, order_id, carrier_id, shipper_id, delivery_status, tracking_num, ship_address, estimated_delivery_date) VALUES (172, 279, 4, 12, 'shipping', 'TRACK279304', '13689 Phan Plaza', CURRENT_DATE + INTERVAL '2 days');
INSERT INTO orders (order_id, user_id, order_date, required_date, shipped_date, ship_address_id, freight, status, total_amount) VALUES (280, 257, '2026-06-02 03:39:17', CURRENT_DATE + INTERVAL '3 days', NULL, 311, 35000.00, 'cancelled', 2120000.00);
INSERT INTO order_details (order_detail_id, order_id, product_id, quantity, price, discount, total_amount) VALUES (535, 280, 72, 2, 450000.00, 10.00, 810000.00);
INSERT INTO order_details (order_detail_id, order_id, product_id, quantity, price, discount, total_amount) VALUES (536, 280, 130, 2, 750000.00, 15.00, 1275000.00);
INSERT INTO payments (payment_id, order_id, payment_method, payment_date, amount, status) VALUES (280, 280, 'VNPAY', NULL, 2120000.00, 'failed');
INSERT INTO orders (order_id, user_id, order_date, required_date, shipped_date, ship_address_id, freight, status, total_amount) VALUES (281, 162, '2026-05-21 22:08:50', CURRENT_DATE + INTERVAL '3 days', NULL, 178, 20000.00, 'shipping', 500000.00);
INSERT INTO order_details (order_detail_id, order_id, product_id, quantity, price, discount, total_amount) VALUES (537, 281, 139, 2, 150000.00, 15.00, 255000.00);
INSERT INTO order_details (order_detail_id, order_id, product_id, quantity, price, discount, total_amount) VALUES (538, 281, 81, 1, 250000.00, 10.00, 225000.00);
INSERT INTO payments (payment_id, order_id, payment_method, payment_date, amount, status) VALUES (281, 281, 'PAYPAL', NULL, 500000.00, 'pending');
INSERT INTO deliveries (delivery_id, order_id, carrier_id, shipper_id, delivery_status, tracking_num, ship_address, estimated_delivery_date) VALUES (173, 281, 3, 43, 'shipping', 'TRACK281776', '86270 Duong Gateway', CURRENT_DATE + INTERVAL '2 days');
INSERT INTO orders (order_id, user_id, order_date, required_date, shipped_date, ship_address_id, freight, status, total_amount) VALUES (282, 205, '2026-05-23 16:23:29', CURRENT_DATE + INTERVAL '3 days', NULL, 384, 25000.00, 'confirmed', 2020000.00);
INSERT INTO order_details (order_detail_id, order_id, product_id, quantity, price, discount, total_amount) VALUES (539, 282, 33, 2, 1050000.00, 5.00, 1995000.00);
INSERT INTO payments (payment_id, order_id, payment_method, payment_date, amount, status) VALUES (282, 282, 'COD', NULL, 2020000.00, 'pending');
INSERT INTO deliveries (delivery_id, order_id, carrier_id, shipper_id, delivery_status, tracking_num, ship_address, estimated_delivery_date) VALUES (174, 282, 3, 12, 'picking', 'TRACK282284', '36246 Le Station', CURRENT_DATE + INTERVAL '2 days');
INSERT INTO orders (order_id, user_id, order_date, required_date, shipped_date, ship_address_id, freight, status, total_amount) VALUES (283, 89, '2026-05-17 04:35:09', CURRENT_DATE + INTERVAL '3 days', NULL, 174, 35000.00, 'pending', 665000.00);
INSERT INTO order_details (order_detail_id, order_id, product_id, quantity, price, discount, total_amount) VALUES (540, 283, 140, 2, 350000.00, 10.00, 630000.00);
INSERT INTO payments (payment_id, order_id, payment_method, payment_date, amount, status) VALUES (283, 283, 'COD', NULL, 665000.00, 'pending');
INSERT INTO orders (order_id, user_id, order_date, required_date, shipped_date, ship_address_id, freight, status, total_amount) VALUES (284, 70, '2026-05-23 11:43:52', CURRENT_DATE + INTERVAL '3 days', NULL, 76, 20000.00, 'cancelled', 1100000.00);
INSERT INTO order_details (order_detail_id, order_id, product_id, quantity, price, discount, total_amount) VALUES (541, 284, 15, 1, 150000.00, 10.00, 135000.00);
INSERT INTO order_details (order_detail_id, order_id, product_id, quantity, price, discount, total_amount) VALUES (542, 284, 57, 1, 1050000.00, 10.00, 945000.00);
INSERT INTO payments (payment_id, order_id, payment_method, payment_date, amount, status) VALUES (284, 284, 'MOMO', NULL, 1100000.00, 'failed');
INSERT INTO orders (order_id, user_id, order_date, required_date, shipped_date, ship_address_id, freight, status, total_amount) VALUES (285, 122, '2026-05-17 18:01:29', CURRENT_DATE + INTERVAL '3 days', CURRENT_DATE, 246, 25000.00, 'delivered', 3065000.00);
INSERT INTO order_details (order_detail_id, order_id, product_id, quantity, price, discount, total_amount) VALUES (543, 285, 85, 2, 1050000.00, 5.00, 1995000.00);
INSERT INTO order_details (order_detail_id, order_id, product_id, quantity, price, discount, total_amount) VALUES (544, 285, 88, 2, 550000.00, 5.00, 1045000.00);
INSERT INTO payments (payment_id, order_id, payment_method, payment_date, amount, status) VALUES (285, 285, 'COD', CURRENT_TIMESTAMP, 3065000.00, 'completed');
INSERT INTO deliveries (delivery_id, order_id, carrier_id, shipper_id, delivery_status, tracking_num, ship_address, estimated_delivery_date) VALUES (175, 285, 4, 13, 'delivered', 'TRACK285454', '51775 Ha Square', CURRENT_DATE + INTERVAL '2 days');
INSERT INTO orders (order_id, user_id, order_date, required_date, shipped_date, ship_address_id, freight, status, total_amount) VALUES (286, 11, '2026-05-05 09:04:43', CURRENT_DATE + INTERVAL '3 days', CURRENT_DATE, 261, 15000.00, 'delivered', 3757500.00);
INSERT INTO order_details (order_detail_id, order_id, product_id, quantity, price, discount, total_amount) VALUES (545, 286, 192, 1, 1050000.00, 15.00, 892500.00);
INSERT INTO order_details (order_detail_id, order_id, product_id, quantity, price, discount, total_amount) VALUES (546, 286, 71, 2, 750000.00, 10.00, 1350000.00);
INSERT INTO order_details (order_detail_id, order_id, product_id, quantity, price, discount, total_amount) VALUES (547, 286, 187, 2, 750000.00, 0.00, 1500000.00);
INSERT INTO payments (payment_id, order_id, payment_method, payment_date, amount, status) VALUES (286, 286, 'PAYPAL', CURRENT_TIMESTAMP, 3757500.00, 'completed');
INSERT INTO deliveries (delivery_id, order_id, carrier_id, shipper_id, delivery_status, tracking_num, ship_address, estimated_delivery_date) VALUES (176, 286, 4, 42, 'delivered', 'TRACK286248', '89943 Le Branch', CURRENT_DATE + INTERVAL '2 days');
INSERT INTO orders (order_id, user_id, order_date, required_date, shipped_date, ship_address_id, freight, status, total_amount) VALUES (287, 143, '2026-05-25 01:15:02', CURRENT_DATE + INTERVAL '3 days', NULL, 328, 25000.00, 'confirmed', 2122500.00);
INSERT INTO order_details (order_detail_id, order_id, product_id, quantity, price, discount, total_amount) VALUES (548, 287, 190, 1, 550000.00, 5.00, 522500.00);
INSERT INTO order_details (order_detail_id, order_id, product_id, quantity, price, discount, total_amount) VALUES (549, 287, 26, 2, 450000.00, 10.00, 810000.00);
INSERT INTO order_details (order_detail_id, order_id, product_id, quantity, price, discount, total_amount) VALUES (550, 287, 164, 2, 450000.00, 15.00, 765000.00);
INSERT INTO payments (payment_id, order_id, payment_method, payment_date, amount, status) VALUES (287, 287, 'VNPAY', NULL, 2122500.00, 'pending');
INSERT INTO deliveries (delivery_id, order_id, carrier_id, shipper_id, delivery_status, tracking_num, ship_address, estimated_delivery_date) VALUES (177, 287, 3, 23, 'picking', 'TRACK287868', '40098 Nhan Islands', CURRENT_DATE + INTERVAL '2 days');
INSERT INTO orders (order_id, user_id, order_date, required_date, shipped_date, ship_address_id, freight, status, total_amount) VALUES (288, 268, '2026-05-19 15:47:07', CURRENT_DATE + INTERVAL '3 days', NULL, 412, 15000.00, 'pending', 1550000.00);
INSERT INTO order_details (order_detail_id, order_id, product_id, quantity, price, discount, total_amount) VALUES (551, 288, 199, 2, 150000.00, 5.00, 285000.00);
INSERT INTO order_details (order_detail_id, order_id, product_id, quantity, price, discount, total_amount) VALUES (552, 288, 49, 2, 550000.00, 0.00, 1100000.00);
INSERT INTO order_details (order_detail_id, order_id, product_id, quantity, price, discount, total_amount) VALUES (553, 288, 78, 1, 150000.00, 0.00, 150000.00);
INSERT INTO payments (payment_id, order_id, payment_method, payment_date, amount, status) VALUES (288, 288, 'COD', NULL, 1550000.00, 'pending');
INSERT INTO orders (order_id, user_id, order_date, required_date, shipped_date, ship_address_id, freight, status, total_amount) VALUES (289, 213, '2026-05-22 21:35:13', CURRENT_DATE + INTERVAL '3 days', NULL, 48, 20000.00, 'confirmed', 3112500.00);
INSERT INTO order_details (order_detail_id, order_id, product_id, quantity, price, discount, total_amount) VALUES (554, 289, 175, 2, 850000.00, 5.00, 1615000.00);
INSERT INTO order_details (order_detail_id, order_id, product_id, quantity, price, discount, total_amount) VALUES (555, 289, 72, 2, 450000.00, 15.00, 765000.00);
INSERT INTO order_details (order_detail_id, order_id, product_id, quantity, price, discount, total_amount) VALUES (556, 289, 149, 1, 750000.00, 5.00, 712500.00);
INSERT INTO payments (payment_id, order_id, payment_method, payment_date, amount, status) VALUES (289, 289, 'BANKING', NULL, 3112500.00, 'pending');
INSERT INTO deliveries (delivery_id, order_id, carrier_id, shipper_id, delivery_status, tracking_num, ship_address, estimated_delivery_date) VALUES (178, 289, 1, 44, 'picking', 'TRACK289449', '97980 Quoc Island', CURRENT_DATE + INTERVAL '2 days');
INSERT INTO orders (order_id, user_id, order_date, required_date, shipped_date, ship_address_id, freight, status, total_amount) VALUES (290, 171, '2026-05-28 02:41:17', CURRENT_DATE + INTERVAL '3 days', NULL, 300, 15000.00, 'pending', 3065000.00);
INSERT INTO order_details (order_detail_id, order_id, product_id, quantity, price, discount, total_amount) VALUES (557, 290, 62, 1, 850000.00, 0.00, 850000.00);
INSERT INTO order_details (order_detail_id, order_id, product_id, quantity, price, discount, total_amount) VALUES (558, 290, 52, 2, 450000.00, 0.00, 900000.00);
INSERT INTO order_details (order_detail_id, order_id, product_id, quantity, price, discount, total_amount) VALUES (559, 290, 89, 2, 650000.00, 0.00, 1300000.00);
INSERT INTO payments (payment_id, order_id, payment_method, payment_date, amount, status) VALUES (290, 290, 'VNPAY', NULL, 3065000.00, 'pending');
INSERT INTO orders (order_id, user_id, order_date, required_date, shipped_date, ship_address_id, freight, status, total_amount) VALUES (291, 121, '2026-05-24 01:02:03', CURRENT_DATE + INTERVAL '3 days', CURRENT_DATE, 339, 25000.00, 'delivered', 500000.00);
INSERT INTO order_details (order_detail_id, order_id, product_id, quantity, price, discount, total_amount) VALUES (560, 291, 163, 2, 250000.00, 5.00, 475000.00);
INSERT INTO payments (payment_id, order_id, payment_method, payment_date, amount, status) VALUES (291, 291, 'VNPAY', CURRENT_TIMESTAMP, 500000.00, 'completed');
INSERT INTO deliveries (delivery_id, order_id, carrier_id, shipper_id, delivery_status, tracking_num, ship_address, estimated_delivery_date) VALUES (179, 291, 2, 4, 'delivered', 'TRACK291940', '0797 Phung Neck', CURRENT_DATE + INTERVAL '2 days');
INSERT INTO reviews (review_id, user_id, product_id, rating, comment, review_date) VALUES (291, 121, 43, 4, 'San pham dong goi can than, giao hang Gen Z sieu nhanh, chat luong tuyet voi so voi tam gia!', '2026-05-24 01:02:03');
INSERT INTO orders (order_id, user_id, order_date, required_date, shipped_date, ship_address_id, freight, status, total_amount) VALUES (292, 42, '2026-05-06 03:38:31', CURRENT_DATE + INTERVAL '3 days', NULL, 399, 30000.00, 'cancelled', 2370000.00);
INSERT INTO order_details (order_detail_id, order_id, product_id, quantity, price, discount, total_amount) VALUES (561, 292, 71, 2, 350000.00, 10.00, 630000.00);
INSERT INTO order_details (order_detail_id, order_id, product_id, quantity, price, discount, total_amount) VALUES (562, 292, 178, 2, 950000.00, 10.00, 1710000.00);
INSERT INTO payments (payment_id, order_id, payment_method, payment_date, amount, status) VALUES (292, 292, 'COD', NULL, 2370000.00, 'failed');
INSERT INTO orders (order_id, user_id, order_date, required_date, shipped_date, ship_address_id, freight, status, total_amount) VALUES (293, 38, '2026-05-22 03:19:09', CURRENT_DATE + INTERVAL '3 days', NULL, 269, 20000.00, 'cancelled', 875000.00);
INSERT INTO order_details (order_detail_id, order_id, product_id, quantity, price, discount, total_amount) VALUES (563, 293, 194, 1, 350000.00, 5.00, 332500.00);
INSERT INTO order_details (order_detail_id, order_id, product_id, quantity, price, discount, total_amount) VALUES (564, 293, 63, 1, 550000.00, 5.00, 522500.00);
INSERT INTO payments (payment_id, order_id, payment_method, payment_date, amount, status) VALUES (293, 293, 'VNPAY', NULL, 875000.00, 'failed');
INSERT INTO orders (order_id, user_id, order_date, required_date, shipped_date, ship_address_id, freight, status, total_amount) VALUES (294, 38, '2026-05-10 21:25:06', CURRENT_DATE + INTERVAL '3 days', NULL, 423, 30000.00, 'confirmed', 1882500.00);
INSERT INTO order_details (order_detail_id, order_id, product_id, quantity, price, discount, total_amount) VALUES (565, 294, 14, 2, 150000.00, 5.00, 285000.00);
INSERT INTO order_details (order_detail_id, order_id, product_id, quantity, price, discount, total_amount) VALUES (566, 294, 47, 2, 550000.00, 5.00, 1045000.00);
INSERT INTO order_details (order_detail_id, order_id, product_id, quantity, price, discount, total_amount) VALUES (567, 294, 23, 1, 550000.00, 5.00, 522500.00);
INSERT INTO payments (payment_id, order_id, payment_method, payment_date, amount, status) VALUES (294, 294, 'VNPAY', NULL, 1882500.00, 'pending');
INSERT INTO deliveries (delivery_id, order_id, carrier_id, shipper_id, delivery_status, tracking_num, ship_address, estimated_delivery_date) VALUES (180, 294, 1, 25, 'picking', 'TRACK294956', '6415 Ly Lodge', CURRENT_DATE + INTERVAL '2 days');
INSERT INTO orders (order_id, user_id, order_date, required_date, shipped_date, ship_address_id, freight, status, total_amount) VALUES (295, 96, '2026-05-10 15:17:52', CURRENT_DATE + INTERVAL '3 days', NULL, 317, 25000.00, 'confirmed', 2875000.00);
INSERT INTO order_details (order_detail_id, order_id, product_id, quantity, price, discount, total_amount) VALUES (568, 295, 132, 2, 750000.00, 10.00, 1350000.00);
INSERT INTO order_details (order_detail_id, order_id, product_id, quantity, price, discount, total_amount) VALUES (569, 295, 4, 2, 750000.00, 0.00, 1500000.00);
INSERT INTO payments (payment_id, order_id, payment_method, payment_date, amount, status) VALUES (295, 295, 'PAYPAL', NULL, 2875000.00, 'pending');
INSERT INTO deliveries (delivery_id, order_id, carrier_id, shipper_id, delivery_status, tracking_num, ship_address, estimated_delivery_date) VALUES (181, 295, 4, 25, 'picking', 'TRACK295293', '9329 Mai Village', CURRENT_DATE + INTERVAL '2 days');
INSERT INTO orders (order_id, user_id, order_date, required_date, shipped_date, ship_address_id, freight, status, total_amount) VALUES (296, 74, '2026-05-18 05:32:31', CURRENT_DATE + INTERVAL '3 days', CURRENT_DATE, 234, 25000.00, 'delivered', 3075000.00);
INSERT INTO order_details (order_detail_id, order_id, product_id, quantity, price, discount, total_amount) VALUES (570, 296, 10, 1, 350000.00, 0.00, 350000.00);
INSERT INTO order_details (order_detail_id, order_id, product_id, quantity, price, discount, total_amount) VALUES (571, 296, 123, 2, 450000.00, 10.00, 810000.00);
INSERT INTO order_details (order_detail_id, order_id, product_id, quantity, price, discount, total_amount) VALUES (572, 296, 40, 2, 1050000.00, 10.00, 1890000.00);
INSERT INTO payments (payment_id, order_id, payment_method, payment_date, amount, status) VALUES (296, 296, 'BANKING', CURRENT_TIMESTAMP, 3075000.00, 'completed');
INSERT INTO deliveries (delivery_id, order_id, carrier_id, shipper_id, delivery_status, tracking_num, ship_address, estimated_delivery_date) VALUES (182, 296, 1, 19, 'delivered', 'TRACK296229', '906 Dao Keys', CURRENT_DATE + INTERVAL '2 days');
INSERT INTO orders (order_id, user_id, order_date, required_date, shipped_date, ship_address_id, freight, status, total_amount) VALUES (297, 136, '2026-05-17 20:18:34', CURRENT_DATE + INTERVAL '3 days', NULL, 154, 15000.00, 'shipping', 3267500.00);
INSERT INTO order_details (order_detail_id, order_id, product_id, quantity, price, discount, total_amount) VALUES (573, 297, 149, 1, 450000.00, 0.00, 450000.00);
INSERT INTO order_details (order_detail_id, order_id, product_id, quantity, price, discount, total_amount) VALUES (574, 297, 167, 1, 950000.00, 15.00, 807500.00);
INSERT INTO order_details (order_detail_id, order_id, product_id, quantity, price, discount, total_amount) VALUES (575, 297, 18, 2, 1050000.00, 5.00, 1995000.00);
INSERT INTO payments (payment_id, order_id, payment_method, payment_date, amount, status) VALUES (297, 297, 'MOMO', NULL, 3267500.00, 'pending');
INSERT INTO deliveries (delivery_id, order_id, carrier_id, shipper_id, delivery_status, tracking_num, ship_address, estimated_delivery_date) VALUES (183, 297, 2, 25, 'shipping', 'TRACK297602', '07745 Dang Locks', CURRENT_DATE + INTERVAL '2 days');
INSERT INTO orders (order_id, user_id, order_date, required_date, shipped_date, ship_address_id, freight, status, total_amount) VALUES (298, 6, '2026-05-18 20:48:20', CURRENT_DATE + INTERVAL '3 days', NULL, 252, 20000.00, 'cancelled', 3190000.00);
INSERT INTO order_details (order_detail_id, order_id, product_id, quantity, price, discount, total_amount) VALUES (576, 298, 150, 1, 350000.00, 10.00, 315000.00);
INSERT INTO order_details (order_detail_id, order_id, product_id, quantity, price, discount, total_amount) VALUES (577, 298, 96, 2, 950000.00, 5.00, 1805000.00);
INSERT INTO order_details (order_detail_id, order_id, product_id, quantity, price, discount, total_amount) VALUES (578, 298, 86, 1, 1050000.00, 0.00, 1050000.00);
INSERT INTO payments (payment_id, order_id, payment_method, payment_date, amount, status) VALUES (298, 298, 'VNPAY', NULL, 3190000.00, 'failed');
INSERT INTO orders (order_id, user_id, order_date, required_date, shipped_date, ship_address_id, freight, status, total_amount) VALUES (299, 240, '2026-05-18 15:35:41', CURRENT_DATE + INTERVAL '3 days', NULL, 320, 35000.00, 'shipping', 1460000.00);
INSERT INTO order_details (order_detail_id, order_id, product_id, quantity, price, discount, total_amount) VALUES (579, 299, 81, 2, 750000.00, 5.00, 1425000.00);
INSERT INTO payments (payment_id, order_id, payment_method, payment_date, amount, status) VALUES (299, 299, 'COD', NULL, 1460000.00, 'pending');
INSERT INTO deliveries (delivery_id, order_id, carrier_id, shipper_id, delivery_status, tracking_num, ship_address, estimated_delivery_date) VALUES (184, 299, 4, 13, 'shipping', 'TRACK299212', '176 Hoang Summit', CURRENT_DATE + INTERVAL '2 days');
INSERT INTO orders (order_id, user_id, order_date, required_date, shipped_date, ship_address_id, freight, status, total_amount) VALUES (300, 28, '2026-05-18 23:57:18', CURRENT_DATE + INTERVAL '3 days', NULL, 118, 20000.00, 'shipping', 720000.00);
INSERT INTO order_details (order_detail_id, order_id, product_id, quantity, price, discount, total_amount) VALUES (580, 300, 44, 2, 350000.00, 0.00, 700000.00);
INSERT INTO payments (payment_id, order_id, payment_method, payment_date, amount, status) VALUES (300, 300, 'COD', NULL, 720000.00, 'pending');
INSERT INTO deliveries (delivery_id, order_id, carrier_id, shipper_id, delivery_status, tracking_num, ship_address, estimated_delivery_date) VALUES (185, 300, 2, 44, 'shipping', 'TRACK300467', '962 Truong Neck', CURRENT_DATE + INTERVAL '2 days');
INSERT INTO orders (order_id, user_id, order_date, required_date, shipped_date, ship_address_id, freight, status, total_amount) VALUES (301, 259, '2026-05-22 12:26:43', CURRENT_DATE + INTERVAL '3 days', NULL, 370, 20000.00, 'pending', 1097500.00);
INSERT INTO order_details (order_detail_id, order_id, product_id, quantity, price, discount, total_amount) VALUES (581, 301, 22, 1, 150000.00, 5.00, 142500.00);
INSERT INTO order_details (order_detail_id, order_id, product_id, quantity, price, discount, total_amount) VALUES (582, 301, 53, 2, 550000.00, 15.00, 935000.00);
INSERT INTO payments (payment_id, order_id, payment_method, payment_date, amount, status) VALUES (301, 301, 'MOMO', NULL, 1097500.00, 'pending');
INSERT INTO orders (order_id, user_id, order_date, required_date, shipped_date, ship_address_id, freight, status, total_amount) VALUES (302, 197, '2026-05-21 15:12:28', CURRENT_DATE + INTERVAL '3 days', NULL, 395, 15000.00, 'cancelled', 2375000.00);
INSERT INTO order_details (order_detail_id, order_id, product_id, quantity, price, discount, total_amount) VALUES (583, 302, 168, 1, 750000.00, 15.00, 637500.00);
INSERT INTO order_details (order_detail_id, order_id, product_id, quantity, price, discount, total_amount) VALUES (584, 302, 79, 2, 650000.00, 10.00, 1170000.00);
INSERT INTO order_details (order_detail_id, order_id, product_id, quantity, price, discount, total_amount) VALUES (585, 302, 9, 1, 650000.00, 15.00, 552500.00);
INSERT INTO payments (payment_id, order_id, payment_method, payment_date, amount, status) VALUES (302, 302, 'VNPAY', NULL, 2375000.00, 'failed');
INSERT INTO orders (order_id, user_id, order_date, required_date, shipped_date, ship_address_id, freight, status, total_amount) VALUES (303, 120, '2026-05-13 18:12:26', CURRENT_DATE + INTERVAL '3 days', CURRENT_DATE, 82, 35000.00, 'delivered', 1812500.00);
INSERT INTO order_details (order_detail_id, order_id, product_id, quantity, price, discount, total_amount) VALUES (586, 303, 166, 2, 750000.00, 10.00, 1350000.00);
INSERT INTO order_details (order_detail_id, order_id, product_id, quantity, price, discount, total_amount) VALUES (587, 303, 177, 1, 450000.00, 5.00, 427500.00);
INSERT INTO payments (payment_id, order_id, payment_method, payment_date, amount, status) VALUES (303, 303, 'COD', CURRENT_TIMESTAMP, 1812500.00, 'completed');
INSERT INTO deliveries (delivery_id, order_id, carrier_id, shipper_id, delivery_status, tracking_num, ship_address, estimated_delivery_date) VALUES (186, 303, 1, 7, 'delivered', 'TRACK303827', '7237 Tam Crescent', CURRENT_DATE + INTERVAL '2 days');
INSERT INTO reviews (review_id, user_id, product_id, rating, comment, review_date) VALUES (303, 120, 91, 5, 'San pham dong goi can than, giao hang Gen Z sieu nhanh, chat luong tuyet voi so voi tam gia!', '2026-05-13 18:12:26');
INSERT INTO orders (order_id, user_id, order_date, required_date, shipped_date, ship_address_id, freight, status, total_amount) VALUES (304, 138, '2026-05-16 23:53:24', CURRENT_DATE + INTERVAL '3 days', NULL, 155, 15000.00, 'confirmed', 1012500.00);
INSERT INTO order_details (order_detail_id, order_id, product_id, quantity, price, discount, total_amount) VALUES (588, 304, 51, 1, 1050000.00, 5.00, 997500.00);
INSERT INTO payments (payment_id, order_id, payment_method, payment_date, amount, status) VALUES (304, 304, 'MOMO', NULL, 1012500.00, 'pending');
INSERT INTO deliveries (delivery_id, order_id, carrier_id, shipper_id, delivery_status, tracking_num, ship_address, estimated_delivery_date) VALUES (187, 304, 4, 20, 'picking', 'TRACK304710', '65397 Cuong Centers', CURRENT_DATE + INTERVAL '2 days');
INSERT INTO orders (order_id, user_id, order_date, required_date, shipped_date, ship_address_id, freight, status, total_amount) VALUES (305, 287, '2026-05-19 12:08:47', CURRENT_DATE + INTERVAL '3 days', CURRENT_DATE, 94, 20000.00, 'delivered', 785000.00);
INSERT INTO order_details (order_detail_id, order_id, product_id, quantity, price, discount, total_amount) VALUES (589, 305, 78, 1, 850000.00, 10.00, 765000.00);
INSERT INTO payments (payment_id, order_id, payment_method, payment_date, amount, status) VALUES (305, 305, 'VNPAY', CURRENT_TIMESTAMP, 785000.00, 'completed');
INSERT INTO deliveries (delivery_id, order_id, carrier_id, shipper_id, delivery_status, tracking_num, ship_address, estimated_delivery_date) VALUES (188, 305, 4, 18, 'delivered', 'TRACK305425', '90710 Tran Cape', CURRENT_DATE + INTERVAL '2 days');
INSERT INTO reviews (review_id, user_id, product_id, rating, comment, review_date) VALUES (305, 287, 33, 4, 'San pham dong goi can than, giao hang Gen Z sieu nhanh, chat luong tuyet voi so voi tam gia!', '2026-05-19 12:08:47');
INSERT INTO orders (order_id, user_id, order_date, required_date, shipped_date, ship_address_id, freight, status, total_amount) VALUES (306, 178, '2026-05-23 10:56:49', CURRENT_DATE + INTERVAL '3 days', NULL, 159, 20000.00, 'cancelled', 810000.00);
INSERT INTO order_details (order_detail_id, order_id, product_id, quantity, price, discount, total_amount) VALUES (590, 306, 153, 1, 350000.00, 10.00, 315000.00);
INSERT INTO order_details (order_detail_id, order_id, product_id, quantity, price, discount, total_amount) VALUES (591, 306, 46, 2, 250000.00, 5.00, 475000.00);
INSERT INTO payments (payment_id, order_id, payment_method, payment_date, amount, status) VALUES (306, 306, 'PAYPAL', NULL, 810000.00, 'failed');
INSERT INTO orders (order_id, user_id, order_date, required_date, shipped_date, ship_address_id, freight, status, total_amount) VALUES (307, 49, '2026-05-08 23:30:53', CURRENT_DATE + INTERVAL '3 days', NULL, 257, 35000.00, 'confirmed', 2030000.00);
INSERT INTO order_details (order_detail_id, order_id, product_id, quantity, price, discount, total_amount) VALUES (592, 307, 157, 2, 1050000.00, 5.00, 1995000.00);
INSERT INTO payments (payment_id, order_id, payment_method, payment_date, amount, status) VALUES (307, 307, 'MOMO', NULL, 2030000.00, 'pending');
INSERT INTO deliveries (delivery_id, order_id, carrier_id, shipper_id, delivery_status, tracking_num, ship_address, estimated_delivery_date) VALUES (189, 307, 3, 8, 'picking', 'TRACK307195', '564 Ngo Junction', CURRENT_DATE + INTERVAL '2 days');
INSERT INTO orders (order_id, user_id, order_date, required_date, shipped_date, ship_address_id, freight, status, total_amount) VALUES (308, 98, '2026-05-31 09:16:03', CURRENT_DATE + INTERVAL '3 days', NULL, 313, 25000.00, 'shipping', 1600000.00);
INSERT INTO order_details (order_detail_id, order_id, product_id, quantity, price, discount, total_amount) VALUES (593, 308, 117, 2, 450000.00, 0.00, 900000.00);
INSERT INTO order_details (order_detail_id, order_id, product_id, quantity, price, discount, total_amount) VALUES (594, 308, 131, 1, 750000.00, 10.00, 675000.00);
INSERT INTO payments (payment_id, order_id, payment_method, payment_date, amount, status) VALUES (308, 308, 'VNPAY', NULL, 1600000.00, 'pending');
INSERT INTO deliveries (delivery_id, order_id, carrier_id, shipper_id, delivery_status, tracking_num, ship_address, estimated_delivery_date) VALUES (190, 308, 4, 13, 'shipping', 'TRACK308025', '37516 Phung Branch', CURRENT_DATE + INTERVAL '2 days');
INSERT INTO orders (order_id, user_id, order_date, required_date, shipped_date, ship_address_id, freight, status, total_amount) VALUES (309, 161, '2026-05-04 08:02:00', CURRENT_DATE + INTERVAL '3 days', NULL, 139, 25000.00, 'confirmed', 1070000.00);
INSERT INTO order_details (order_detail_id, order_id, product_id, quantity, price, discount, total_amount) VALUES (595, 309, 127, 2, 350000.00, 15.00, 595000.00);
INSERT INTO order_details (order_detail_id, order_id, product_id, quantity, price, discount, total_amount) VALUES (596, 309, 120, 2, 250000.00, 10.00, 450000.00);
INSERT INTO payments (payment_id, order_id, payment_method, payment_date, amount, status) VALUES (309, 309, 'PAYPAL', NULL, 1070000.00, 'pending');
INSERT INTO deliveries (delivery_id, order_id, carrier_id, shipper_id, delivery_status, tracking_num, ship_address, estimated_delivery_date) VALUES (191, 309, 2, 31, 'picking', 'TRACK309731', '64871 Ho Viaduct', CURRENT_DATE + INTERVAL '2 days');
INSERT INTO orders (order_id, user_id, order_date, required_date, shipped_date, ship_address_id, freight, status, total_amount) VALUES (310, 283, '2026-05-29 18:59:33', CURRENT_DATE + INTERVAL '3 days', NULL, 168, 20000.00, 'pending', 2782500.00);
INSERT INTO order_details (order_detail_id, order_id, product_id, quantity, price, discount, total_amount) VALUES (597, 310, 39, 1, 950000.00, 15.00, 807500.00);
INSERT INTO order_details (order_detail_id, order_id, product_id, quantity, price, discount, total_amount) VALUES (598, 310, 142, 2, 250000.00, 15.00, 425000.00);
INSERT INTO order_details (order_detail_id, order_id, product_id, quantity, price, discount, total_amount) VALUES (599, 310, 197, 2, 850000.00, 10.00, 1530000.00);
INSERT INTO payments (payment_id, order_id, payment_method, payment_date, amount, status) VALUES (310, 310, 'MOMO', NULL, 2782500.00, 'pending');
INSERT INTO orders (order_id, user_id, order_date, required_date, shipped_date, ship_address_id, freight, status, total_amount) VALUES (311, 5, '2026-05-26 14:42:44', CURRENT_DATE + INTERVAL '3 days', NULL, 211, 20000.00, 'pending', 1635000.00);
INSERT INTO order_details (order_detail_id, order_id, product_id, quantity, price, discount, total_amount) VALUES (600, 311, 127, 1, 1050000.00, 5.00, 997500.00);
INSERT INTO order_details (order_detail_id, order_id, product_id, quantity, price, discount, total_amount) VALUES (601, 311, 174, 1, 650000.00, 5.00, 617500.00);
INSERT INTO payments (payment_id, order_id, payment_method, payment_date, amount, status) VALUES (311, 311, 'BANKING', NULL, 1635000.00, 'pending');
INSERT INTO orders (order_id, user_id, order_date, required_date, shipped_date, ship_address_id, freight, status, total_amount) VALUES (312, 126, '2026-05-13 07:26:50', CURRENT_DATE + INTERVAL '3 days', NULL, 260, 15000.00, 'shipping', 3055000.00);
INSERT INTO order_details (order_detail_id, order_id, product_id, quantity, price, discount, total_amount) VALUES (602, 312, 36, 2, 950000.00, 5.00, 1805000.00);
INSERT INTO order_details (order_detail_id, order_id, product_id, quantity, price, discount, total_amount) VALUES (603, 312, 182, 2, 650000.00, 5.00, 1235000.00);
INSERT INTO payments (payment_id, order_id, payment_method, payment_date, amount, status) VALUES (312, 312, 'VNPAY', NULL, 3055000.00, 'pending');
INSERT INTO deliveries (delivery_id, order_id, carrier_id, shipper_id, delivery_status, tracking_num, ship_address, estimated_delivery_date) VALUES (192, 312, 3, 27, 'shipping', 'TRACK312442', '50125 Ly Coves', CURRENT_DATE + INTERVAL '2 days');
INSERT INTO orders (order_id, user_id, order_date, required_date, shipped_date, ship_address_id, freight, status, total_amount) VALUES (313, 188, '2026-05-30 22:17:59', CURRENT_DATE + INTERVAL '3 days', CURRENT_DATE, 202, 25000.00, 'delivered', 1237500.00);
INSERT INTO order_details (order_detail_id, order_id, product_id, quantity, price, discount, total_amount) VALUES (604, 313, 154, 1, 350000.00, 0.00, 350000.00);
INSERT INTO order_details (order_detail_id, order_id, product_id, quantity, price, discount, total_amount) VALUES (605, 313, 60, 1, 250000.00, 10.00, 225000.00);
INSERT INTO order_details (order_detail_id, order_id, product_id, quantity, price, discount, total_amount) VALUES (606, 313, 156, 1, 750000.00, 15.00, 637500.00);
INSERT INTO payments (payment_id, order_id, payment_method, payment_date, amount, status) VALUES (313, 313, 'BANKING', CURRENT_TIMESTAMP, 1237500.00, 'completed');
INSERT INTO deliveries (delivery_id, order_id, carrier_id, shipper_id, delivery_status, tracking_num, ship_address, estimated_delivery_date) VALUES (193, 313, 4, 1, 'delivered', 'TRACK313601', '595 Dao Keys', CURRENT_DATE + INTERVAL '2 days');
INSERT INTO reviews (review_id, user_id, product_id, rating, comment, review_date) VALUES (313, 188, 33, 4, 'San pham dong goi can than, giao hang Gen Z sieu nhanh, chat luong tuyet voi so voi tam gia!', '2026-05-30 22:17:59');
INSERT INTO orders (order_id, user_id, order_date, required_date, shipped_date, ship_address_id, freight, status, total_amount) VALUES (314, 186, '2026-06-02 13:19:51', CURRENT_DATE + INTERVAL '3 days', NULL, 363, 20000.00, 'cancelled', 470000.00);
INSERT INTO order_details (order_detail_id, order_id, product_id, quantity, price, discount, total_amount) VALUES (607, 314, 176, 1, 450000.00, 0.00, 450000.00);
INSERT INTO payments (payment_id, order_id, payment_method, payment_date, amount, status) VALUES (314, 314, 'BANKING', NULL, 470000.00, 'failed');
INSERT INTO orders (order_id, user_id, order_date, required_date, shipped_date, ship_address_id, freight, status, total_amount) VALUES (315, 115, '2026-05-17 23:20:37', CURRENT_DATE + INTERVAL '3 days', NULL, 163, 30000.00, 'confirmed', 1645000.00);
INSERT INTO order_details (order_detail_id, order_id, product_id, quantity, price, discount, total_amount) VALUES (608, 315, 13, 2, 950000.00, 15.00, 1615000.00);
INSERT INTO payments (payment_id, order_id, payment_method, payment_date, amount, status) VALUES (315, 315, 'MOMO', NULL, 1645000.00, 'pending');
INSERT INTO deliveries (delivery_id, order_id, carrier_id, shipper_id, delivery_status, tracking_num, ship_address, estimated_delivery_date) VALUES (194, 315, 1, 21, 'picking', 'TRACK315038', '9652 Thi Shore', CURRENT_DATE + INTERVAL '2 days');
INSERT INTO orders (order_id, user_id, order_date, required_date, shipped_date, ship_address_id, freight, status, total_amount) VALUES (316, 250, '2026-05-19 01:38:59', CURRENT_DATE + INTERVAL '3 days', NULL, 279, 15000.00, 'cancelled', 312500.00);
INSERT INTO order_details (order_detail_id, order_id, product_id, quantity, price, discount, total_amount) VALUES (609, 316, 55, 1, 350000.00, 15.00, 297500.00);
INSERT INTO payments (payment_id, order_id, payment_method, payment_date, amount, status) VALUES (316, 316, 'BANKING', NULL, 312500.00, 'failed');
INSERT INTO orders (order_id, user_id, order_date, required_date, shipped_date, ship_address_id, freight, status, total_amount) VALUES (317, 280, '2026-06-02 08:13:29', CURRENT_DATE + INTERVAL '3 days', NULL, 398, 25000.00, 'shipping', 500000.00);
INSERT INTO order_details (order_detail_id, order_id, product_id, quantity, price, discount, total_amount) VALUES (610, 317, 126, 2, 250000.00, 5.00, 475000.00);
INSERT INTO payments (payment_id, order_id, payment_method, payment_date, amount, status) VALUES (317, 317, 'COD', NULL, 500000.00, 'pending');
INSERT INTO deliveries (delivery_id, order_id, carrier_id, shipper_id, delivery_status, tracking_num, ship_address, estimated_delivery_date) VALUES (195, 317, 4, 3, 'shipping', 'TRACK317447', '84406 Nhu Vista', CURRENT_DATE + INTERVAL '2 days');
INSERT INTO orders (order_id, user_id, order_date, required_date, shipped_date, ship_address_id, freight, status, total_amount) VALUES (318, 143, '2026-05-18 22:44:17', CURRENT_DATE + INTERVAL '3 days', NULL, 196, 25000.00, 'pending', 1300000.00);
INSERT INTO order_details (order_detail_id, order_id, product_id, quantity, price, discount, total_amount) VALUES (611, 318, 178, 2, 750000.00, 15.00, 1275000.00);
INSERT INTO payments (payment_id, order_id, payment_method, payment_date, amount, status) VALUES (318, 318, 'MOMO', NULL, 1300000.00, 'pending');
INSERT INTO orders (order_id, user_id, order_date, required_date, shipped_date, ship_address_id, freight, status, total_amount) VALUES (319, 206, '2026-05-19 23:07:28', CURRENT_DATE + INTERVAL '3 days', NULL, 361, 35000.00, 'cancelled', 1795000.00);
INSERT INTO order_details (order_detail_id, order_id, product_id, quantity, price, discount, total_amount) VALUES (612, 319, 77, 1, 650000.00, 0.00, 650000.00);
INSERT INTO order_details (order_detail_id, order_id, product_id, quantity, price, discount, total_amount) VALUES (613, 319, 137, 2, 450000.00, 10.00, 810000.00);
INSERT INTO order_details (order_detail_id, order_id, product_id, quantity, price, discount, total_amount) VALUES (614, 319, 60, 2, 150000.00, 0.00, 300000.00);
INSERT INTO payments (payment_id, order_id, payment_method, payment_date, amount, status) VALUES (319, 319, 'MOMO', NULL, 1795000.00, 'failed');
INSERT INTO orders (order_id, user_id, order_date, required_date, shipped_date, ship_address_id, freight, status, total_amount) VALUES (320, 292, '2026-06-02 05:55:04', CURRENT_DATE + INTERVAL '3 days', NULL, 124, 35000.00, 'pending', 3715000.00);
INSERT INTO order_details (order_detail_id, order_id, product_id, quantity, price, discount, total_amount) VALUES (615, 320, 39, 2, 1050000.00, 5.00, 1995000.00);
INSERT INTO order_details (order_detail_id, order_id, product_id, quantity, price, discount, total_amount) VALUES (616, 320, 86, 2, 250000.00, 10.00, 450000.00);
INSERT INTO order_details (order_detail_id, order_id, product_id, quantity, price, discount, total_amount) VALUES (617, 320, 73, 2, 650000.00, 5.00, 1235000.00);
INSERT INTO payments (payment_id, order_id, payment_method, payment_date, amount, status) VALUES (320, 320, 'PAYPAL', NULL, 3715000.00, 'pending');
INSERT INTO orders (order_id, user_id, order_date, required_date, shipped_date, ship_address_id, freight, status, total_amount) VALUES (321, 34, '2026-05-18 00:14:52', CURRENT_DATE + INTERVAL '3 days', NULL, 102, 15000.00, 'pending', 1005000.00);
INSERT INTO order_details (order_detail_id, order_id, product_id, quantity, price, discount, total_amount) VALUES (618, 321, 96, 1, 350000.00, 10.00, 315000.00);
INSERT INTO order_details (order_detail_id, order_id, product_id, quantity, price, discount, total_amount) VALUES (619, 321, 117, 1, 750000.00, 10.00, 675000.00);
INSERT INTO payments (payment_id, order_id, payment_method, payment_date, amount, status) VALUES (321, 321, 'BANKING', NULL, 1005000.00, 'pending');
INSERT INTO orders (order_id, user_id, order_date, required_date, shipped_date, ship_address_id, freight, status, total_amount) VALUES (322, 240, '2026-05-18 15:07:05', CURRENT_DATE + INTERVAL '3 days', NULL, 49, 30000.00, 'confirmed', 327500.00);
INSERT INTO order_details (order_detail_id, order_id, product_id, quantity, price, discount, total_amount) VALUES (620, 322, 79, 1, 350000.00, 15.00, 297500.00);
INSERT INTO payments (payment_id, order_id, payment_method, payment_date, amount, status) VALUES (322, 322, 'BANKING', NULL, 327500.00, 'pending');
INSERT INTO deliveries (delivery_id, order_id, carrier_id, shipper_id, delivery_status, tracking_num, ship_address, estimated_delivery_date) VALUES (196, 322, 2, 38, 'picking', 'TRACK322698', '7466 Phu Parkway', CURRENT_DATE + INTERVAL '2 days');
INSERT INTO orders (order_id, user_id, order_date, required_date, shipped_date, ship_address_id, freight, status, total_amount) VALUES (323, 299, '2026-05-18 18:15:50', CURRENT_DATE + INTERVAL '3 days', NULL, 373, 35000.00, 'confirmed', 2142500.00);
INSERT INTO order_details (order_detail_id, order_id, product_id, quantity, price, discount, total_amount) VALUES (621, 323, 163, 2, 250000.00, 15.00, 425000.00);
INSERT INTO order_details (order_detail_id, order_id, product_id, quantity, price, discount, total_amount) VALUES (622, 323, 103, 2, 850000.00, 15.00, 1445000.00);
INSERT INTO order_details (order_detail_id, order_id, product_id, quantity, price, discount, total_amount) VALUES (623, 323, 7, 1, 250000.00, 5.00, 237500.00);
INSERT INTO payments (payment_id, order_id, payment_method, payment_date, amount, status) VALUES (323, 323, 'PAYPAL', NULL, 2142500.00, 'pending');
INSERT INTO deliveries (delivery_id, order_id, carrier_id, shipper_id, delivery_status, tracking_num, ship_address, estimated_delivery_date) VALUES (197, 323, 4, 21, 'picking', 'TRACK323741', '1693 Sinh Track', CURRENT_DATE + INTERVAL '2 days');
INSERT INTO orders (order_id, user_id, order_date, required_date, shipped_date, ship_address_id, freight, status, total_amount) VALUES (324, 67, '2026-05-23 10:03:18', CURRENT_DATE + INTERVAL '3 days', NULL, 289, 35000.00, 'confirmed', 2485000.00);
INSERT INTO order_details (order_detail_id, order_id, product_id, quantity, price, discount, total_amount) VALUES (624, 324, 146, 1, 550000.00, 0.00, 550000.00);
INSERT INTO order_details (order_detail_id, order_id, product_id, quantity, price, discount, total_amount) VALUES (625, 324, 168, 2, 950000.00, 0.00, 1900000.00);
INSERT INTO payments (payment_id, order_id, payment_method, payment_date, amount, status) VALUES (324, 324, 'VNPAY', NULL, 2485000.00, 'pending');
INSERT INTO deliveries (delivery_id, order_id, carrier_id, shipper_id, delivery_status, tracking_num, ship_address, estimated_delivery_date) VALUES (198, 324, 2, 39, 'picking', 'TRACK324249', '000 Vu Dam', CURRENT_DATE + INTERVAL '2 days');
INSERT INTO orders (order_id, user_id, order_date, required_date, shipped_date, ship_address_id, freight, status, total_amount) VALUES (325, 256, '2026-05-11 22:01:56', CURRENT_DATE + INTERVAL '3 days', NULL, 446, 30000.00, 'pending', 1502500.00);
INSERT INTO order_details (order_detail_id, order_id, product_id, quantity, price, discount, total_amount) VALUES (626, 325, 131, 1, 250000.00, 0.00, 250000.00);
INSERT INTO order_details (order_detail_id, order_id, product_id, quantity, price, discount, total_amount) VALUES (627, 325, 128, 1, 650000.00, 10.00, 585000.00);
INSERT INTO order_details (order_detail_id, order_id, product_id, quantity, price, discount, total_amount) VALUES (628, 325, 100, 1, 750000.00, 15.00, 637500.00);
INSERT INTO payments (payment_id, order_id, payment_method, payment_date, amount, status) VALUES (325, 325, 'COD', NULL, 1502500.00, 'pending');
INSERT INTO orders (order_id, user_id, order_date, required_date, shipped_date, ship_address_id, freight, status, total_amount) VALUES (326, 112, '2026-05-07 02:31:34', CURRENT_DATE + INTERVAL '3 days', NULL, 343, 35000.00, 'cancelled', 1842500.00);
INSERT INTO order_details (order_detail_id, order_id, product_id, quantity, price, discount, total_amount) VALUES (629, 326, 1, 2, 350000.00, 5.00, 665000.00);
INSERT INTO order_details (order_detail_id, order_id, product_id, quantity, price, discount, total_amount) VALUES (630, 326, 78, 2, 450000.00, 10.00, 810000.00);
INSERT INTO order_details (order_detail_id, order_id, product_id, quantity, price, discount, total_amount) VALUES (631, 326, 19, 1, 350000.00, 5.00, 332500.00);
INSERT INTO payments (payment_id, order_id, payment_method, payment_date, amount, status) VALUES (326, 326, 'VNPAY', NULL, 1842500.00, 'failed');
INSERT INTO orders (order_id, user_id, order_date, required_date, shipped_date, ship_address_id, freight, status, total_amount) VALUES (327, 162, '2026-05-05 01:01:07', CURRENT_DATE + INTERVAL '3 days', NULL, 408, 15000.00, 'shipping', 537500.00);
INSERT INTO order_details (order_detail_id, order_id, product_id, quantity, price, discount, total_amount) VALUES (632, 327, 163, 1, 550000.00, 5.00, 522500.00);
INSERT INTO payments (payment_id, order_id, payment_method, payment_date, amount, status) VALUES (327, 327, 'MOMO', NULL, 537500.00, 'pending');
INSERT INTO deliveries (delivery_id, order_id, carrier_id, shipper_id, delivery_status, tracking_num, ship_address, estimated_delivery_date) VALUES (199, 327, 2, 38, 'shipping', 'TRACK327074', '39331 Kha Hills', CURRENT_DATE + INTERVAL '2 days');
INSERT INTO orders (order_id, user_id, order_date, required_date, shipped_date, ship_address_id, freight, status, total_amount) VALUES (328, 259, '2026-05-29 13:52:20', CURRENT_DATE + INTERVAL '3 days', CURRENT_DATE, 170, 15000.00, 'delivered', 397500.00);
INSERT INTO order_details (order_detail_id, order_id, product_id, quantity, price, discount, total_amount) VALUES (633, 328, 115, 1, 450000.00, 15.00, 382500.00);
INSERT INTO payments (payment_id, order_id, payment_method, payment_date, amount, status) VALUES (328, 328, 'COD', CURRENT_TIMESTAMP, 397500.00, 'completed');
INSERT INTO deliveries (delivery_id, order_id, carrier_id, shipper_id, delivery_status, tracking_num, ship_address, estimated_delivery_date) VALUES (200, 328, 4, 5, 'delivered', 'TRACK328993', '12411 Vuong Street', CURRENT_DATE + INTERVAL '2 days');
INSERT INTO orders (order_id, user_id, order_date, required_date, shipped_date, ship_address_id, freight, status, total_amount) VALUES (329, 74, '2026-05-27 06:58:49', CURRENT_DATE + INTERVAL '3 days', NULL, 56, 30000.00, 'confirmed', 1645000.00);
INSERT INTO order_details (order_detail_id, order_id, product_id, quantity, price, discount, total_amount) VALUES (634, 329, 60, 2, 650000.00, 0.00, 1300000.00);
INSERT INTO order_details (order_detail_id, order_id, product_id, quantity, price, discount, total_amount) VALUES (635, 329, 151, 1, 350000.00, 10.00, 315000.00);
INSERT INTO payments (payment_id, order_id, payment_method, payment_date, amount, status) VALUES (329, 329, 'VNPAY', NULL, 1645000.00, 'pending');
INSERT INTO deliveries (delivery_id, order_id, carrier_id, shipper_id, delivery_status, tracking_num, ship_address, estimated_delivery_date) VALUES (201, 329, 4, 22, 'picking', 'TRACK329409', '969 Sa Flats', CURRENT_DATE + INTERVAL '2 days');
INSERT INTO orders (order_id, user_id, order_date, required_date, shipped_date, ship_address_id, freight, status, total_amount) VALUES (330, 188, '2026-05-14 18:29:47', CURRENT_DATE + INTERVAL '3 days', CURRENT_DATE, 214, 20000.00, 'delivered', 1077500.00);
INSERT INTO order_details (order_detail_id, order_id, product_id, quantity, price, discount, total_amount) VALUES (636, 330, 135, 1, 750000.00, 10.00, 675000.00);
INSERT INTO order_details (order_detail_id, order_id, product_id, quantity, price, discount, total_amount) VALUES (637, 330, 48, 1, 450000.00, 15.00, 382500.00);
INSERT INTO payments (payment_id, order_id, payment_method, payment_date, amount, status) VALUES (330, 330, 'PAYPAL', CURRENT_TIMESTAMP, 1077500.00, 'completed');
INSERT INTO deliveries (delivery_id, order_id, carrier_id, shipper_id, delivery_status, tracking_num, ship_address, estimated_delivery_date) VALUES (202, 330, 3, 47, 'delivered', 'TRACK330086', '103 Quoc Rest', CURRENT_DATE + INTERVAL '2 days');
INSERT INTO orders (order_id, user_id, order_date, required_date, shipped_date, ship_address_id, freight, status, total_amount) VALUES (331, 182, '2026-05-31 01:08:56', CURRENT_DATE + INTERVAL '3 days', NULL, 353, 20000.00, 'pending', 3165000.00);
INSERT INTO order_details (order_detail_id, order_id, product_id, quantity, price, discount, total_amount) VALUES (638, 331, 74, 2, 550000.00, 10.00, 990000.00);
INSERT INTO order_details (order_detail_id, order_id, product_id, quantity, price, discount, total_amount) VALUES (639, 331, 57, 1, 1050000.00, 0.00, 1050000.00);
INSERT INTO order_details (order_detail_id, order_id, product_id, quantity, price, discount, total_amount) VALUES (640, 331, 79, 2, 650000.00, 15.00, 1105000.00);
INSERT INTO payments (payment_id, order_id, payment_method, payment_date, amount, status) VALUES (331, 331, 'MOMO', NULL, 3165000.00, 'pending');
INSERT INTO orders (order_id, user_id, order_date, required_date, shipped_date, ship_address_id, freight, status, total_amount) VALUES (332, 256, '2026-05-19 19:19:32', CURRENT_DATE + INTERVAL '3 days', NULL, 274, 15000.00, 'shipping', 737500.00);
INSERT INTO order_details (order_detail_id, order_id, product_id, quantity, price, discount, total_amount) VALUES (641, 332, 77, 1, 850000.00, 15.00, 722500.00);
INSERT INTO payments (payment_id, order_id, payment_method, payment_date, amount, status) VALUES (332, 332, 'COD', NULL, 737500.00, 'pending');
INSERT INTO deliveries (delivery_id, order_id, carrier_id, shipper_id, delivery_status, tracking_num, ship_address, estimated_delivery_date) VALUES (203, 332, 4, 35, 'shipping', 'TRACK332616', '0737 Ngo Divide', CURRENT_DATE + INTERVAL '2 days');
INSERT INTO orders (order_id, user_id, order_date, required_date, shipped_date, ship_address_id, freight, status, total_amount) VALUES (333, 33, '2026-05-21 07:47:34', CURRENT_DATE + INTERVAL '3 days', NULL, 271, 20000.00, 'confirmed', 4827500.00);
INSERT INTO order_details (order_detail_id, order_id, product_id, quantity, price, discount, total_amount) VALUES (642, 333, 102, 1, 950000.00, 15.00, 807500.00);
INSERT INTO order_details (order_detail_id, order_id, product_id, quantity, price, discount, total_amount) VALUES (643, 333, 136, 2, 950000.00, 0.00, 1900000.00);
INSERT INTO order_details (order_detail_id, order_id, product_id, quantity, price, discount, total_amount) VALUES (644, 333, 129, 2, 1050000.00, 0.00, 2100000.00);
INSERT INTO payments (payment_id, order_id, payment_method, payment_date, amount, status) VALUES (333, 333, 'PAYPAL', NULL, 4827500.00, 'pending');
INSERT INTO deliveries (delivery_id, order_id, carrier_id, shipper_id, delivery_status, tracking_num, ship_address, estimated_delivery_date) VALUES (204, 333, 3, 35, 'picking', 'TRACK333647', '285 Phan Villages', CURRENT_DATE + INTERVAL '2 days');
INSERT INTO orders (order_id, user_id, order_date, required_date, shipped_date, ship_address_id, freight, status, total_amount) VALUES (334, 172, '2026-05-13 07:42:30', CURRENT_DATE + INTERVAL '3 days', NULL, 9, 35000.00, 'confirmed', 630000.00);
INSERT INTO order_details (order_detail_id, order_id, product_id, quantity, price, discount, total_amount) VALUES (645, 334, 151, 2, 350000.00, 15.00, 595000.00);
INSERT INTO payments (payment_id, order_id, payment_method, payment_date, amount, status) VALUES (334, 334, 'VNPAY', NULL, 630000.00, 'pending');
INSERT INTO deliveries (delivery_id, order_id, carrier_id, shipper_id, delivery_status, tracking_num, ship_address, estimated_delivery_date) VALUES (205, 334, 3, 33, 'picking', 'TRACK334500', '1137 Kim Ferry', CURRENT_DATE + INTERVAL '2 days');
INSERT INTO orders (order_id, user_id, order_date, required_date, shipped_date, ship_address_id, freight, status, total_amount) VALUES (335, 17, '2026-05-09 00:22:41', CURRENT_DATE + INTERVAL '3 days', NULL, 86, 35000.00, 'cancelled', 1175000.00);
INSERT INTO order_details (order_detail_id, order_id, product_id, quantity, price, discount, total_amount) VALUES (646, 335, 155, 1, 950000.00, 10.00, 855000.00);
INSERT INTO order_details (order_detail_id, order_id, product_id, quantity, price, discount, total_amount) VALUES (647, 335, 24, 2, 150000.00, 5.00, 285000.00);
INSERT INTO payments (payment_id, order_id, payment_method, payment_date, amount, status) VALUES (335, 335, 'BANKING', NULL, 1175000.00, 'failed');
INSERT INTO orders (order_id, user_id, order_date, required_date, shipped_date, ship_address_id, freight, status, total_amount) VALUES (336, 178, '2026-05-13 01:55:45', CURRENT_DATE + INTERVAL '3 days', NULL, 50, 25000.00, 'pending', 2190000.00);
INSERT INTO order_details (order_detail_id, order_id, product_id, quantity, price, discount, total_amount) VALUES (648, 336, 192, 2, 350000.00, 0.00, 700000.00);
INSERT INTO order_details (order_detail_id, order_id, product_id, quantity, price, discount, total_amount) VALUES (649, 336, 140, 2, 450000.00, 15.00, 765000.00);
INSERT INTO order_details (order_detail_id, order_id, product_id, quantity, price, discount, total_amount) VALUES (650, 336, 143, 2, 350000.00, 0.00, 700000.00);
INSERT INTO payments (payment_id, order_id, payment_method, payment_date, amount, status) VALUES (336, 336, 'VNPAY', NULL, 2190000.00, 'pending');
INSERT INTO orders (order_id, user_id, order_date, required_date, shipped_date, ship_address_id, freight, status, total_amount) VALUES (337, 215, '2026-05-26 16:30:40', CURRENT_DATE + INTERVAL '3 days', NULL, 378, 15000.00, 'pending', 1545000.00);
INSERT INTO order_details (order_detail_id, order_id, product_id, quantity, price, discount, total_amount) VALUES (651, 337, 28, 1, 850000.00, 15.00, 722500.00);
INSERT INTO order_details (order_detail_id, order_id, product_id, quantity, price, discount, total_amount) VALUES (652, 337, 88, 1, 950000.00, 15.00, 807500.00);
INSERT INTO payments (payment_id, order_id, payment_method, payment_date, amount, status) VALUES (337, 337, 'BANKING', NULL, 1545000.00, 'pending');
INSERT INTO orders (order_id, user_id, order_date, required_date, shipped_date, ship_address_id, freight, status, total_amount) VALUES (338, 161, '2026-05-12 07:49:01', CURRENT_DATE + INTERVAL '3 days', CURRENT_DATE, 420, 35000.00, 'delivered', 2750000.00);
INSERT INTO order_details (order_detail_id, order_id, product_id, quantity, price, discount, total_amount) VALUES (653, 338, 55, 2, 850000.00, 5.00, 1615000.00);
INSERT INTO order_details (order_detail_id, order_id, product_id, quantity, price, discount, total_amount) VALUES (654, 338, 188, 2, 550000.00, 0.00, 1100000.00);
INSERT INTO payments (payment_id, order_id, payment_method, payment_date, amount, status) VALUES (338, 338, 'BANKING', CURRENT_TIMESTAMP, 2750000.00, 'completed');
INSERT INTO deliveries (delivery_id, order_id, carrier_id, shipper_id, delivery_status, tracking_num, ship_address, estimated_delivery_date) VALUES (206, 338, 1, 8, 'delivered', 'TRACK338775', '9173 Phan Stravenue', CURRENT_DATE + INTERVAL '2 days');
INSERT INTO orders (order_id, user_id, order_date, required_date, shipped_date, ship_address_id, freight, status, total_amount) VALUES (339, 196, '2026-05-04 20:07:52', CURRENT_DATE + INTERVAL '3 days', NULL, 67, 30000.00, 'confirmed', 2727500.00);
INSERT INTO order_details (order_detail_id, order_id, product_id, quantity, price, discount, total_amount) VALUES (655, 339, 194, 2, 250000.00, 5.00, 475000.00);
INSERT INTO order_details (order_detail_id, order_id, product_id, quantity, price, discount, total_amount) VALUES (656, 339, 94, 1, 350000.00, 5.00, 332500.00);
INSERT INTO order_details (order_detail_id, order_id, product_id, quantity, price, discount, total_amount) VALUES (657, 339, 195, 2, 1050000.00, 10.00, 1890000.00);
INSERT INTO payments (payment_id, order_id, payment_method, payment_date, amount, status) VALUES (339, 339, 'VNPAY', NULL, 2727500.00, 'pending');
INSERT INTO deliveries (delivery_id, order_id, carrier_id, shipper_id, delivery_status, tracking_num, ship_address, estimated_delivery_date) VALUES (207, 339, 3, 17, 'picking', 'TRACK339635', '54203 Ngoc Dam', CURRENT_DATE + INTERVAL '2 days');
INSERT INTO orders (order_id, user_id, order_date, required_date, shipped_date, ship_address_id, freight, status, total_amount) VALUES (340, 292, '2026-05-30 18:21:27', CURRENT_DATE + INTERVAL '3 days', CURRENT_DATE, 438, 35000.00, 'delivered', 1460000.00);
INSERT INTO order_details (order_detail_id, order_id, product_id, quantity, price, discount, total_amount) VALUES (658, 340, 122, 2, 750000.00, 5.00, 1425000.00);
INSERT INTO payments (payment_id, order_id, payment_method, payment_date, amount, status) VALUES (340, 340, 'COD', CURRENT_TIMESTAMP, 1460000.00, 'completed');
INSERT INTO deliveries (delivery_id, order_id, carrier_id, shipper_id, delivery_status, tracking_num, ship_address, estimated_delivery_date) VALUES (208, 340, 1, 26, 'delivered', 'TRACK340831', '8184 Dang Throughway', CURRENT_DATE + INTERVAL '2 days');
INSERT INTO orders (order_id, user_id, order_date, required_date, shipped_date, ship_address_id, freight, status, total_amount) VALUES (341, 117, '2026-05-27 06:48:00', CURRENT_DATE + INTERVAL '3 days', NULL, 96, 35000.00, 'cancelled', 735000.00);
INSERT INTO order_details (order_detail_id, order_id, product_id, quantity, price, discount, total_amount) VALUES (659, 341, 18, 2, 350000.00, 0.00, 700000.00);
INSERT INTO payments (payment_id, order_id, payment_method, payment_date, amount, status) VALUES (341, 341, 'COD', NULL, 735000.00, 'failed');
INSERT INTO orders (order_id, user_id, order_date, required_date, shipped_date, ship_address_id, freight, status, total_amount) VALUES (342, 51, '2026-05-27 14:20:30', CURRENT_DATE + INTERVAL '3 days', NULL, 70, 15000.00, 'shipping', 2670000.00);
INSERT INTO order_details (order_detail_id, order_id, product_id, quantity, price, discount, total_amount) VALUES (660, 342, 61, 2, 1050000.00, 10.00, 1890000.00);
INSERT INTO order_details (order_detail_id, order_id, product_id, quantity, price, discount, total_amount) VALUES (661, 342, 109, 2, 150000.00, 10.00, 270000.00);
INSERT INTO order_details (order_detail_id, order_id, product_id, quantity, price, discount, total_amount) VALUES (662, 342, 35, 1, 550000.00, 10.00, 495000.00);
INSERT INTO payments (payment_id, order_id, payment_method, payment_date, amount, status) VALUES (342, 342, 'MOMO', NULL, 2670000.00, 'pending');
INSERT INTO deliveries (delivery_id, order_id, carrier_id, shipper_id, delivery_status, tracking_num, ship_address, estimated_delivery_date) VALUES (209, 342, 4, 1, 'shipping', 'TRACK342740', '31811 Pham Skyway', CURRENT_DATE + INTERVAL '2 days');
INSERT INTO orders (order_id, user_id, order_date, required_date, shipped_date, ship_address_id, freight, status, total_amount) VALUES (343, 172, '2026-05-18 08:51:26', CURRENT_DATE + INTERVAL '3 days', NULL, 121, 35000.00, 'shipping', 3895000.00);
INSERT INTO order_details (order_detail_id, order_id, product_id, quantity, price, discount, total_amount) VALUES (663, 343, 172, 2, 750000.00, 5.00, 1425000.00);
INSERT INTO order_details (order_detail_id, order_id, product_id, quantity, price, discount, total_amount) VALUES (664, 343, 186, 2, 1050000.00, 15.00, 1785000.00);
INSERT INTO order_details (order_detail_id, order_id, product_id, quantity, price, discount, total_amount) VALUES (665, 343, 15, 1, 650000.00, 0.00, 650000.00);
INSERT INTO payments (payment_id, order_id, payment_method, payment_date, amount, status) VALUES (343, 343, 'MOMO', NULL, 3895000.00, 'pending');
INSERT INTO deliveries (delivery_id, order_id, carrier_id, shipper_id, delivery_status, tracking_num, ship_address, estimated_delivery_date) VALUES (210, 343, 1, 36, 'shipping', 'TRACK343653', '005 Trinh Square', CURRENT_DATE + INTERVAL '2 days');
INSERT INTO orders (order_id, user_id, order_date, required_date, shipped_date, ship_address_id, freight, status, total_amount) VALUES (344, 79, '2026-05-11 23:02:57', CURRENT_DATE + INTERVAL '3 days', CURRENT_DATE, 46, 30000.00, 'delivered', 1075000.00);
INSERT INTO order_details (order_detail_id, order_id, product_id, quantity, price, discount, total_amount) VALUES (666, 344, 123, 2, 550000.00, 5.00, 1045000.00);
INSERT INTO payments (payment_id, order_id, payment_method, payment_date, amount, status) VALUES (344, 344, 'BANKING', CURRENT_TIMESTAMP, 1075000.00, 'completed');
INSERT INTO deliveries (delivery_id, order_id, carrier_id, shipper_id, delivery_status, tracking_num, ship_address, estimated_delivery_date) VALUES (211, 344, 2, 31, 'delivered', 'TRACK344285', '495 Nam Lodge', CURRENT_DATE + INTERVAL '2 days');
INSERT INTO reviews (review_id, user_id, product_id, rating, comment, review_date) VALUES (344, 79, 116, 4, 'San pham dong goi can than, giao hang Gen Z sieu nhanh, chat luong tuyet voi so voi tam gia!', '2026-05-11 23:02:57');
INSERT INTO orders (order_id, user_id, order_date, required_date, shipped_date, ship_address_id, freight, status, total_amount) VALUES (345, 203, '2026-05-17 17:35:01', CURRENT_DATE + INTERVAL '3 days', NULL, 315, 20000.00, 'cancelled', 1445000.00);
INSERT INTO order_details (order_detail_id, order_id, product_id, quantity, price, discount, total_amount) VALUES (667, 345, 180, 1, 450000.00, 5.00, 427500.00);
INSERT INTO order_details (order_detail_id, order_id, product_id, quantity, price, discount, total_amount) VALUES (668, 345, 127, 1, 150000.00, 5.00, 142500.00);
INSERT INTO order_details (order_detail_id, order_id, product_id, quantity, price, discount, total_amount) VALUES (669, 345, 73, 2, 450000.00, 5.00, 855000.00);
INSERT INTO payments (payment_id, order_id, payment_method, payment_date, amount, status) VALUES (345, 345, 'BANKING', NULL, 1445000.00, 'failed');
INSERT INTO orders (order_id, user_id, order_date, required_date, shipped_date, ship_address_id, freight, status, total_amount) VALUES (346, 38, '2026-05-31 01:38:23', CURRENT_DATE + INTERVAL '3 days', NULL, 273, 20000.00, 'pending', 1830000.00);
INSERT INTO order_details (order_detail_id, order_id, product_id, quantity, price, discount, total_amount) VALUES (670, 346, 179, 1, 450000.00, 10.00, 405000.00);
INSERT INTO order_details (order_detail_id, order_id, product_id, quantity, price, discount, total_amount) VALUES (671, 346, 136, 2, 150000.00, 0.00, 300000.00);
INSERT INTO order_details (order_detail_id, order_id, product_id, quantity, price, discount, total_amount) VALUES (672, 346, 98, 2, 650000.00, 15.00, 1105000.00);
INSERT INTO payments (payment_id, order_id, payment_method, payment_date, amount, status) VALUES (346, 346, 'COD', NULL, 1830000.00, 'pending');
INSERT INTO orders (order_id, user_id, order_date, required_date, shipped_date, ship_address_id, freight, status, total_amount) VALUES (347, 207, '2026-05-03 21:48:54', CURRENT_DATE + INTERVAL '3 days', NULL, 86, 30000.00, 'pending', 1020000.00);
INSERT INTO order_details (order_detail_id, order_id, product_id, quantity, price, discount, total_amount) VALUES (673, 347, 129, 1, 650000.00, 10.00, 585000.00);
INSERT INTO order_details (order_detail_id, order_id, product_id, quantity, price, discount, total_amount) VALUES (674, 347, 200, 1, 450000.00, 10.00, 405000.00);
INSERT INTO payments (payment_id, order_id, payment_method, payment_date, amount, status) VALUES (347, 347, 'VNPAY', NULL, 1020000.00, 'pending');
INSERT INTO orders (order_id, user_id, order_date, required_date, shipped_date, ship_address_id, freight, status, total_amount) VALUES (348, 117, '2026-05-05 19:55:21', CURRENT_DATE + INTERVAL '3 days', NULL, 280, 30000.00, 'cancelled', 885000.00);
INSERT INTO order_details (order_detail_id, order_id, product_id, quantity, price, discount, total_amount) VALUES (675, 348, 52, 1, 250000.00, 10.00, 225000.00);
INSERT INTO order_details (order_detail_id, order_id, product_id, quantity, price, discount, total_amount) VALUES (676, 348, 106, 2, 350000.00, 10.00, 630000.00);
INSERT INTO payments (payment_id, order_id, payment_method, payment_date, amount, status) VALUES (348, 348, 'COD', NULL, 885000.00, 'failed');
INSERT INTO orders (order_id, user_id, order_date, required_date, shipped_date, ship_address_id, freight, status, total_amount) VALUES (349, 38, '2026-05-14 16:22:36', CURRENT_DATE + INTERVAL '3 days', NULL, 417, 25000.00, 'shipping', 1645000.00);
INSERT INTO order_details (order_detail_id, order_id, product_id, quantity, price, discount, total_amount) VALUES (677, 349, 140, 1, 950000.00, 10.00, 855000.00);
INSERT INTO order_details (order_detail_id, order_id, product_id, quantity, price, discount, total_amount) VALUES (678, 349, 112, 1, 850000.00, 10.00, 765000.00);
INSERT INTO payments (payment_id, order_id, payment_method, payment_date, amount, status) VALUES (349, 349, 'PAYPAL', NULL, 1645000.00, 'pending');
INSERT INTO deliveries (delivery_id, order_id, carrier_id, shipper_id, delivery_status, tracking_num, ship_address, estimated_delivery_date) VALUES (212, 349, 1, 48, 'shipping', 'TRACK349597', '8709 Trieu Park', CURRENT_DATE + INTERVAL '2 days');
INSERT INTO orders (order_id, user_id, order_date, required_date, shipped_date, ship_address_id, freight, status, total_amount) VALUES (350, 283, '2026-05-06 18:48:33', CURRENT_DATE + INTERVAL '3 days', NULL, 352, 25000.00, 'confirmed', 2115000.00);
INSERT INTO order_details (order_detail_id, order_id, product_id, quantity, price, discount, total_amount) VALUES (679, 350, 72, 1, 150000.00, 5.00, 142500.00);
INSERT INTO order_details (order_detail_id, order_id, product_id, quantity, price, discount, total_amount) VALUES (680, 350, 94, 2, 850000.00, 5.00, 1615000.00);
INSERT INTO order_details (order_detail_id, order_id, product_id, quantity, price, discount, total_amount) VALUES (681, 350, 40, 1, 350000.00, 5.00, 332500.00);
INSERT INTO payments (payment_id, order_id, payment_method, payment_date, amount, status) VALUES (350, 350, 'MOMO', NULL, 2115000.00, 'pending');
INSERT INTO deliveries (delivery_id, order_id, carrier_id, shipper_id, delivery_status, tracking_num, ship_address, estimated_delivery_date) VALUES (213, 350, 4, 45, 'picking', 'TRACK350113', '5709 Lam Cliff', CURRENT_DATE + INTERVAL '2 days');
INSERT INTO orders (order_id, user_id, order_date, required_date, shipped_date, ship_address_id, freight, status, total_amount) VALUES (351, 238, '2026-05-29 19:07:41', CURRENT_DATE + INTERVAL '3 days', NULL, 45, 35000.00, 'confirmed', 535000.00);
INSERT INTO order_details (order_detail_id, order_id, product_id, quantity, price, discount, total_amount) VALUES (682, 351, 46, 2, 250000.00, 0.00, 500000.00);
INSERT INTO payments (payment_id, order_id, payment_method, payment_date, amount, status) VALUES (351, 351, 'PAYPAL', NULL, 535000.00, 'pending');
INSERT INTO deliveries (delivery_id, order_id, carrier_id, shipper_id, delivery_status, tracking_num, ship_address, estimated_delivery_date) VALUES (214, 351, 1, 30, 'picking', 'TRACK351514', '8615 Thuy Plains', CURRENT_DATE + INTERVAL '2 days');
INSERT INTO orders (order_id, user_id, order_date, required_date, shipped_date, ship_address_id, freight, status, total_amount) VALUES (352, 212, '2026-05-24 13:54:44', CURRENT_DATE + INTERVAL '3 days', NULL, 110, 35000.00, 'cancelled', 2010000.00);
INSERT INTO order_details (order_detail_id, order_id, product_id, quantity, price, discount, total_amount) VALUES (683, 352, 88, 2, 650000.00, 15.00, 1105000.00);
INSERT INTO order_details (order_detail_id, order_id, product_id, quantity, price, discount, total_amount) VALUES (684, 352, 141, 1, 650000.00, 10.00, 585000.00);
INSERT INTO order_details (order_detail_id, order_id, product_id, quantity, price, discount, total_amount) VALUES (685, 352, 194, 2, 150000.00, 5.00, 285000.00);
INSERT INTO payments (payment_id, order_id, payment_method, payment_date, amount, status) VALUES (352, 352, 'COD', NULL, 2010000.00, 'failed');
INSERT INTO orders (order_id, user_id, order_date, required_date, shipped_date, ship_address_id, freight, status, total_amount) VALUES (353, 95, '2026-05-13 04:48:15', CURRENT_DATE + INTERVAL '3 days', CURRENT_DATE, 190, 35000.00, 'delivered', 772500.00);
INSERT INTO order_details (order_detail_id, order_id, product_id, quantity, price, discount, total_amount) VALUES (686, 353, 81, 2, 350000.00, 15.00, 595000.00);
INSERT INTO order_details (order_detail_id, order_id, product_id, quantity, price, discount, total_amount) VALUES (687, 353, 136, 1, 150000.00, 5.00, 142500.00);
INSERT INTO payments (payment_id, order_id, payment_method, payment_date, amount, status) VALUES (353, 353, 'COD', CURRENT_TIMESTAMP, 772500.00, 'completed');
INSERT INTO deliveries (delivery_id, order_id, carrier_id, shipper_id, delivery_status, tracking_num, ship_address, estimated_delivery_date) VALUES (215, 353, 1, 4, 'delivered', 'TRACK353228', '7444 Trung Groves', CURRENT_DATE + INTERVAL '2 days');
INSERT INTO orders (order_id, user_id, order_date, required_date, shipped_date, ship_address_id, freight, status, total_amount) VALUES (354, 241, '2026-05-04 14:53:05', CURRENT_DATE + INTERVAL '3 days', NULL, 1, 20000.00, 'cancelled', 2620000.00);
INSERT INTO order_details (order_detail_id, order_id, product_id, quantity, price, discount, total_amount) VALUES (688, 354, 32, 2, 450000.00, 0.00, 900000.00);
INSERT INTO order_details (order_detail_id, order_id, product_id, quantity, price, discount, total_amount) VALUES (689, 354, 72, 2, 850000.00, 0.00, 1700000.00);
INSERT INTO payments (payment_id, order_id, payment_method, payment_date, amount, status) VALUES (354, 354, 'PAYPAL', NULL, 2620000.00, 'failed');
INSERT INTO orders (order_id, user_id, order_date, required_date, shipped_date, ship_address_id, freight, status, total_amount) VALUES (355, 154, '2026-05-20 15:18:53', CURRENT_DATE + INTERVAL '3 days', NULL, 338, 20000.00, 'shipping', 1872500.00);
INSERT INTO order_details (order_detail_id, order_id, product_id, quantity, price, discount, total_amount) VALUES (690, 355, 55, 2, 350000.00, 15.00, 595000.00);
INSERT INTO order_details (order_detail_id, order_id, product_id, quantity, price, discount, total_amount) VALUES (691, 355, 41, 1, 450000.00, 0.00, 450000.00);
INSERT INTO order_details (order_detail_id, order_id, product_id, quantity, price, discount, total_amount) VALUES (692, 355, 77, 1, 950000.00, 15.00, 807500.00);
INSERT INTO payments (payment_id, order_id, payment_method, payment_date, amount, status) VALUES (355, 355, 'MOMO', NULL, 1872500.00, 'pending');
INSERT INTO deliveries (delivery_id, order_id, carrier_id, shipper_id, delivery_status, tracking_num, ship_address, estimated_delivery_date) VALUES (216, 355, 1, 2, 'shipping', 'TRACK355753', '898 Nam Curve', CURRENT_DATE + INTERVAL '2 days');
INSERT INTO orders (order_id, user_id, order_date, required_date, shipped_date, ship_address_id, freight, status, total_amount) VALUES (356, 215, '2026-05-30 04:50:45', CURRENT_DATE + INTERVAL '3 days', CURRENT_DATE, 305, 20000.00, 'delivered', 2252500.00);
INSERT INTO order_details (order_detail_id, order_id, product_id, quantity, price, discount, total_amount) VALUES (693, 356, 28, 1, 850000.00, 5.00, 807500.00);
INSERT INTO order_details (order_detail_id, order_id, product_id, quantity, price, discount, total_amount) VALUES (694, 356, 110, 2, 650000.00, 10.00, 1170000.00);
INSERT INTO order_details (order_detail_id, order_id, product_id, quantity, price, discount, total_amount) VALUES (695, 356, 190, 2, 150000.00, 15.00, 255000.00);
INSERT INTO payments (payment_id, order_id, payment_method, payment_date, amount, status) VALUES (356, 356, 'BANKING', CURRENT_TIMESTAMP, 2252500.00, 'completed');
INSERT INTO deliveries (delivery_id, order_id, carrier_id, shipper_id, delivery_status, tracking_num, ship_address, estimated_delivery_date) VALUES (217, 356, 3, 24, 'delivered', 'TRACK356168', '77293 Trinh Summit', CURRENT_DATE + INTERVAL '2 days');
INSERT INTO reviews (review_id, user_id, product_id, rating, comment, review_date) VALUES (356, 215, 77, 5, 'San pham dong goi can than, giao hang Gen Z sieu nhanh, chat luong tuyet voi so voi tam gia!', '2026-05-30 04:50:45');
INSERT INTO orders (order_id, user_id, order_date, required_date, shipped_date, ship_address_id, freight, status, total_amount) VALUES (357, 229, '2026-05-20 18:31:23', CURRENT_DATE + INTERVAL '3 days', NULL, 353, 35000.00, 'cancelled', 985000.00);
INSERT INTO order_details (order_detail_id, order_id, product_id, quantity, price, discount, total_amount) VALUES (696, 357, 88, 1, 950000.00, 0.00, 950000.00);
INSERT INTO payments (payment_id, order_id, payment_method, payment_date, amount, status) VALUES (357, 357, 'MOMO', NULL, 985000.00, 'failed');
INSERT INTO orders (order_id, user_id, order_date, required_date, shipped_date, ship_address_id, freight, status, total_amount) VALUES (358, 273, '2026-05-12 09:41:41', CURRENT_DATE + INTERVAL '3 days', NULL, 447, 35000.00, 'cancelled', 332500.00);
INSERT INTO order_details (order_detail_id, order_id, product_id, quantity, price, discount, total_amount) VALUES (697, 358, 122, 1, 350000.00, 15.00, 297500.00);
INSERT INTO payments (payment_id, order_id, payment_method, payment_date, amount, status) VALUES (358, 358, 'MOMO', NULL, 332500.00, 'failed');
INSERT INTO orders (order_id, user_id, order_date, required_date, shipped_date, ship_address_id, freight, status, total_amount) VALUES (359, 54, '2026-05-22 20:20:20', CURRENT_DATE + INTERVAL '3 days', NULL, 349, 30000.00, 'confirmed', 1722500.00);
INSERT INTO order_details (order_detail_id, order_id, product_id, quantity, price, discount, total_amount) VALUES (698, 359, 118, 1, 550000.00, 10.00, 495000.00);
INSERT INTO order_details (order_detail_id, order_id, product_id, quantity, price, discount, total_amount) VALUES (699, 359, 189, 1, 750000.00, 10.00, 675000.00);
INSERT INTO order_details (order_detail_id, order_id, product_id, quantity, price, discount, total_amount) VALUES (700, 359, 33, 1, 550000.00, 5.00, 522500.00);
INSERT INTO payments (payment_id, order_id, payment_method, payment_date, amount, status) VALUES (359, 359, 'MOMO', NULL, 1722500.00, 'pending');
INSERT INTO deliveries (delivery_id, order_id, carrier_id, shipper_id, delivery_status, tracking_num, ship_address, estimated_delivery_date) VALUES (218, 359, 4, 44, 'picking', 'TRACK359626', '2438 Pham Road', CURRENT_DATE + INTERVAL '2 days');
INSERT INTO orders (order_id, user_id, order_date, required_date, shipped_date, ship_address_id, freight, status, total_amount) VALUES (360, 293, '2026-05-04 22:39:30', CURRENT_DATE + INTERVAL '3 days', NULL, 29, 15000.00, 'cancelled', 2025000.00);
INSERT INTO order_details (order_detail_id, order_id, product_id, quantity, price, discount, total_amount) VALUES (701, 360, 170, 2, 550000.00, 0.00, 1100000.00);
INSERT INTO order_details (order_detail_id, order_id, product_id, quantity, price, discount, total_amount) VALUES (702, 360, 11, 1, 350000.00, 10.00, 315000.00);
INSERT INTO order_details (order_detail_id, order_id, product_id, quantity, price, discount, total_amount) VALUES (703, 360, 164, 2, 350000.00, 15.00, 595000.00);
INSERT INTO payments (payment_id, order_id, payment_method, payment_date, amount, status) VALUES (360, 360, 'COD', NULL, 2025000.00, 'failed');
INSERT INTO orders (order_id, user_id, order_date, required_date, shipped_date, ship_address_id, freight, status, total_amount) VALUES (361, 260, '2026-05-10 06:08:28', CURRENT_DATE + INTERVAL '3 days', CURRENT_DATE, 150, 35000.00, 'delivered', 1140000.00);
INSERT INTO order_details (order_detail_id, order_id, product_id, quantity, price, discount, total_amount) VALUES (704, 361, 78, 2, 650000.00, 15.00, 1105000.00);
INSERT INTO payments (payment_id, order_id, payment_method, payment_date, amount, status) VALUES (361, 361, 'BANKING', CURRENT_TIMESTAMP, 1140000.00, 'completed');
INSERT INTO deliveries (delivery_id, order_id, carrier_id, shipper_id, delivery_status, tracking_num, ship_address, estimated_delivery_date) VALUES (219, 361, 2, 37, 'delivered', 'TRACK361671', '4763 Duong Cliff', CURRENT_DATE + INTERVAL '2 days');
INSERT INTO orders (order_id, user_id, order_date, required_date, shipped_date, ship_address_id, freight, status, total_amount) VALUES (362, 258, '2026-05-14 20:42:16', CURRENT_DATE + INTERVAL '3 days', NULL, 84, 25000.00, 'shipping', 2020000.00);
INSERT INTO order_details (order_detail_id, order_id, product_id, quantity, price, discount, total_amount) VALUES (705, 362, 26, 2, 1050000.00, 5.00, 1995000.00);
INSERT INTO payments (payment_id, order_id, payment_method, payment_date, amount, status) VALUES (362, 362, 'VNPAY', NULL, 2020000.00, 'pending');
INSERT INTO deliveries (delivery_id, order_id, carrier_id, shipper_id, delivery_status, tracking_num, ship_address, estimated_delivery_date) VALUES (220, 362, 1, 23, 'shipping', 'TRACK362173', '69544 Trieu Crossing', CURRENT_DATE + INTERVAL '2 days');
INSERT INTO orders (order_id, user_id, order_date, required_date, shipped_date, ship_address_id, freight, status, total_amount) VALUES (363, 118, '2026-05-12 07:35:55', CURRENT_DATE + INTERVAL '3 days', NULL, 16, 25000.00, 'cancelled', 1592500.00);
INSERT INTO order_details (order_detail_id, order_id, product_id, quantity, price, discount, total_amount) VALUES (706, 363, 117, 1, 250000.00, 10.00, 225000.00);
INSERT INTO order_details (order_detail_id, order_id, product_id, quantity, price, discount, total_amount) VALUES (707, 363, 141, 1, 350000.00, 15.00, 297500.00);
INSERT INTO order_details (order_detail_id, order_id, product_id, quantity, price, discount, total_amount) VALUES (708, 363, 21, 2, 550000.00, 5.00, 1045000.00);
INSERT INTO payments (payment_id, order_id, payment_method, payment_date, amount, status) VALUES (363, 363, 'PAYPAL', NULL, 1592500.00, 'failed');
INSERT INTO orders (order_id, user_id, order_date, required_date, shipped_date, ship_address_id, freight, status, total_amount) VALUES (364, 84, '2026-05-15 23:22:08', CURRENT_DATE + INTERVAL '3 days', NULL, 372, 35000.00, 'cancelled', 3180000.00);
INSERT INTO order_details (order_detail_id, order_id, product_id, quantity, price, discount, total_amount) VALUES (709, 364, 66, 1, 750000.00, 15.00, 637500.00);
INSERT INTO order_details (order_detail_id, order_id, product_id, quantity, price, discount, total_amount) VALUES (710, 364, 118, 1, 950000.00, 15.00, 807500.00);
INSERT INTO order_details (order_detail_id, order_id, product_id, quantity, price, discount, total_amount) VALUES (711, 364, 118, 2, 850000.00, 0.00, 1700000.00);
INSERT INTO payments (payment_id, order_id, payment_method, payment_date, amount, status) VALUES (364, 364, 'VNPAY', NULL, 3180000.00, 'failed');
INSERT INTO orders (order_id, user_id, order_date, required_date, shipped_date, ship_address_id, freight, status, total_amount) VALUES (365, 18, '2026-05-22 17:19:39', CURRENT_DATE + INTERVAL '3 days', NULL, 418, 35000.00, 'confirmed', 672500.00);
INSERT INTO order_details (order_detail_id, order_id, product_id, quantity, price, discount, total_amount) VALUES (712, 365, 142, 1, 750000.00, 15.00, 637500.00);
INSERT INTO payments (payment_id, order_id, payment_method, payment_date, amount, status) VALUES (365, 365, 'MOMO', NULL, 672500.00, 'pending');
INSERT INTO deliveries (delivery_id, order_id, carrier_id, shipper_id, delivery_status, tracking_num, ship_address, estimated_delivery_date) VALUES (221, 365, 4, 8, 'picking', 'TRACK365353', '3136 Ho Stream', CURRENT_DATE + INTERVAL '2 days');
INSERT INTO orders (order_id, user_id, order_date, required_date, shipped_date, ship_address_id, freight, status, total_amount) VALUES (366, 161, '2026-05-31 12:22:23', CURRENT_DATE + INTERVAL '3 days', NULL, 242, 35000.00, 'cancelled', 2225000.00);
INSERT INTO order_details (order_detail_id, order_id, product_id, quantity, price, discount, total_amount) VALUES (713, 366, 5, 1, 750000.00, 0.00, 750000.00);
INSERT INTO order_details (order_detail_id, order_id, product_id, quantity, price, discount, total_amount) VALUES (714, 366, 68, 1, 750000.00, 10.00, 675000.00);
INSERT INTO order_details (order_detail_id, order_id, product_id, quantity, price, discount, total_amount) VALUES (715, 366, 157, 1, 850000.00, 10.00, 765000.00);
INSERT INTO payments (payment_id, order_id, payment_method, payment_date, amount, status) VALUES (366, 366, 'PAYPAL', NULL, 2225000.00, 'failed');
INSERT INTO orders (order_id, user_id, order_date, required_date, shipped_date, ship_address_id, freight, status, total_amount) VALUES (367, 175, '2026-05-10 02:06:35', CURRENT_DATE + INTERVAL '3 days', NULL, 205, 15000.00, 'confirmed', 3650000.00);
INSERT INTO order_details (order_detail_id, order_id, product_id, quantity, price, discount, total_amount) VALUES (716, 367, 1, 2, 550000.00, 0.00, 1100000.00);
INSERT INTO order_details (order_detail_id, order_id, product_id, quantity, price, discount, total_amount) VALUES (717, 367, 197, 1, 750000.00, 0.00, 750000.00);
INSERT INTO order_details (order_detail_id, order_id, product_id, quantity, price, discount, total_amount) VALUES (718, 367, 9, 2, 1050000.00, 15.00, 1785000.00);
INSERT INTO payments (payment_id, order_id, payment_method, payment_date, amount, status) VALUES (367, 367, 'COD', NULL, 3650000.00, 'pending');
INSERT INTO deliveries (delivery_id, order_id, carrier_id, shipper_id, delivery_status, tracking_num, ship_address, estimated_delivery_date) VALUES (222, 367, 3, 24, 'picking', 'TRACK367925', '67540 Mai Harbors', CURRENT_DATE + INTERVAL '2 days');
INSERT INTO orders (order_id, user_id, order_date, required_date, shipped_date, ship_address_id, freight, status, total_amount) VALUES (368, 287, '2026-05-17 22:00:57', CURRENT_DATE + INTERVAL '3 days', NULL, 123, 20000.00, 'cancelled', 352500.00);
INSERT INTO order_details (order_detail_id, order_id, product_id, quantity, price, discount, total_amount) VALUES (719, 368, 33, 1, 350000.00, 5.00, 332500.00);
INSERT INTO payments (payment_id, order_id, payment_method, payment_date, amount, status) VALUES (368, 368, 'PAYPAL', NULL, 352500.00, 'failed');
INSERT INTO orders (order_id, user_id, order_date, required_date, shipped_date, ship_address_id, freight, status, total_amount) VALUES (369, 72, '2026-05-07 21:48:11', CURRENT_DATE + INTERVAL '3 days', NULL, 350, 25000.00, 'pending', 1410000.00);
INSERT INTO order_details (order_detail_id, order_id, product_id, quantity, price, discount, total_amount) VALUES (720, 369, 196, 2, 550000.00, 0.00, 1100000.00);
INSERT INTO order_details (order_detail_id, order_id, product_id, quantity, price, discount, total_amount) VALUES (721, 369, 120, 2, 150000.00, 5.00, 285000.00);
INSERT INTO payments (payment_id, order_id, payment_method, payment_date, amount, status) VALUES (369, 369, 'VNPAY', NULL, 1410000.00, 'pending');
INSERT INTO orders (order_id, user_id, order_date, required_date, shipped_date, ship_address_id, freight, status, total_amount) VALUES (370, 232, '2026-05-08 07:14:44', CURRENT_DATE + INTERVAL '3 days', NULL, 242, 30000.00, 'confirmed', 2675000.00);
INSERT INTO order_details (order_detail_id, order_id, product_id, quantity, price, discount, total_amount) VALUES (722, 370, 103, 2, 750000.00, 15.00, 1275000.00);
INSERT INTO order_details (order_detail_id, order_id, product_id, quantity, price, discount, total_amount) VALUES (723, 370, 169, 1, 550000.00, 15.00, 467500.00);
INSERT INTO order_details (order_detail_id, order_id, product_id, quantity, price, discount, total_amount) VALUES (724, 370, 143, 1, 950000.00, 5.00, 902500.00);
INSERT INTO payments (payment_id, order_id, payment_method, payment_date, amount, status) VALUES (370, 370, 'MOMO', NULL, 2675000.00, 'pending');
INSERT INTO deliveries (delivery_id, order_id, carrier_id, shipper_id, delivery_status, tracking_num, ship_address, estimated_delivery_date) VALUES (223, 370, 4, 29, 'picking', 'TRACK370431', '7002 Thi Valley', CURRENT_DATE + INTERVAL '2 days');
INSERT INTO orders (order_id, user_id, order_date, required_date, shipped_date, ship_address_id, freight, status, total_amount) VALUES (371, 166, '2026-05-29 02:17:13', CURRENT_DATE + INTERVAL '3 days', NULL, 172, 30000.00, 'cancelled', 412500.00);
INSERT INTO order_details (order_detail_id, order_id, product_id, quantity, price, discount, total_amount) VALUES (725, 371, 107, 1, 450000.00, 15.00, 382500.00);
INSERT INTO payments (payment_id, order_id, payment_method, payment_date, amount, status) VALUES (371, 371, 'BANKING', NULL, 412500.00, 'failed');
INSERT INTO orders (order_id, user_id, order_date, required_date, shipped_date, ship_address_id, freight, status, total_amount) VALUES (372, 6, '2026-05-25 08:15:51', CURRENT_DATE + INTERVAL '3 days', NULL, 108, 25000.00, 'cancelled', 1022500.00);
INSERT INTO order_details (order_detail_id, order_id, product_id, quantity, price, discount, total_amount) VALUES (726, 372, 140, 1, 1050000.00, 5.00, 997500.00);
INSERT INTO payments (payment_id, order_id, payment_method, payment_date, amount, status) VALUES (372, 372, 'PAYPAL', NULL, 1022500.00, 'failed');
INSERT INTO orders (order_id, user_id, order_date, required_date, shipped_date, ship_address_id, freight, status, total_amount) VALUES (373, 79, '2026-05-25 04:50:33', CURRENT_DATE + INTERVAL '3 days', NULL, 445, 30000.00, 'confirmed', 2250000.00);
INSERT INTO order_details (order_detail_id, order_id, product_id, quantity, price, discount, total_amount) VALUES (727, 373, 200, 2, 450000.00, 15.00, 765000.00);
INSERT INTO order_details (order_detail_id, order_id, product_id, quantity, price, discount, total_amount) VALUES (728, 373, 196, 1, 450000.00, 10.00, 405000.00);
INSERT INTO order_details (order_detail_id, order_id, product_id, quantity, price, discount, total_amount) VALUES (729, 373, 134, 1, 1050000.00, 0.00, 1050000.00);
INSERT INTO payments (payment_id, order_id, payment_method, payment_date, amount, status) VALUES (373, 373, 'BANKING', NULL, 2250000.00, 'pending');
INSERT INTO deliveries (delivery_id, order_id, carrier_id, shipper_id, delivery_status, tracking_num, ship_address, estimated_delivery_date) VALUES (224, 373, 2, 4, 'picking', 'TRACK373865', '1265 Hien Stravenue', CURRENT_DATE + INTERVAL '2 days');
INSERT INTO orders (order_id, user_id, order_date, required_date, shipped_date, ship_address_id, freight, status, total_amount) VALUES (374, 128, '2026-05-28 03:09:45', CURRENT_DATE + INTERVAL '3 days', NULL, 416, 30000.00, 'pending', 582500.00);
INSERT INTO order_details (order_detail_id, order_id, product_id, quantity, price, discount, total_amount) VALUES (730, 374, 200, 1, 650000.00, 15.00, 552500.00);
INSERT INTO payments (payment_id, order_id, payment_method, payment_date, amount, status) VALUES (374, 374, 'COD', NULL, 582500.00, 'pending');
INSERT INTO orders (order_id, user_id, order_date, required_date, shipped_date, ship_address_id, freight, status, total_amount) VALUES (375, 94, '2026-05-08 16:10:36', CURRENT_DATE + INTERVAL '3 days', NULL, 314, 30000.00, 'shipping', 1960000.00);
INSERT INTO order_details (order_detail_id, order_id, product_id, quantity, price, discount, total_amount) VALUES (731, 375, 154, 1, 350000.00, 10.00, 315000.00);
INSERT INTO order_details (order_detail_id, order_id, product_id, quantity, price, discount, total_amount) VALUES (732, 375, 76, 2, 950000.00, 15.00, 1615000.00);
INSERT INTO payments (payment_id, order_id, payment_method, payment_date, amount, status) VALUES (375, 375, 'VNPAY', NULL, 1960000.00, 'pending');
INSERT INTO deliveries (delivery_id, order_id, carrier_id, shipper_id, delivery_status, tracking_num, ship_address, estimated_delivery_date) VALUES (225, 375, 4, 12, 'shipping', 'TRACK375639', '1689 Dang Falls', CURRENT_DATE + INTERVAL '2 days');
INSERT INTO orders (order_id, user_id, order_date, required_date, shipped_date, ship_address_id, freight, status, total_amount) VALUES (376, 15, '2026-05-21 04:32:51', CURRENT_DATE + INTERVAL '3 days', NULL, 309, 20000.00, 'cancelled', 605000.00);
INSERT INTO order_details (order_detail_id, order_id, product_id, quantity, price, discount, total_amount) VALUES (733, 376, 15, 2, 150000.00, 5.00, 285000.00);
INSERT INTO order_details (order_detail_id, order_id, product_id, quantity, price, discount, total_amount) VALUES (734, 376, 14, 2, 150000.00, 0.00, 300000.00);
INSERT INTO payments (payment_id, order_id, payment_method, payment_date, amount, status) VALUES (376, 376, 'COD', NULL, 605000.00, 'failed');
INSERT INTO orders (order_id, user_id, order_date, required_date, shipped_date, ship_address_id, freight, status, total_amount) VALUES (377, 14, '2026-05-30 23:46:59', CURRENT_DATE + INTERVAL '3 days', NULL, 108, 15000.00, 'confirmed', 950000.00);
INSERT INTO order_details (order_detail_id, order_id, product_id, quantity, price, discount, total_amount) VALUES (735, 377, 167, 2, 550000.00, 15.00, 935000.00);
INSERT INTO payments (payment_id, order_id, payment_method, payment_date, amount, status) VALUES (377, 377, 'MOMO', NULL, 950000.00, 'pending');
INSERT INTO deliveries (delivery_id, order_id, carrier_id, shipper_id, delivery_status, tracking_num, ship_address, estimated_delivery_date) VALUES (226, 377, 2, 47, 'picking', 'TRACK377479', '8374 Truong Meadow', CURRENT_DATE + INTERVAL '2 days');
INSERT INTO orders (order_id, user_id, order_date, required_date, shipped_date, ship_address_id, freight, status, total_amount) VALUES (378, 22, '2026-05-08 17:52:04', CURRENT_DATE + INTERVAL '3 days', NULL, 387, 15000.00, 'confirmed', 2662500.00);
INSERT INTO order_details (order_detail_id, order_id, product_id, quantity, price, discount, total_amount) VALUES (736, 378, 10, 1, 250000.00, 10.00, 225000.00);
INSERT INTO order_details (order_detail_id, order_id, product_id, quantity, price, discount, total_amount) VALUES (737, 378, 37, 1, 850000.00, 5.00, 807500.00);
INSERT INTO order_details (order_detail_id, order_id, product_id, quantity, price, discount, total_amount) VALUES (738, 378, 141, 2, 950000.00, 15.00, 1615000.00);
INSERT INTO payments (payment_id, order_id, payment_method, payment_date, amount, status) VALUES (378, 378, 'COD', NULL, 2662500.00, 'pending');
INSERT INTO deliveries (delivery_id, order_id, carrier_id, shipper_id, delivery_status, tracking_num, ship_address, estimated_delivery_date) VALUES (227, 378, 2, 47, 'picking', 'TRACK378934', '973 To Spurs', CURRENT_DATE + INTERVAL '2 days');
INSERT INTO orders (order_id, user_id, order_date, required_date, shipped_date, ship_address_id, freight, status, total_amount) VALUES (379, 67, '2026-05-24 01:41:58', CURRENT_DATE + INTERVAL '3 days', NULL, 58, 15000.00, 'confirmed', 2690000.00);
INSERT INTO order_details (order_detail_id, order_id, product_id, quantity, price, discount, total_amount) VALUES (739, 379, 156, 1, 850000.00, 0.00, 850000.00);
INSERT INTO order_details (order_detail_id, order_id, product_id, quantity, price, discount, total_amount) VALUES (740, 379, 141, 1, 550000.00, 0.00, 550000.00);
INSERT INTO order_details (order_detail_id, order_id, product_id, quantity, price, discount, total_amount) VALUES (741, 379, 25, 2, 750000.00, 15.00, 1275000.00);
INSERT INTO payments (payment_id, order_id, payment_method, payment_date, amount, status) VALUES (379, 379, 'COD', NULL, 2690000.00, 'pending');
INSERT INTO deliveries (delivery_id, order_id, carrier_id, shipper_id, delivery_status, tracking_num, ship_address, estimated_delivery_date) VALUES (228, 379, 4, 39, 'picking', 'TRACK379227', '51858 Tran Ford', CURRENT_DATE + INTERVAL '2 days');
INSERT INTO orders (order_id, user_id, order_date, required_date, shipped_date, ship_address_id, freight, status, total_amount) VALUES (380, 203, '2026-06-01 11:56:40', CURRENT_DATE + INTERVAL '3 days', NULL, 405, 20000.00, 'cancelled', 2727500.00);
INSERT INTO order_details (order_detail_id, order_id, product_id, quantity, price, discount, total_amount) VALUES (742, 380, 76, 2, 550000.00, 5.00, 1045000.00);
INSERT INTO order_details (order_detail_id, order_id, product_id, quantity, price, discount, total_amount) VALUES (743, 380, 8, 1, 1050000.00, 5.00, 997500.00);
INSERT INTO order_details (order_detail_id, order_id, product_id, quantity, price, discount, total_amount) VALUES (744, 380, 20, 2, 350000.00, 5.00, 665000.00);
INSERT INTO payments (payment_id, order_id, payment_method, payment_date, amount, status) VALUES (380, 380, 'PAYPAL', NULL, 2727500.00, 'failed');
INSERT INTO orders (order_id, user_id, order_date, required_date, shipped_date, ship_address_id, freight, status, total_amount) VALUES (381, 41, '2026-05-12 21:30:45', CURRENT_DATE + INTERVAL '3 days', NULL, 429, 30000.00, 'shipping', 2490000.00);
INSERT INTO order_details (order_detail_id, order_id, product_id, quantity, price, discount, total_amount) VALUES (745, 381, 51, 1, 450000.00, 10.00, 405000.00);
INSERT INTO order_details (order_detail_id, order_id, product_id, quantity, price, discount, total_amount) VALUES (746, 381, 145, 1, 950000.00, 0.00, 950000.00);
INSERT INTO order_details (order_detail_id, order_id, product_id, quantity, price, discount, total_amount) VALUES (747, 381, 32, 2, 650000.00, 15.00, 1105000.00);
INSERT INTO payments (payment_id, order_id, payment_method, payment_date, amount, status) VALUES (381, 381, 'VNPAY', NULL, 2490000.00, 'pending');
INSERT INTO deliveries (delivery_id, order_id, carrier_id, shipper_id, delivery_status, tracking_num, ship_address, estimated_delivery_date) VALUES (229, 381, 3, 21, 'shipping', 'TRACK381707', '46240 Trieu Fields', CURRENT_DATE + INTERVAL '2 days');
INSERT INTO orders (order_id, user_id, order_date, required_date, shipped_date, ship_address_id, freight, status, total_amount) VALUES (382, 87, '2026-06-01 06:37:51', CURRENT_DATE + INTERVAL '3 days', CURRENT_DATE, 99, 30000.00, 'delivered', 2330000.00);
INSERT INTO order_details (order_detail_id, order_id, product_id, quantity, price, discount, total_amount) VALUES (748, 382, 128, 1, 750000.00, 15.00, 637500.00);
INSERT INTO order_details (order_detail_id, order_id, product_id, quantity, price, discount, total_amount) VALUES (749, 382, 99, 1, 1050000.00, 5.00, 997500.00);
INSERT INTO order_details (order_detail_id, order_id, product_id, quantity, price, discount, total_amount) VALUES (750, 382, 58, 2, 350000.00, 5.00, 665000.00);
INSERT INTO payments (payment_id, order_id, payment_method, payment_date, amount, status) VALUES (382, 382, 'COD', CURRENT_TIMESTAMP, 2330000.00, 'completed');
INSERT INTO deliveries (delivery_id, order_id, carrier_id, shipper_id, delivery_status, tracking_num, ship_address, estimated_delivery_date) VALUES (230, 382, 2, 22, 'delivered', 'TRACK382239', '4910 Lam Villages', CURRENT_DATE + INTERVAL '2 days');
INSERT INTO orders (order_id, user_id, order_date, required_date, shipped_date, ship_address_id, freight, status, total_amount) VALUES (383, 34, '2026-05-13 12:20:08', CURRENT_DATE + INTERVAL '3 days', NULL, 418, 20000.00, 'pending', 1295000.00);
INSERT INTO order_details (order_detail_id, order_id, product_id, quantity, price, discount, total_amount) VALUES (751, 383, 67, 2, 750000.00, 15.00, 1275000.00);
INSERT INTO payments (payment_id, order_id, payment_method, payment_date, amount, status) VALUES (383, 383, 'BANKING', NULL, 1295000.00, 'pending');
INSERT INTO orders (order_id, user_id, order_date, required_date, shipped_date, ship_address_id, freight, status, total_amount) VALUES (384, 228, '2026-05-26 15:40:09', CURRENT_DATE + INTERVAL '3 days', NULL, 431, 20000.00, 'shipping', 155000.00);
INSERT INTO order_details (order_detail_id, order_id, product_id, quantity, price, discount, total_amount) VALUES (752, 384, 45, 1, 150000.00, 10.00, 135000.00);
INSERT INTO payments (payment_id, order_id, payment_method, payment_date, amount, status) VALUES (384, 384, 'MOMO', NULL, 155000.00, 'pending');
INSERT INTO deliveries (delivery_id, order_id, carrier_id, shipper_id, delivery_status, tracking_num, ship_address, estimated_delivery_date) VALUES (231, 384, 1, 47, 'shipping', 'TRACK384212', '798 To Islands', CURRENT_DATE + INTERVAL '2 days');
INSERT INTO orders (order_id, user_id, order_date, required_date, shipped_date, ship_address_id, freight, status, total_amount) VALUES (385, 284, '2026-05-15 04:08:16', CURRENT_DATE + INTERVAL '3 days', NULL, 102, 15000.00, 'pending', 3287500.00);
INSERT INTO order_details (order_detail_id, order_id, product_id, quantity, price, discount, total_amount) VALUES (753, 385, 146, 2, 850000.00, 15.00, 1445000.00);
INSERT INTO order_details (order_detail_id, order_id, product_id, quantity, price, discount, total_amount) VALUES (754, 385, 104, 1, 650000.00, 15.00, 552500.00);
INSERT INTO order_details (order_detail_id, order_id, product_id, quantity, price, discount, total_amount) VALUES (755, 385, 26, 2, 750000.00, 15.00, 1275000.00);
INSERT INTO payments (payment_id, order_id, payment_method, payment_date, amount, status) VALUES (385, 385, 'BANKING', NULL, 3287500.00, 'pending');
INSERT INTO orders (order_id, user_id, order_date, required_date, shipped_date, ship_address_id, freight, status, total_amount) VALUES (386, 11, '2026-05-28 16:16:12', CURRENT_DATE + INTERVAL '3 days', NULL, 411, 20000.00, 'confirmed', 1540000.00);
INSERT INTO order_details (order_detail_id, order_id, product_id, quantity, price, discount, total_amount) VALUES (756, 386, 125, 2, 650000.00, 5.00, 1235000.00);
INSERT INTO order_details (order_detail_id, order_id, product_id, quantity, price, discount, total_amount) VALUES (757, 386, 186, 2, 150000.00, 5.00, 285000.00);
INSERT INTO payments (payment_id, order_id, payment_method, payment_date, amount, status) VALUES (386, 386, 'BANKING', NULL, 1540000.00, 'pending');
INSERT INTO deliveries (delivery_id, order_id, carrier_id, shipper_id, delivery_status, tracking_num, ship_address, estimated_delivery_date) VALUES (232, 386, 3, 38, 'picking', 'TRACK386529', '1362 Nguyen River', CURRENT_DATE + INTERVAL '2 days');
INSERT INTO orders (order_id, user_id, order_date, required_date, shipped_date, ship_address_id, freight, status, total_amount) VALUES (387, 49, '2026-05-12 15:15:40', CURRENT_DATE + INTERVAL '3 days', NULL, 283, 35000.00, 'shipping', 3355000.00);
INSERT INTO order_details (order_detail_id, order_id, product_id, quantity, price, discount, total_amount) VALUES (758, 387, 59, 2, 950000.00, 5.00, 1805000.00);
INSERT INTO order_details (order_detail_id, order_id, product_id, quantity, price, discount, total_amount) VALUES (759, 387, 115, 2, 450000.00, 15.00, 765000.00);
INSERT INTO order_details (order_detail_id, order_id, product_id, quantity, price, discount, total_amount) VALUES (760, 387, 80, 1, 750000.00, 0.00, 750000.00);
INSERT INTO payments (payment_id, order_id, payment_method, payment_date, amount, status) VALUES (387, 387, 'VNPAY', NULL, 3355000.00, 'pending');
INSERT INTO deliveries (delivery_id, order_id, carrier_id, shipper_id, delivery_status, tracking_num, ship_address, estimated_delivery_date) VALUES (233, 387, 3, 18, 'shipping', 'TRACK387508', '49800 Mai Village', CURRENT_DATE + INTERVAL '2 days');
INSERT INTO orders (order_id, user_id, order_date, required_date, shipped_date, ship_address_id, freight, status, total_amount) VALUES (388, 235, '2026-05-11 02:33:45', CURRENT_DATE + INTERVAL '3 days', CURRENT_DATE, 202, 20000.00, 'delivered', 1525000.00);
INSERT INTO order_details (order_detail_id, order_id, product_id, quantity, price, discount, total_amount) VALUES (761, 388, 163, 2, 650000.00, 5.00, 1235000.00);
INSERT INTO order_details (order_detail_id, order_id, product_id, quantity, price, discount, total_amount) VALUES (762, 388, 66, 2, 150000.00, 10.00, 270000.00);
INSERT INTO payments (payment_id, order_id, payment_method, payment_date, amount, status) VALUES (388, 388, 'BANKING', CURRENT_TIMESTAMP, 1525000.00, 'completed');
INSERT INTO deliveries (delivery_id, order_id, carrier_id, shipper_id, delivery_status, tracking_num, ship_address, estimated_delivery_date) VALUES (234, 388, 2, 37, 'delivered', 'TRACK388645', '30915 Mai Crossing', CURRENT_DATE + INTERVAL '2 days');
INSERT INTO orders (order_id, user_id, order_date, required_date, shipped_date, ship_address_id, freight, status, total_amount) VALUES (389, 274, '2026-06-01 16:54:42', CURRENT_DATE + INTERVAL '3 days', NULL, 397, 25000.00, 'confirmed', 1650000.00);
INSERT INTO order_details (order_detail_id, order_id, product_id, quantity, price, discount, total_amount) VALUES (763, 389, 22, 1, 450000.00, 0.00, 450000.00);
INSERT INTO order_details (order_detail_id, order_id, product_id, quantity, price, discount, total_amount) VALUES (764, 389, 147, 2, 250000.00, 5.00, 475000.00);
INSERT INTO order_details (order_detail_id, order_id, product_id, quantity, price, discount, total_amount) VALUES (765, 389, 176, 2, 350000.00, 0.00, 700000.00);
INSERT INTO payments (payment_id, order_id, payment_method, payment_date, amount, status) VALUES (389, 389, 'MOMO', NULL, 1650000.00, 'pending');
INSERT INTO deliveries (delivery_id, order_id, carrier_id, shipper_id, delivery_status, tracking_num, ship_address, estimated_delivery_date) VALUES (235, 389, 1, 37, 'picking', 'TRACK389525', '2622 Lam Estate', CURRENT_DATE + INTERVAL '2 days');
INSERT INTO orders (order_id, user_id, order_date, required_date, shipped_date, ship_address_id, freight, status, total_amount) VALUES (390, 84, '2026-06-01 21:18:19', CURRENT_DATE + INTERVAL '3 days', NULL, 10, 25000.00, 'cancelled', 1350000.00);
INSERT INTO order_details (order_detail_id, order_id, product_id, quantity, price, discount, total_amount) VALUES (766, 390, 100, 2, 450000.00, 0.00, 900000.00);
INSERT INTO order_details (order_detail_id, order_id, product_id, quantity, price, discount, total_amount) VALUES (767, 390, 173, 2, 250000.00, 15.00, 425000.00);
INSERT INTO payments (payment_id, order_id, payment_method, payment_date, amount, status) VALUES (390, 390, 'COD', NULL, 1350000.00, 'failed');
INSERT INTO orders (order_id, user_id, order_date, required_date, shipped_date, ship_address_id, freight, status, total_amount) VALUES (391, 14, '2026-05-31 21:31:20', CURRENT_DATE + INTERVAL '3 days', CURRENT_DATE, 386, 35000.00, 'delivered', 1107500.00);
INSERT INTO order_details (order_detail_id, order_id, product_id, quantity, price, discount, total_amount) VALUES (768, 391, 31, 1, 1050000.00, 10.00, 945000.00);
INSERT INTO order_details (order_detail_id, order_id, product_id, quantity, price, discount, total_amount) VALUES (769, 391, 158, 1, 150000.00, 15.00, 127500.00);
INSERT INTO payments (payment_id, order_id, payment_method, payment_date, amount, status) VALUES (391, 391, 'BANKING', CURRENT_TIMESTAMP, 1107500.00, 'completed');
INSERT INTO deliveries (delivery_id, order_id, carrier_id, shipper_id, delivery_status, tracking_num, ship_address, estimated_delivery_date) VALUES (236, 391, 2, 19, 'delivered', 'TRACK391057', '9298 Minh Path', CURRENT_DATE + INTERVAL '2 days');
INSERT INTO reviews (review_id, user_id, product_id, rating, comment, review_date) VALUES (391, 14, 180, 4, 'San pham dong goi can than, giao hang Gen Z sieu nhanh, chat luong tuyet voi so voi tam gia!', '2026-05-31 21:31:20');
INSERT INTO orders (order_id, user_id, order_date, required_date, shipped_date, ship_address_id, freight, status, total_amount) VALUES (392, 208, '2026-05-17 02:03:27', CURRENT_DATE + INTERVAL '3 days', CURRENT_DATE, 72, 15000.00, 'delivered', 1417500.00);
INSERT INTO order_details (order_detail_id, order_id, product_id, quantity, price, discount, total_amount) VALUES (770, 392, 84, 2, 150000.00, 10.00, 270000.00);
INSERT INTO order_details (order_detail_id, order_id, product_id, quantity, price, discount, total_amount) VALUES (771, 392, 123, 1, 550000.00, 10.00, 495000.00);
INSERT INTO order_details (order_detail_id, order_id, product_id, quantity, price, discount, total_amount) VALUES (772, 392, 74, 1, 750000.00, 15.00, 637500.00);
INSERT INTO payments (payment_id, order_id, payment_method, payment_date, amount, status) VALUES (392, 392, 'MOMO', CURRENT_TIMESTAMP, 1417500.00, 'completed');
INSERT INTO deliveries (delivery_id, order_id, carrier_id, shipper_id, delivery_status, tracking_num, ship_address, estimated_delivery_date) VALUES (237, 392, 1, 29, 'delivered', 'TRACK392843', '3512 Tran Fork', CURRENT_DATE + INTERVAL '2 days');
INSERT INTO orders (order_id, user_id, order_date, required_date, shipped_date, ship_address_id, freight, status, total_amount) VALUES (393, 248, '2026-05-19 16:59:25', CURRENT_DATE + INTERVAL '3 days', CURRENT_DATE, 36, 15000.00, 'delivered', 1130000.00);
INSERT INTO order_details (order_detail_id, order_id, product_id, quantity, price, discount, total_amount) VALUES (773, 393, 200, 2, 450000.00, 15.00, 765000.00);
INSERT INTO order_details (order_detail_id, order_id, product_id, quantity, price, discount, total_amount) VALUES (774, 393, 27, 1, 350000.00, 0.00, 350000.00);
INSERT INTO payments (payment_id, order_id, payment_method, payment_date, amount, status) VALUES (393, 393, 'PAYPAL', CURRENT_TIMESTAMP, 1130000.00, 'completed');
INSERT INTO deliveries (delivery_id, order_id, carrier_id, shipper_id, delivery_status, tracking_num, ship_address, estimated_delivery_date) VALUES (238, 393, 3, 41, 'delivered', 'TRACK393260', '54944 Ly Crescent', CURRENT_DATE + INTERVAL '2 days');
INSERT INTO orders (order_id, user_id, order_date, required_date, shipped_date, ship_address_id, freight, status, total_amount) VALUES (394, 298, '2026-05-18 14:46:33', CURRENT_DATE + INTERVAL '3 days', NULL, 315, 15000.00, 'shipping', 3555000.00);
INSERT INTO order_details (order_detail_id, order_id, product_id, quantity, price, discount, total_amount) VALUES (775, 394, 109, 2, 250000.00, 15.00, 425000.00);
INSERT INTO order_details (order_detail_id, order_id, product_id, quantity, price, discount, total_amount) VALUES (776, 394, 149, 2, 950000.00, 15.00, 1615000.00);
INSERT INTO order_details (order_detail_id, order_id, product_id, quantity, price, discount, total_amount) VALUES (777, 394, 49, 2, 750000.00, 0.00, 1500000.00);
INSERT INTO payments (payment_id, order_id, payment_method, payment_date, amount, status) VALUES (394, 394, 'BANKING', NULL, 3555000.00, 'pending');
INSERT INTO deliveries (delivery_id, order_id, carrier_id, shipper_id, delivery_status, tracking_num, ship_address, estimated_delivery_date) VALUES (239, 394, 4, 1, 'shipping', 'TRACK394730', '03611 Tran Locks', CURRENT_DATE + INTERVAL '2 days');
INSERT INTO orders (order_id, user_id, order_date, required_date, shipped_date, ship_address_id, freight, status, total_amount) VALUES (395, 26, '2026-05-22 22:34:28', CURRENT_DATE + INTERVAL '3 days', CURRENT_DATE, 147, 35000.00, 'delivered', 585000.00);
INSERT INTO order_details (order_detail_id, order_id, product_id, quantity, price, discount, total_amount) VALUES (778, 395, 145, 1, 550000.00, 0.00, 550000.00);
INSERT INTO payments (payment_id, order_id, payment_method, payment_date, amount, status) VALUES (395, 395, 'BANKING', CURRENT_TIMESTAMP, 585000.00, 'completed');
INSERT INTO deliveries (delivery_id, order_id, carrier_id, shipper_id, delivery_status, tracking_num, ship_address, estimated_delivery_date) VALUES (240, 395, 2, 26, 'delivered', 'TRACK395136', '63761 To Summit', CURRENT_DATE + INTERVAL '2 days');
INSERT INTO orders (order_id, user_id, order_date, required_date, shipped_date, ship_address_id, freight, status, total_amount) VALUES (396, 91, '2026-05-06 12:50:04', CURRENT_DATE + INTERVAL '3 days', NULL, 217, 20000.00, 'cancelled', 2682500.00);
INSERT INTO order_details (order_detail_id, order_id, product_id, quantity, price, discount, total_amount) VALUES (779, 396, 54, 2, 650000.00, 10.00, 1170000.00);
INSERT INTO order_details (order_detail_id, order_id, product_id, quantity, price, discount, total_amount) VALUES (780, 396, 137, 1, 1050000.00, 5.00, 997500.00);
INSERT INTO order_details (order_detail_id, order_id, product_id, quantity, price, discount, total_amount) VALUES (781, 396, 22, 1, 550000.00, 10.00, 495000.00);
INSERT INTO payments (payment_id, order_id, payment_method, payment_date, amount, status) VALUES (396, 396, 'VNPAY', NULL, 2682500.00, 'failed');
INSERT INTO orders (order_id, user_id, order_date, required_date, shipped_date, ship_address_id, freight, status, total_amount) VALUES (397, 224, '2026-05-20 06:26:49', CURRENT_DATE + INTERVAL '3 days', CURRENT_DATE, 95, 20000.00, 'delivered', 290000.00);
INSERT INTO order_details (order_detail_id, order_id, product_id, quantity, price, discount, total_amount) VALUES (782, 397, 49, 2, 150000.00, 10.00, 270000.00);
INSERT INTO payments (payment_id, order_id, payment_method, payment_date, amount, status) VALUES (397, 397, 'PAYPAL', CURRENT_TIMESTAMP, 290000.00, 'completed');
INSERT INTO deliveries (delivery_id, order_id, carrier_id, shipper_id, delivery_status, tracking_num, ship_address, estimated_delivery_date) VALUES (241, 397, 4, 30, 'delivered', 'TRACK397993', '046 Mai Roads', CURRENT_DATE + INTERVAL '2 days');
INSERT INTO orders (order_id, user_id, order_date, required_date, shipped_date, ship_address_id, freight, status, total_amount) VALUES (398, 111, '2026-05-08 06:33:35', CURRENT_DATE + INTERVAL '3 days', NULL, 179, 15000.00, 'confirmed', 2952500.00);
INSERT INTO order_details (order_detail_id, order_id, product_id, quantity, price, discount, total_amount) VALUES (783, 398, 68, 1, 750000.00, 5.00, 712500.00);
INSERT INTO order_details (order_detail_id, order_id, product_id, quantity, price, discount, total_amount) VALUES (784, 398, 124, 2, 550000.00, 10.00, 990000.00);
INSERT INTO order_details (order_detail_id, order_id, product_id, quantity, price, discount, total_amount) VALUES (785, 398, 198, 2, 650000.00, 5.00, 1235000.00);
INSERT INTO payments (payment_id, order_id, payment_method, payment_date, amount, status) VALUES (398, 398, 'MOMO', NULL, 2952500.00, 'pending');
INSERT INTO deliveries (delivery_id, order_id, carrier_id, shipper_id, delivery_status, tracking_num, ship_address, estimated_delivery_date) VALUES (242, 398, 1, 22, 'picking', 'TRACK398488', '975 Do Mill', CURRENT_DATE + INTERVAL '2 days');
INSERT INTO orders (order_id, user_id, order_date, required_date, shipped_date, ship_address_id, freight, status, total_amount) VALUES (399, 65, '2026-05-20 22:13:11', CURRENT_DATE + INTERVAL '3 days', NULL, 97, 25000.00, 'confirmed', 1210000.00);
INSERT INTO order_details (order_detail_id, order_id, product_id, quantity, price, discount, total_amount) VALUES (786, 399, 122, 2, 450000.00, 0.00, 900000.00);
INSERT INTO order_details (order_detail_id, order_id, product_id, quantity, price, discount, total_amount) VALUES (787, 399, 98, 2, 150000.00, 5.00, 285000.00);
INSERT INTO payments (payment_id, order_id, payment_method, payment_date, amount, status) VALUES (399, 399, 'COD', NULL, 1210000.00, 'pending');
INSERT INTO deliveries (delivery_id, order_id, carrier_id, shipper_id, delivery_status, tracking_num, ship_address, estimated_delivery_date) VALUES (243, 399, 4, 11, 'picking', 'TRACK399956', '125 Vuong Burgs', CURRENT_DATE + INTERVAL '2 days');
INSERT INTO orders (order_id, user_id, order_date, required_date, shipped_date, ship_address_id, freight, status, total_amount) VALUES (400, 298, '2026-05-21 12:44:31', CURRENT_DATE + INTERVAL '3 days', NULL, 47, 30000.00, 'pending', 1100000.00);
INSERT INTO order_details (order_detail_id, order_id, product_id, quantity, price, discount, total_amount) VALUES (788, 400, 121, 1, 550000.00, 10.00, 495000.00);
INSERT INTO order_details (order_detail_id, order_id, product_id, quantity, price, discount, total_amount) VALUES (789, 400, 179, 1, 150000.00, 0.00, 150000.00);
INSERT INTO order_details (order_detail_id, order_id, product_id, quantity, price, discount, total_amount) VALUES (790, 400, 72, 2, 250000.00, 15.00, 425000.00);
INSERT INTO payments (payment_id, order_id, payment_method, payment_date, amount, status) VALUES (400, 400, 'PAYPAL', NULL, 1100000.00, 'pending');

-- ====================================================================
-- HOAN TAT SINH TAP DU LIEU DONG BO CHO SAN THUONG MAI DIEN TU !
-- ====================================================================
